source_id	page_id	revision_id	revision_timestamp	revision_sha1	title	canonical_url	revision_url	wiki_region	ap_regions	notable_loot_links	disposition
wiki:eldenpedia:page-62:revision-82794	62	82794	2025-04-21T11:58:29Z	70ca95dafedc8c6d87e2360bcc728b4c812153d9	Sage's Cave	https://eldenring.wiki.gg/wiki/Sage's_Cave	https://eldenring.wiki.gg/w/index.php?oldid=82794	Altus Plateau	Altus,Leyndell	15	lead_only
wiki:eldenpedia:page-71:revision-101011	71	101011	2026-08-29T20:26:47Z	9477f4dc6540910c711700eaa85fed136c9119c5	Wailing Dunes	https://eldenring.wiki.gg/wiki/Wailing_Dunes	https://eldenring.wiki.gg/w/index.php?oldid=101011	Caelid	Caelid	1	lead_only
wiki:eldenpedia:page-76:revision-302	76	302	2024-08-27T15:52:42Z	774f6636f334d01c3ca88a0f17ff95a9bf0a214a	Frenzy-Flaming Tower	https://eldenring.wiki.gg/wiki/Frenzy-Flaming_Tower	https://eldenring.wiki.gg/w/index.php?oldid=302			1	lead_only
wiki:eldenpedia:page-215:revision-761	215	761	2023-08-27T12:30:57Z	a899c7e6e9d0d78707cbc71b844c6de8e84e7ba7	Seethewater Cave	https://eldenring.wiki.gg/wiki/Seethewater_Cave	https://eldenring.wiki.gg/w/index.php?oldid=761	Mt. Gelmir	Mt. Gelmir	8	lead_only
wiki:eldenpedia:page-245:revision-862	245	862	2023-08-27T12:42:35Z	12b79d613486528867a7590c0ea8fcd6f17fee2d	Stormcaller Church	https://eldenring.wiki.gg/wiki/Stormcaller_Church	https://eldenring.wiki.gg/w/index.php?oldid=862	Altus Plateau	Altus,Leyndell	3	lead_only
wiki:eldenpedia:page-268:revision-935	268	935	2023-08-27T12:38:05Z	b6f1ed05b0900f04810ebc6ec74771d8b6d8aa12	Highway Lookout Tower (Liurnia)	https://eldenring.wiki.gg/wiki/Highway_Lookout_Tower_(Liurnia)	https://eldenring.wiki.gg/w/index.php?oldid=935			3	lead_only
wiki:eldenpedia:page-340:revision-1146	340	1146	2023-08-27T12:22:36Z	e1cb4dce0356eaf34ec5e2b8d37e94cf8be42977	Leyndell Catacombs	https://eldenring.wiki.gg/wiki/Leyndell_Catacombs	https://eldenring.wiki.gg/w/index.php?oldid=1146	Leyndell, Royal Capital	Leyndell,Sewer	7	lead_only
wiki:eldenpedia:page-413:revision-95021	413	95021	2025-07-21T07:29:34Z	9a5b7471b32472ef608b8b1476a29857270969c7	Weeping Peninsula	https://eldenring.wiki.gg/wiki/Weeping_Peninsula	https://eldenring.wiki.gg/w/index.php?oldid=95021	Limgrave	Limgrave,Stormveil	0	lead_only
wiki:eldenpedia:page-461:revision-1675	461	1675	2023-08-27T12:24:47Z	873ecea5c140ab269a3a3fb060ddbc64365878bc	Artist's Shack (Liurnia)	https://eldenring.wiki.gg/wiki/Artist's_Shack_(Liurnia)	https://eldenring.wiki.gg/w/index.php?oldid=1675			2	lead_only
wiki:eldenpedia:page-565:revision-101157	565	101157	2026-09-01T16:37:53Z	b2dfba325038c9c6f0d819aa688147979dc04f6a	Perfumer's Grotto	https://eldenring.wiki.gg/wiki/Perfumer's_Grotto	https://eldenring.wiki.gg/w/index.php?oldid=101157	Altus Plateau	Altus,Leyndell	7	lead_only
wiki:eldenpedia:page-572:revision-2056	572	2056	2023-08-27T12:29:07Z	bc96c09beb069226b7fecc961a87563b0a10cce0	Converted Fringe Tower	https://eldenring.wiki.gg/wiki/Converted_Fringe_Tower	https://eldenring.wiki.gg/w/index.php?oldid=2056			3	lead_only
wiki:eldenpedia:page-577:revision-2086	577	2086	2024-06-29T16:53:34Z	9d5a0ece51ca9eb040012785a20e358cceac48fb	Malefactor's Evergaol	https://eldenring.wiki.gg/wiki/Malefactor's_Evergaol	https://eldenring.wiki.gg/w/index.php?oldid=2086			2	lead_only
wiki:eldenpedia:page-590:revision-84707	590	84707	2025-05-11T18:02:40Z	9ba3c7c01fb50300f63a76ce6e9c802b56ca95bf	Liurnia of the Lakes	https://eldenring.wiki.gg/wiki/Liurnia_of_the_Lakes	https://eldenring.wiki.gg/w/index.php?oldid=84707			0	lead_only
wiki:eldenpedia:page-618:revision-2229	618	2229	2023-08-26T09:16:28Z	b0a9942c6329ac2714dc4763a07d21add9471d80	Demi-Human Forest Ruins	https://eldenring.wiki.gg/wiki/Demi-Human_Forest_Ruins	https://eldenring.wiki.gg/w/index.php?oldid=2229			3	lead_only
wiki:eldenpedia:page-636:revision-2287	636	2287	2023-03-08T20:01:58Z	692ed890ba4df8fa6450196baf7b4fb73d2556c7	Mistwood Ruins	https://eldenring.wiki.gg/wiki/Mistwood_Ruins	https://eldenring.wiki.gg/w/index.php?oldid=2287			2	lead_only
wiki:eldenpedia:page-696:revision-2488	696	2488	2023-12-31T23:17:27Z	28a7ecfc14f23677ef70647dcc881ba5fc8a8a99	Jarburg	https://eldenring.wiki.gg/wiki/Jarburg	https://eldenring.wiki.gg/w/index.php?oldid=2488			3	lead_only
wiki:eldenpedia:page-773:revision-69852	773	69852	2024-12-25T03:28:50Z	9a0ed8dd0f95d06f587aa7e7ba5459dd499a2599	Jagged Peak	https://eldenring.wiki.gg/wiki/Jagged_Peak	https://eldenring.wiki.gg/w/index.php?oldid=69852			0	lead_only
wiki:eldenpedia:page-825:revision-3140	825	3140	2023-08-27T12:26:37Z	9f2947c2a2e9c2bd85eaf2ef2f4fa4d715e6a2c7	Minor Erdtree (Capital Outskirts)	https://eldenring.wiki.gg/wiki/Minor_Erdtree_(Capital_Outskirts)	https://eldenring.wiki.gg/w/index.php?oldid=3140	Capital Outskirts	Altus	2	lead_only
wiki:eldenpedia:page-830:revision-96307	830	96307	2025-08-18T05:56:57Z	f006ca994a63770d1f65300b09439080721e09e8	Roundtable Hold	https://eldenring.wiki.gg/wiki/Roundtable_Hold	https://eldenring.wiki.gg/w/index.php?oldid=96307			4	lead_only
wiki:eldenpedia:page-842:revision-68986	842	68986	2024-12-12T20:54:20Z	a49688149713699e9db959a75dcb26d8a3dc3e19	Swamp of Aeonia	https://eldenring.wiki.gg/wiki/Swamp_of_Aeonia	https://eldenring.wiki.gg/w/index.php?oldid=68986	Caelid	Caelid	4	lead_only
wiki:eldenpedia:page-948:revision-3597	948	3597	2023-08-26T10:39:38Z	740d1bd1b729a08b782fe792ab79665fb71a6bba	Hidden Path to the Haligtree	https://eldenring.wiki.gg/wiki/Hidden_Path_to_the_Haligtree	https://eldenring.wiki.gg/w/index.php?oldid=3597	Consecrated Snowfield	Consecrated Snowfield	12	lead_only
wiki:eldenpedia:page-992:revision-3807	992	3807	2023-08-27T12:29:27Z	c3cadb845b69570e0d3fb003ef343fa53a1c3718	East Windmill Pasture	https://eldenring.wiki.gg/wiki/East_Windmill_Pasture	https://eldenring.wiki.gg/w/index.php?oldid=3807	Altus Plateau	Altus,Leyndell	3	lead_only
wiki:eldenpedia:page-1118:revision-4341	1118	4341	2024-06-29T16:58:48Z	6b2a9423063b60046a7eb5d69c75bdf5265be528	Sellia Evergaol	https://eldenring.wiki.gg/wiki/Sellia_Evergaol	https://eldenring.wiki.gg/w/index.php?oldid=4341	Greyoll's Dragonbarrow	Caelid	2	lead_only
wiki:eldenpedia:page-1228:revision-85076	1228	85076	2025-05-20T19:35:41Z	ecea4b4a867eab67653415abe063ae81f54e9618	Palace Approach Ledge-Road	https://eldenring.wiki.gg/wiki/Palace_Approach_Ledge-Road	https://eldenring.wiki.gg/w/index.php?oldid=85076	Siofra River	Siofra River,Mohgwyn	0	lead_only
wiki:eldenpedia:page-1259:revision-4984	1259	4984	2023-08-27T12:36:35Z	32ef6505fea69540a4666b2ddfb33054deef7a36	Woodfolk Ruins	https://eldenring.wiki.gg/wiki/Woodfolk_Ruins	https://eldenring.wiki.gg/w/index.php?oldid=4984	Altus Plateau	Altus,Leyndell	9	lead_only
wiki:eldenpedia:page-1295:revision-5123	1295	5123	2023-08-27T12:27:57Z	9fbe576e0df4f83a9727fa7d88395cf8d1127fca	Sainted Hero's Grave	https://eldenring.wiki.gg/wiki/Sainted_Hero's_Grave	https://eldenring.wiki.gg/w/index.php?oldid=5123	Altus Plateau	Altus,Leyndell	11	lead_only
wiki:eldenpedia:page-1299:revision-65359	1299	65359	2024-10-27T00:37:43Z	3a7e78f4ef2b8ccf1a44d8edc4ee54614f4ef30f	Consecrated Snowfield	https://eldenring.wiki.gg/wiki/Consecrated_Snowfield	https://eldenring.wiki.gg/w/index.php?oldid=65359	Mountaintops of the Giants	Mountaintops of the Giants	0	lead_only
wiki:eldenpedia:page-1327:revision-68951	1327	68951	2024-12-11T17:45:24Z	fab6c56b488a87087b7e5337344ca8380344e859	Mt. Gelmir	https://eldenring.wiki.gg/wiki/Mt._Gelmir	https://eldenring.wiki.gg/w/index.php?oldid=68951	Altus Plateau	Altus,Leyndell	0	lead_only
wiki:eldenpedia:page-1338:revision-83492	1338	83492	2025-05-01T14:30:03Z	7c4e196fb8d1dd236b3d5502dc3ea7a270cb0df5	Finger Ruins of Dheo	https://eldenring.wiki.gg/wiki/Finger_Ruins_of_Dheo	https://eldenring.wiki.gg/w/index.php?oldid=83492	Scaduview		0	lead_only
wiki:eldenpedia:page-1420:revision-70824	1420	70824	2025-01-16T15:14:54Z	cb5d748d090f123c5247f98fc77d5b75c58adb74	Miquella's Cross	https://eldenring.wiki.gg/wiki/Miquella's_Cross	https://eldenring.wiki.gg/w/index.php?oldid=70824			0	lead_only
wiki:eldenpedia:page-1527:revision-85195	1527	85195	2025-05-22T18:40:46Z	ea15104b4e4048c3819d2fc63c717e3c4b0f73c9	Realm of Shadow	https://eldenring.wiki.gg/wiki/Realm_of_Shadow	https://eldenring.wiki.gg/w/index.php?oldid=85195			0	lead_only
wiki:eldenpedia:page-1539:revision-5935	1539	5935	2023-08-27T12:13:33Z	645bd5beb72af1a452fad5edb3614b36336791a7	Albinauric Rise	https://eldenring.wiki.gg/wiki/Albinauric_Rise	https://eldenring.wiki.gg/w/index.php?oldid=5935	Consecrated Snowfield	Consecrated Snowfield	2	lead_only
wiki:eldenpedia:page-1572:revision-66617	1572	66617	2024-11-18T21:27:50Z	6fbf157c462b42e1688e9d1cff35f305485ead04	Dominula, Windmill Village	https://eldenring.wiki.gg/wiki/Dominula,_Windmill_Village	https://eldenring.wiki.gg/w/index.php?oldid=66617	Altus Plateau	Altus,Leyndell	8	lead_only
wiki:eldenpedia:page-1581:revision-6058	1581	6058	2023-07-11T16:42:12Z	901b562046bdd51ba9e4bc86af8e6df533507d97	Cave of Knowledge	https://eldenring.wiki.gg/wiki/Cave_of_Knowledge	https://eldenring.wiki.gg/w/index.php?oldid=6058			0	lead_only
wiki:eldenpedia:page-1641:revision-6222	1641	6222	2023-07-10T21:23:17Z	9e41d8191a628af053ddac5cbf5d91fab07dfe00	Gatefront Ruins	https://eldenring.wiki.gg/wiki/Gatefront_Ruins	https://eldenring.wiki.gg/w/index.php?oldid=6222			5	lead_only
wiki:eldenpedia:page-1666:revision-6347	1666	6347	2023-12-31T23:41:01Z	b460e406dd7f7818a6f9759235a8cfbec2e77eb5	Cathedral of Dragon Communion	https://eldenring.wiki.gg/wiki/Cathedral_of_Dragon_Communion	https://eldenring.wiki.gg/w/index.php?oldid=6347	Caelid	Caelid	1	lead_only
wiki:eldenpedia:page-1693:revision-6429	1693	6429	2023-08-26T08:45:20Z	92ddd1e63da79075b1b36f6d6d089f607eefaa39	Bestial Sanctum	https://eldenring.wiki.gg/wiki/Bestial_Sanctum	https://eldenring.wiki.gg/w/index.php?oldid=6429	Greyoll's Dragonbarrow	Caelid	4	lead_only
wiki:eldenpedia:page-1709:revision-6473	1709	6473	2023-08-26T09:23:18Z	936650b23a1623992b6351c600c39982dc26ff7c	Artist's Shack (Limgrave)	https://eldenring.wiki.gg/wiki/Artist's_Shack_(Limgrave)	https://eldenring.wiki.gg/w/index.php?oldid=6473			2	lead_only
wiki:eldenpedia:page-2176:revision-100537	2176	100537	2026-08-12T21:39:01Z	dd8b2dceb91af3c13d7898ce55c85fa8ca81ade2	Enir-Ilim	https://eldenring.wiki.gg/wiki/Enir-Ilim	https://eldenring.wiki.gg/w/index.php?oldid=100537			0	lead_only
wiki:eldenpedia:page-2178:revision-99719	2178	99719	2026-05-13T03:26:13Z	a3a4312a892819c67e91bac8eacadaebbf9537a2	Cemeteries	https://eldenring.wiki.gg/wiki/Cemeteries	https://eldenring.wiki.gg/w/index.php?oldid=99719			0	lead_only
wiki:eldenpedia:page-2179:revision-8316	2179	8316	2023-08-26T08:46:00Z	e7a26b7b467e9476b4fe18795b59b7d52b909ac3	Castle Sol	https://eldenring.wiki.gg/wiki/Castle_Sol	https://eldenring.wiki.gg/w/index.php?oldid=8316	Mountaintops of the Giants	Mountaintops of the Giants	19	lead_only
wiki:eldenpedia:page-2374:revision-73556	2374	73556	2025-02-26T16:51:16Z	ac45f3cfaf6464c4ca627553dc21e202d630c437	Hermit Merchant's Shack	https://eldenring.wiki.gg/wiki/Hermit_Merchant's_Shack	https://eldenring.wiki.gg/w/index.php?oldid=73556	Capital Outskirts	Altus	0	lead_only
wiki:eldenpedia:page-2393:revision-9278	2393	9278	2023-08-27T12:19:26Z	eb7434798c2d7f7ab45bdae77ba1fb11aaedb997	Second Church of Marika	https://eldenring.wiki.gg/wiki/Second_Church_of_Marika	https://eldenring.wiki.gg/w/index.php?oldid=9278	Altus Plateau	Altus,Leyndell	3	lead_only
wiki:eldenpedia:page-2394:revision-9280	2394	9280	2023-08-27T12:21:16Z	72352235a436f0f693a3a9f796e052078e660437	Heretical Rise	https://eldenring.wiki.gg/wiki/Heretical_Rise	https://eldenring.wiki.gg/w/index.php?oldid=9280	Mountaintops of the Giants	Mountaintops of the Giants	1	lead_only
wiki:eldenpedia:page-2427:revision-9399	2427	9399	2023-03-16T22:46:04Z	7d7ad4ea51eb13249e485db1ba891ebdff5aebae	Minor Erdtree (East Liurnia)	https://eldenring.wiki.gg/wiki/Minor_Erdtree_(East_Liurnia)	https://eldenring.wiki.gg/w/index.php?oldid=9399			3	lead_only
wiki:eldenpedia:page-2492:revision-9682	2492	9682	2023-08-27T12:23:57Z	b7aab93289a28e244ee6dd5b4dac986e0d165529	Lakeside Crystal Cave	https://eldenring.wiki.gg/wiki/Lakeside_Crystal_Cave	https://eldenring.wiki.gg/w/index.php?oldid=9682			7	lead_only
wiki:eldenpedia:page-2510:revision-9747	2510	9747	2024-08-11T19:32:21Z	93e27d7c4c61c0810cca3a5491d72ce9a7631e82	Underground River Wells	https://eldenring.wiki.gg/wiki/Underground_River_Wells	https://eldenring.wiki.gg/w/index.php?oldid=9747			0	lead_only
wiki:eldenpedia:page-2575:revision-9968	2575	9968	2023-08-27T12:29:57Z	94272247700a64976f3d89d4b845e2941744817e	First Church of Marika	https://eldenring.wiki.gg/wiki/First_Church_of_Marika	https://eldenring.wiki.gg/w/index.php?oldid=9968	Mountaintops of the Giants	Mountaintops of the Giants	2	lead_only
wiki:eldenpedia:page-2590:revision-84364	2590	84364	2025-05-07T17:05:09Z	c44ff6aa789d049988107110030225b9403f7b86	Limgrave Tunnels	https://eldenring.wiki.gg/wiki/Limgrave_Tunnels	https://eldenring.wiki.gg/w/index.php?oldid=84364	Limgrave	Limgrave,Stormveil	0	lead_only
wiki:eldenpedia:page-2684:revision-95013	2684	95013	2025-07-21T00:10:59Z	e612d38ad9e822105840067295e276ced3dec0de	Ordina, Liturgical Town	https://eldenring.wiki.gg/wiki/Ordina,_Liturgical_Town	https://eldenring.wiki.gg/w/index.php?oldid=95013	Consecrated Snowfield	Consecrated Snowfield	12	lead_only
wiki:eldenpedia:page-2788:revision-10875	2788	10875	2023-08-27T12:41:45Z	caf3660585238f6d3b48b311aa02c08435cbc397	Church of Inhibition	https://eldenring.wiki.gg/wiki/Church_of_Inhibition	https://eldenring.wiki.gg/w/index.php?oldid=10875			2	lead_only
wiki:eldenpedia:page-2812:revision-83533	2812	83533	2025-05-01T21:47:46Z	fab301138fcd8ea195136f08716fd80761a535c4	Lookout Towers	https://eldenring.wiki.gg/wiki/Lookout_Towers	https://eldenring.wiki.gg/w/index.php?oldid=83533			0	lead_only
wiki:eldenpedia:page-2996:revision-84318	2996	84318	2025-05-06T16:56:25Z	5fba5947e4d98580c5f40993f1a2d9873f63ce99	Scadu Altus	https://eldenring.wiki.gg/wiki/Scadu_Altus	https://eldenring.wiki.gg/w/index.php?oldid=84318			0	lead_only
wiki:eldenpedia:page-3029:revision-11708	3029	11708	2023-08-27T12:32:17Z	a1dbdd85d46329de3a94f08c4e03550fdd45b450	Caelem Ruins	https://eldenring.wiki.gg/wiki/Caelem_Ruins	https://eldenring.wiki.gg/w/index.php?oldid=11708	Caelid	Caelid	2	lead_only
wiki:eldenpedia:page-3118:revision-12090	3118	12090	2023-08-27T12:20:56Z	0e82bd20cc6d716ef01157c2a166050007233daa	Hermit Village	https://eldenring.wiki.gg/wiki/Hermit_Village	https://eldenring.wiki.gg/w/index.php?oldid=12090	Mt. Gelmir	Mt. Gelmir	6	lead_only
wiki:eldenpedia:page-3167:revision-68953	3167	68953	2024-12-11T19:07:25Z	4bef9ef87ddb7c64d006fccccc458380b361a6d2	Caelid	https://eldenring.wiki.gg/wiki/Caelid	https://eldenring.wiki.gg/w/index.php?oldid=68953			0	lead_only
wiki:eldenpedia:page-3192:revision-12414	3192	12414	2023-08-27T12:34:07Z	5c257bd1ce5ca3ebc449b1961ff2abf8e9f4ad64	Divine Tower of Limgrave	https://eldenring.wiki.gg/wiki/Divine_Tower_of_Limgrave	https://eldenring.wiki.gg/w/index.php?oldid=12414	Limgrave	Limgrave,Stormveil	5	lead_only
wiki:eldenpedia:page-3228:revision-12530	3228	12530	2024-06-29T16:58:05Z	a62ea92fff541df4bdc97ee21bf2882974307a31	Golden Lineage Evergaol	https://eldenring.wiki.gg/wiki/Golden_Lineage_Evergaol	https://eldenring.wiki.gg/w/index.php?oldid=12530	Altus Plateau	Altus,Leyndell	2	lead_only
wiki:eldenpedia:page-3271:revision-67063	3271	67063	2024-11-20T04:46:42Z	273d53377d36c881f07f93f54330f962c153d727	Stormhill	https://eldenring.wiki.gg/wiki/Stormhill	https://eldenring.wiki.gg/w/index.php?oldid=67063			4	lead_only
wiki:eldenpedia:page-3286:revision-13026	3286	13026	2023-08-27T12:38:15Z	823015376589ffaea9f6ab30c7766807fe55f216	Swamp Lookout Tower	https://eldenring.wiki.gg/wiki/Swamp_Lookout_Tower	https://eldenring.wiki.gg/w/index.php?oldid=13026	Caelid	Caelid	1	lead_only
wiki:eldenpedia:page-3312:revision-84182	3312	84182	2025-05-05T13:57:15Z	94ebbed4fa0f4beeebb271a39f604da97ca86e68	Gatefront	https://eldenring.wiki.gg/wiki/Gatefront	https://eldenring.wiki.gg/w/index.php?oldid=84182			0	lead_only
wiki:eldenpedia:page-3364:revision-70800	3364	70800	2025-01-16T04:24:49Z	62ca92e76577cea0310d26288369e43cb188397f	Frenzied Flame Village	https://eldenring.wiki.gg/wiki/Frenzied_Flame_Village	https://eldenring.wiki.gg/w/index.php?oldid=70800			9	lead_only
wiki:eldenpedia:page-3438:revision-13564	3438	13564	2024-06-21T04:46:23Z	ae4ae7732f4a97a00852a8ebe4d81b8c08d16a5a	The Shaded Castle	https://eldenring.wiki.gg/wiki/The_Shaded_Castle	https://eldenring.wiki.gg/w/index.php?oldid=13564	Altus Plateau	Altus,Leyndell	23	lead_only
wiki:eldenpedia:page-3552:revision-69855	3552	69855	2024-12-25T03:32:37Z	e7a143df26447b46dc5641e714a20b4d9197942e	Ancient Ruins of Rauh	https://eldenring.wiki.gg/wiki/Ancient_Ruins_of_Rauh	https://eldenring.wiki.gg/w/index.php?oldid=69855			0	lead_only
wiki:eldenpedia:page-3719:revision-82420	3719	82420	2025-04-07T21:12:20Z	fe673e7dab59d66c4d8d4f68265ef332ebc498f5	Coastal Cave	https://eldenring.wiki.gg/wiki/Coastal_Cave	https://eldenring.wiki.gg/w/index.php?oldid=82420			2	lead_only
wiki:eldenpedia:page-3737:revision-14650	3737	14650	2023-08-27T12:43:25Z	772286ae74820d7705ae025d49bfd720e817feec	Ailing Village	https://eldenring.wiki.gg/wiki/Ailing_Village	https://eldenring.wiki.gg/w/index.php?oldid=14650			1	lead_only
wiki:eldenpedia:page-3814:revision-14958	3814	14958	2024-01-20T08:15:03Z	27d2391e338c23ca5670ff8530894e02c68237fd	The Pit	https://eldenring.wiki.gg/wiki/The_Pit	https://eldenring.wiki.gg/w/index.php?oldid=14958	Limgrave	Limgrave,Stormveil	1	lead_only
wiki:eldenpedia:page-4025:revision-15763	4025	15763	2023-08-27T12:32:37Z	917fb7eabd9239868c9b1d514df5035e07caf46e	Wyndham Ruins	https://eldenring.wiki.gg/wiki/Wyndham_Ruins	https://eldenring.wiki.gg/w/index.php?oldid=15763	Altus Plateau	Altus,Leyndell	5	lead_only
wiki:eldenpedia:page-4086:revision-15953	4086	15953	2023-08-26T08:37:05Z	ef4195df17a01d47d4169fe8ff67cdfdd074055d	Murkwater Catacombs	https://eldenring.wiki.gg/wiki/Murkwater_Catacombs	https://eldenring.wiki.gg/w/index.php?oldid=15953			3	lead_only
wiki:eldenpedia:page-4138:revision-101009	4138	101009	2026-08-29T20:18:15Z	dccabffefe29b59c216766aa68f3cd927654bd12	Laskyar Ruins	https://eldenring.wiki.gg/wiki/Laskyar_Ruins	https://eldenring.wiki.gg/w/index.php?oldid=101009			7	lead_only
wiki:eldenpedia:page-4160:revision-97173	4160	97173	2025-09-26T19:00:42Z	69a316749f8ba2065e872382a4a210d3d336f0b3	Volcano Manor	https://eldenring.wiki.gg/wiki/Volcano_Manor	https://eldenring.wiki.gg/w/index.php?oldid=97173			0	lead_only
wiki:eldenpedia:page-4206:revision-16430	4206	16430	2023-08-27T12:31:07Z	a7cb95a94008236191d3a3e50da35bb2a94bb79c	Dragonbarrow Cave	https://eldenring.wiki.gg/wiki/Dragonbarrow_Cave	https://eldenring.wiki.gg/w/index.php?oldid=16430	Greyoll's Dragonbarrow	Caelid	5	lead_only
wiki:eldenpedia:page-4224:revision-16505	4224	16505	2023-08-27T12:40:25Z	1206387b6ae0c5de39bae92e90460c25ffe2d58c	Gaol Cave	https://eldenring.wiki.gg/wiki/Gaol_Cave	https://eldenring.wiki.gg/w/index.php?oldid=16505			11	lead_only
wiki:eldenpedia:page-4227:revision-70952	4227	70952	2025-01-20T16:08:49Z	53df579f7739485d6f2128ccb69c601d81731374	Cathedral of Manus Metyr	https://eldenring.wiki.gg/wiki/Cathedral_of_Manus_Metyr	https://eldenring.wiki.gg/w/index.php?oldid=70952	Scadu Altus	Scadu Altus,Shadow Keep	0	lead_only
wiki:eldenpedia:page-4327:revision-16802	4327	16802	2023-08-26T08:46:10Z	5aa8404878eee04d35a742a6f6ea3b2cfbf51f51	Redmane Castle	https://eldenring.wiki.gg/wiki/Redmane_Castle	https://eldenring.wiki.gg/w/index.php?oldid=16802	Caelid	Caelid	9	lead_only
wiki:eldenpedia:page-4356:revision-16931	4356	16931	2023-08-27T12:29:17Z	77bf849951d833e82ba514bfad7dc2fa199957c6	West Windmill Pasture	https://eldenring.wiki.gg/wiki/West_Windmill_Pasture	https://eldenring.wiki.gg/w/index.php?oldid=16931	Altus Plateau	Altus,Leyndell	1	lead_only
wiki:eldenpedia:page-4383:revision-97555	4383	97555	2025-12-01T16:01:35Z	8dc45c3cc866fbff2f62b33e11c305323a817aaf	Nokstella, Eternal City	https://eldenring.wiki.gg/wiki/Nokstella,_Eternal_City	https://eldenring.wiki.gg/w/index.php?oldid=97555	Ainsel River Main	Ainsel River	0	lead_only
wiki:eldenpedia:page-4462:revision-85783	4462	85783	2025-05-23T05:55:32Z	df5a894cbade30d6574295b7f4fadb1f3b72cedb	Abyssal Woods	https://eldenring.wiki.gg/wiki/Abyssal_Woods	https://eldenring.wiki.gg/w/index.php?oldid=85783	Scadu Altus	Scadu Altus,Shadow Keep	0	lead_only
wiki:eldenpedia:page-4557:revision-17652	4557	17652	2023-08-27T12:22:26Z	cb96c4561c744510a47cb3ec55c74666ef4f76a2	Minor Erdtree Catacombs	https://eldenring.wiki.gg/wiki/Minor_Erdtree_Catacombs	https://eldenring.wiki.gg/w/index.php?oldid=17652			6	lead_only
wiki:eldenpedia:page-4646:revision-17940	4646	17940	2023-08-27T12:34:37Z	ce44e8b2e08f5bbf7df57832740f1a5cb85aa9b6	Caelid Waypoint Ruins	https://eldenring.wiki.gg/wiki/Caelid_Waypoint_Ruins	https://eldenring.wiki.gg/w/index.php?oldid=17940	Caelid	Caelid	2	lead_only
wiki:eldenpedia:page-4662:revision-18006	4662	18006	2023-08-27T12:28:37Z	102ff66967ad1c38ae1fb8e9acd16faa50dbe1f0	Forsaken Ruins	https://eldenring.wiki.gg/wiki/Forsaken_Ruins	https://eldenring.wiki.gg/w/index.php?oldid=18006	Caelid	Caelid	3	lead_only
wiki:eldenpedia:page-4727:revision-99445	4727	99445	2026-03-29T05:35:29Z	b997f39dbe0585e20b1bcf6b290ccbf0486dbb2e	Erdtree	https://eldenring.wiki.gg/wiki/Erdtree	https://eldenring.wiki.gg/w/index.php?oldid=99445			0	lead_only
wiki:eldenpedia:page-4731:revision-85075	4731	85075	2025-05-20T19:34:39Z	bc53f0f3c9fe1b13a69b72dc0dbd7bbc59649f2b	Mohgwyn Dynasty Mausoleum	https://eldenring.wiki.gg/wiki/Mohgwyn_Dynasty_Mausoleum	https://eldenring.wiki.gg/w/index.php?oldid=85075			0	lead_only
wiki:eldenpedia:page-4732:revision-18306	4732	18306	2023-07-11T16:39:06Z	ef56f5ed4345b2cee1296336578a353ac2922b8b	Isolated Merchant's Shack (Weeping Peninsula)	https://eldenring.wiki.gg/wiki/Isolated_Merchant's_Shack_(Weeping_Peninsula)	https://eldenring.wiki.gg/w/index.php?oldid=18306			0	lead_only
wiki:eldenpedia:page-4760:revision-18405	4760	18405	2023-08-27T12:17:36Z	0254842637dbb738c484a8c95551455d94410934	Renna's Rise	https://eldenring.wiki.gg/wiki/Renna's_Rise	https://eldenring.wiki.gg/w/index.php?oldid=18405			2	lead_only
wiki:eldenpedia:page-4830:revision-97518	4830	97518	2025-11-24T16:59:39Z	477fa432d68b6ebda65278598e49a41064bd636f	Limgrave	https://eldenring.wiki.gg/wiki/Limgrave	https://eldenring.wiki.gg/w/index.php?oldid=97518			0	lead_only
wiki:eldenpedia:page-4872:revision-18756	4872	18756	2023-08-27T12:27:17Z	3dae9191f1bffafd61c0d4911360b8b79063d353	Minor Erdtree (Mountaintops of the Giants)	https://eldenring.wiki.gg/wiki/Minor_Erdtree_(Mountaintops_of_the_Giants)	https://eldenring.wiki.gg/w/index.php?oldid=18756	Mountaintops of the Giants	Mountaintops of the Giants	4	lead_only
wiki:eldenpedia:page-4912:revision-18903	4912	18903	2023-08-27T12:18:16Z	2e2172f00e927b4b59a11baacd677da5eb34fca2	Tombsward Ruins	https://eldenring.wiki.gg/wiki/Tombsward_Ruins	https://eldenring.wiki.gg/w/index.php?oldid=18903			1	lead_only
wiki:eldenpedia:page-4918:revision-95878	4918	95878	2025-08-04T23:47:33Z	8e73e3bdb5b9bedd9cea683ad9effad9f5f1d9aa	War-Dead Catacombs	https://eldenring.wiki.gg/wiki/War-Dead_Catacombs	https://eldenring.wiki.gg/w/index.php?oldid=95878	Caelid	Caelid	8	lead_only
wiki:eldenpedia:page-4947:revision-83204	4947	83204	2025-04-27T16:02:08Z	c5e233947e695bdaaf50ad11afc2d3c376fc7084	Churches	https://eldenring.wiki.gg/wiki/Churches	https://eldenring.wiki.gg/w/index.php?oldid=83204			0	lead_only
wiki:eldenpedia:page-5006:revision-65280	5006	65280	2024-10-27T00:32:23Z	92a795c99ad3d70cb240e1908287e25288b31432	Bellum Highway	https://eldenring.wiki.gg/wiki/Bellum_Highway	https://eldenring.wiki.gg/w/index.php?oldid=65280	Liurnia of the Lakes	Liurnia,Raya Lucaria Academy	9	lead_only
wiki:eldenpedia:page-5108:revision-71938	5108	71938	2025-02-08T18:30:07Z	c7541423820d69802dc564b906afcdd2aaba21ce	Ainsel River	https://eldenring.wiki.gg/wiki/Ainsel_River	https://eldenring.wiki.gg/w/index.php?oldid=71938			0	lead_only
wiki:eldenpedia:page-5147:revision-19686	5147	19686	2023-08-27T12:40:35Z	06c33efe56c0c5d028b50c7645ad7002fd9e5319	Yelough Anix Tunnel	https://eldenring.wiki.gg/wiki/Yelough_Anix_Tunnel	https://eldenring.wiki.gg/w/index.php?oldid=19686	Consecrated Snowfield	Consecrated Snowfield	11	lead_only
wiki:eldenpedia:page-5160:revision-19794	5160	19794	2023-08-26T10:46:59Z	ab72bb2b8e91e5efdda04f08f2f0f9ee7adb6306	Fort Gael	https://eldenring.wiki.gg/wiki/Fort_Gael	https://eldenring.wiki.gg/w/index.php?oldid=19794	Caelid	Caelid	5	lead_only
wiki:eldenpedia:page-5161:revision-19798	5161	19798	2023-08-27T12:18:26Z	da272a982a689989282fef488bceb2f06e3c571e	Tombsward Catacombs	https://eldenring.wiki.gg/wiki/Tombsward_Catacombs	https://eldenring.wiki.gg/w/index.php?oldid=19798	Weeping Peninsula	Weeping	7	lead_only
wiki:eldenpedia:page-5179:revision-19857	5179	19857	2024-06-29T16:57:31Z	ce6978fb8ec4a2bca4e1a0a2df4089a13b5daa0e	Ringleader's Evergaol	https://eldenring.wiki.gg/wiki/Ringleader's_Evergaol	https://eldenring.wiki.gg/w/index.php?oldid=19857			1	lead_only
wiki:eldenpedia:page-5397:revision-20687	5397	20687	2023-08-27T12:31:37Z	64430639816bb8fdfee8908c18166eee04cff000	Subterranean Shunning-Grounds	https://eldenring.wiki.gg/wiki/Subterranean_Shunning-Grounds	https://eldenring.wiki.gg/w/index.php?oldid=20687	Leyndell, Royal Capital	Leyndell,Sewer	19	lead_only
wiki:eldenpedia:page-5523:revision-83440	5523	83440	2025-05-01T02:09:12Z	207e91ad8fe71e7562745a7ad92e32cd5283b23c	Forts	https://eldenring.wiki.gg/wiki/Forts	https://eldenring.wiki.gg/w/index.php?oldid=83440			0	lead_only
wiki:eldenpedia:page-5535:revision-84351	5535	84351	2025-05-07T02:25:03Z	93f800a7aea2a9ea8ed609e6ad9ca2916429d7ec	Western Nameless Mausoleum	https://eldenring.wiki.gg/wiki/Western_Nameless_Mausoleum	https://eldenring.wiki.gg/w/index.php?oldid=84351	Gravesite Plain	Gravesite,Belurat	0	lead_only
wiki:eldenpedia:page-5613:revision-68002	5613	68002	2024-11-29T19:46:27Z	47f52c03dca3ea77c944d8712856a745ec336331	Limgrave Colosseum	https://eldenring.wiki.gg/wiki/Limgrave_Colosseum	https://eldenring.wiki.gg/w/index.php?oldid=68002			0	lead_only
wiki:eldenpedia:page-5655:revision-71935	5655	71935	2025-02-08T17:54:18Z	69aff1ee1efb9f1c477541942d4b2dff0ad9d32d	Miquella's Haligtree	https://eldenring.wiki.gg/wiki/Miquella's_Haligtree	https://eldenring.wiki.gg/w/index.php?oldid=71935			0	lead_only
wiki:eldenpedia:page-5686:revision-21706	5686	21706	2023-08-27T12:41:35Z	75183380275c398ed8b8cfdb3f0b2eac2845e74a	Church of the Plague	https://eldenring.wiki.gg/wiki/Church_of_the_Plague	https://eldenring.wiki.gg/w/index.php?oldid=21706	Caelid	Caelid	2	lead_only
wiki:eldenpedia:page-5744:revision-21867	5744	21867	2023-08-27T12:43:05Z	4ab5b947b936e6175a1ed5beaf00a2c35a33c5d6	Fort Laiedd	https://eldenring.wiki.gg/wiki/Fort_Laiedd	https://eldenring.wiki.gg/w/index.php?oldid=21867	Mt. Gelmir	Mt. Gelmir	6	lead_only
wiki:eldenpedia:page-5783:revision-22017	5783	22017	2023-08-27T12:33:07Z	aa980d8ff70d93f9d1c0857160c687203063ae94	Ainsel River Well	https://eldenring.wiki.gg/wiki/Ainsel_River_Well	https://eldenring.wiki.gg/w/index.php?oldid=22017	Liurnia of the Lakes	Liurnia,Raya Lucaria Academy	0	lead_only
wiki:eldenpedia:page-5859:revision-22257	5859	22257	2024-01-14T09:19:16Z	7bbd16d45e6264ba4b57991ad69d8eac7227d4cb	Deep Siofra Well	https://eldenring.wiki.gg/wiki/Deep_Siofra_Well	https://eldenring.wiki.gg/w/index.php?oldid=22257	Caelid	Caelid	1	lead_only
wiki:eldenpedia:page-5887:revision-70836	5887	70836	2025-01-17T06:24:40Z	2c79612f39af626896d0a2618903e0abf6fe898e	Sellia, Town of Sorcery	https://eldenring.wiki.gg/wiki/Sellia,_Town_of_Sorcery	https://eldenring.wiki.gg/w/index.php?oldid=70836	Caelid	Caelid	10	lead_only
wiki:eldenpedia:page-5989:revision-22715	5989	22715	2023-08-27T12:22:46Z	c1fd6f2342bc1f54be18c2b54f547d729392e80d	Impaler's Catacombs	https://eldenring.wiki.gg/wiki/Impaler's_Catacombs	https://eldenring.wiki.gg/w/index.php?oldid=22715			5	lead_only
wiki:eldenpedia:page-5991:revision-65863	5991	65863	2024-10-29T06:10:11Z	7b112a5c9e4bde6820f2fcbf76ebcdb99d0b930c	Uhl Palace Ruins	https://eldenring.wiki.gg/wiki/Uhl_Palace_Ruins	https://eldenring.wiki.gg/w/index.php?oldid=65863	Ainsel River	Ainsel River	11	lead_only
wiki:eldenpedia:page-6011:revision-22770	6011	22770	2023-08-27T12:25:07Z	a4f56f302cb9ea21313497249ce75087d9376b3d	Craftsman's Shack	https://eldenring.wiki.gg/wiki/Craftsman's_Shack	https://eldenring.wiki.gg/w/index.php?oldid=22770	Mt. Gelmir	Mt. Gelmir	1	lead_only
wiki:eldenpedia:page-6078:revision-65481	6078	65481	2024-10-27T00:47:13Z	545c8fb8f3ec51a85dc9122642b8e4d72de8ecd6	Flame Peak	https://eldenring.wiki.gg/wiki/Flame_Peak	https://eldenring.wiki.gg/w/index.php?oldid=65481	Mountaintops of the Giants	Mountaintops of the Giants	0	lead_only
wiki:eldenpedia:page-6114:revision-84434	6114	84434	2025-05-09T01:03:03Z	a406e8a20f14653f21f28e1b9548ba39238c98ae	Gravesite Plain	https://eldenring.wiki.gg/wiki/Gravesite_Plain	https://eldenring.wiki.gg/w/index.php?oldid=84434			0	lead_only
wiki:eldenpedia:page-6295:revision-83239	6295	83239	2025-04-28T14:59:27Z	9b8542d8a69a3f077777d28c1af4ad13f2b21417	Campsites	https://eldenring.wiki.gg/wiki/Campsites	https://eldenring.wiki.gg/w/index.php?oldid=83239			0	lead_only
wiki:eldenpedia:page-6321:revision-23783	6321	23783	2023-03-04T17:10:40Z	ca5ce0bd43385f821be9c383a75a120f233124b2	Chapel of Anticipation	https://eldenring.wiki.gg/wiki/Chapel_of_Anticipation	https://eldenring.wiki.gg/w/index.php?oldid=23783	Limgrave	Limgrave,Stormveil	6	lead_only
wiki:eldenpedia:page-6363:revision-23984	6363	23984	2023-08-27T12:24:57Z	6d80f11e2a18abe17412a6ce6c021001c2335454	Hermit's Shack	https://eldenring.wiki.gg/wiki/Hermit's_Shack	https://eldenring.wiki.gg/w/index.php?oldid=23984	Mt. Gelmir	Mt. Gelmir	2	lead_only
wiki:eldenpedia:page-6386:revision-83259	6386	83259	2025-04-28T18:10:02Z	af48396ce57ae8542779b0a525a997cd35df49de	Finger Ruins	https://eldenring.wiki.gg/wiki/Finger_Ruins	https://eldenring.wiki.gg/w/index.php?oldid=83259			0	lead_only
wiki:eldenpedia:page-6415:revision-65939	6415	65939	2024-10-30T04:50:35Z	dfeb6f15e24c147790cc743fd6d96b1d4b0a543f	The Four Belfries	https://eldenring.wiki.gg/wiki/The_Four_Belfries	https://eldenring.wiki.gg/w/index.php?oldid=65939			1	lead_only
wiki:eldenpedia:page-6441:revision-24352	6441	24352	2023-03-22T19:57:14Z	b5babd2be277c8e27e71e2b49ea0ef57ed2987a3	Minor Erdtree (West Liurnia)	https://eldenring.wiki.gg/wiki/Minor_Erdtree_(West_Liurnia)	https://eldenring.wiki.gg/w/index.php?oldid=24352			2	lead_only
wiki:eldenpedia:page-6653:revision-24988	6653	24988	2023-12-25T12:17:14Z	bce9ad0383e424e63ac49dea7f597bd0f5427d52	Oridys's Rise	https://eldenring.wiki.gg/wiki/Oridys's_Rise	https://eldenring.wiki.gg/w/index.php?oldid=24988			2	lead_only
wiki:eldenpedia:page-6716:revision-65940	6716	65940	2024-10-30T05:26:29Z	16e3d8662bea6171fae881b26aca6819755ef55f	Raya Lucaria Grand Library	https://eldenring.wiki.gg/wiki/Raya_Lucaria_Grand_Library	https://eldenring.wiki.gg/w/index.php?oldid=65940			0	lead_only
wiki:eldenpedia:page-6767:revision-92400	6767	92400	2025-06-25T13:50:24Z	cfe98496a13ae56d0a59014ba4afd972527db512	Castle Morne	https://eldenring.wiki.gg/wiki/Castle_Morne	https://eldenring.wiki.gg/w/index.php?oldid=92400			14	lead_only
wiki:eldenpedia:page-6787:revision-25461	6787	25461	2023-08-27T12:42:45Z	a109785e332c134e783c929f8810ca87944a8637	Bellum Church	https://eldenring.wiki.gg/wiki/Bellum_Church	https://eldenring.wiki.gg/w/index.php?oldid=25461			1	lead_only
wiki:eldenpedia:page-6865:revision-25761	6865	25761	2023-08-27T12:38:45Z	b2ffeda5bcb0e434558906a24fcc759f9a58105b	Ruin-Strewn Precipice	https://eldenring.wiki.gg/wiki/Ruin-Strewn_Precipice	https://eldenring.wiki.gg/w/index.php?oldid=25761			11	lead_only
wiki:eldenpedia:page-6879:revision-70951	6879	70951	2025-01-20T15:35:38Z	7791ea4dbfc207eaf47567a3046c26937b300afe	Finger Ruins of Miyr	https://eldenring.wiki.gg/wiki/Finger_Ruins_of_Miyr	https://eldenring.wiki.gg/w/index.php?oldid=70951			2	lead_only
wiki:eldenpedia:page-6985:revision-26122	6985	26122	2024-03-29T14:34:27Z	a061e9329a1fb0b386f191f1009a8c61defa6756	Converted Tower	https://eldenring.wiki.gg/wiki/Converted_Tower	https://eldenring.wiki.gg/w/index.php?oldid=26122			4	lead_only
wiki:eldenpedia:page-7007:revision-100041	7007	100041	2026-07-09T03:43:06Z	109ee2d62c8126076ece81ec6ec01c18f3ebe109	Stormhill Shack	https://eldenring.wiki.gg/wiki/Stormhill_Shack	https://eldenring.wiki.gg/w/index.php?oldid=100041	Limgrave	Limgrave,Stormveil	3	lead_only
wiki:eldenpedia:page-7010:revision-26289	7010	26289	2023-08-27T12:17:46Z	39c7aabc0825e927540cbb971219fa6345d69834	Ranni's Rise	https://eldenring.wiki.gg/wiki/Ranni's_Rise	https://eldenring.wiki.gg/w/index.php?oldid=26289			2	lead_only
wiki:eldenpedia:page-7192:revision-27005	7192	27005	2023-08-27T12:23:36Z	0b98fe6d0581408354830e7e112adafea2366542	Sellia Crystal Tunnel	https://eldenring.wiki.gg/wiki/Sellia_Crystal_Tunnel	https://eldenring.wiki.gg/w/index.php?oldid=27005	Caelid	Caelid	16	lead_only
wiki:eldenpedia:page-7219:revision-27090	7219	27090	2023-08-27T12:33:27Z	a795e3ea8827c4950bf2ba2168c3960bb6a564c3	Night's Sacred Ground	https://eldenring.wiki.gg/wiki/Night's_Sacred_Ground	https://eldenring.wiki.gg/w/index.php?oldid=27090	Nokron, Eternal City	Siofra River	10	lead_only
wiki:eldenpedia:page-7253:revision-27222	7253	27222	2024-08-11T19:05:20Z	af45ab72a542335dafea36111ce5eb427723baa1	Hero's Graves	https://eldenring.wiki.gg/wiki/Hero's_Graves	https://eldenring.wiki.gg/w/index.php?oldid=27222			0	lead_only
wiki:eldenpedia:page-7264:revision-27257	7264	27257	2023-08-27T12:19:16Z	23174a1f8ff3a177d849d47d1060983c1f3a180f	Volcano Cave	https://eldenring.wiki.gg/wiki/Volcano_Cave	https://eldenring.wiki.gg/w/index.php?oldid=27257	Mt. Gelmir	Mt. Gelmir	6	lead_only
wiki:eldenpedia:page-7425:revision-27931	7425	27931	2024-06-29T15:50:17Z	e9214c1a596b33b8d3f0fe7b46066ae941d2d1a1	Giant-Conquering Hero's Grave	https://eldenring.wiki.gg/wiki/Giant-Conquering_Hero's_Grave	https://eldenring.wiki.gg/w/index.php?oldid=27931	Flame Peak	Mountaintops of the Giants	12	lead_only
wiki:eldenpedia:page-7454:revision-28046	7454	28046	2023-08-27T12:25:47Z	93840423835efb5def28b3e370cf7f39edf32b28	Gowry's Shack	https://eldenring.wiki.gg/wiki/Gowry's_Shack	https://eldenring.wiki.gg/w/index.php?oldid=28046	Caelid	Caelid	1	lead_only
wiki:eldenpedia:page-7476:revision-101088	7476	101088	2026-08-31T02:18:08Z	0106f9ea022ca589066fea5e6b75c907a6e8b069	Minor Erdtree (Dragonbarrow)	https://eldenring.wiki.gg/wiki/Minor_Erdtree_(Dragonbarrow)	https://eldenring.wiki.gg/w/index.php?oldid=101088	Greyoll's Dragonbarrow	Caelid	2	lead_only
wiki:eldenpedia:page-7481:revision-28211	7481	28211	2023-08-27T12:26:07Z	a52073b41881d7d88eec1794633a9fff300825ad	Minor Erdtree (Consecrated Snowfield)	https://eldenring.wiki.gg/wiki/Minor_Erdtree_(Consecrated_Snowfield)	https://eldenring.wiki.gg/w/index.php?oldid=28211	Consecrated Snowfield	Consecrated Snowfield	2	lead_only
wiki:eldenpedia:page-7517:revision-28317	7517	28317	2023-08-27T12:36:45Z	0104921eb252a14cdeda5ac8d3b9d953f1e55cd2	Kingsrealm Ruins	https://eldenring.wiki.gg/wiki/Kingsrealm_Ruins	https://eldenring.wiki.gg/w/index.php?oldid=28317			1	lead_only
wiki:eldenpedia:page-7535:revision-28371	7535	28371	2023-08-27T12:27:07Z	01839b69f64bb25afaa4601af5e1303f665e151d	Minor Erdtree (Mt. Gelmir)	https://eldenring.wiki.gg/wiki/Minor_Erdtree_(Mt._Gelmir)	https://eldenring.wiki.gg/w/index.php?oldid=28371	Mt. Gelmir	Mt. Gelmir	6	lead_only
wiki:eldenpedia:page-7628:revision-97013	7628	97013	2025-09-14T17:20:09Z	e4b6018d0b8897da5fb8b50016d832ea2ea298b8	Locations	https://eldenring.wiki.gg/wiki/Locations	https://eldenring.wiki.gg/w/index.php?oldid=97013			0	lead_only
wiki:eldenpedia:page-7694:revision-29052	7694	29052	2023-08-27T12:20:26Z	0dca8b7dcf39ba98419ad449e976d3360308e3b6	Guardians' Garrison	https://eldenring.wiki.gg/wiki/Guardians'_Garrison	https://eldenring.wiki.gg/w/index.php?oldid=29052	Mountaintops of the Giants	Mountaintops of the Giants	6	lead_only
wiki:eldenpedia:page-7721:revision-83258	7721	83258	2025-04-28T18:07:16Z	6b6f89ebc748c71289ffcbe4547a34ecf41e835c	Lake of Rot	https://eldenring.wiki.gg/wiki/Lake_of_Rot	https://eldenring.wiki.gg/w/index.php?oldid=83258			0	lead_only
wiki:eldenpedia:page-7723:revision-99043	7723	99043	2026-02-10T19:36:59Z	76932cb0acaa1c0033497c9f44fe6a6170488061	Mountaintops of the Giants	https://eldenring.wiki.gg/wiki/Mountaintops_of_the_Giants	https://eldenring.wiki.gg/w/index.php?oldid=99043			0	lead_only
wiki:eldenpedia:page-7734:revision-73670	7734	73670	2025-03-05T01:33:16Z	eeacbce8a0193742c4d41161d20853c20669bc5d	Evergaols	https://eldenring.wiki.gg/wiki/Evergaols	https://eldenring.wiki.gg/w/index.php?oldid=73670			0	lead_only
wiki:eldenpedia:page-7820:revision-29479	7820	29479	2023-08-27T12:33:47Z	7e9ec423e2c8997871b30b1c44c65326b59bbeaf	Divine Tower of Caelid	https://eldenring.wiki.gg/wiki/Divine_Tower_of_Caelid	https://eldenring.wiki.gg/w/index.php?oldid=29479	Greyoll's Dragonbarrow	Caelid	9	lead_only
wiki:eldenpedia:page-7838:revision-71979	7838	71979	2025-02-10T09:40:53Z	7786c079fde7816505a70b2b9480c2d4b6bbf09f	Carian Study Hall	https://eldenring.wiki.gg/wiki/Carian_Study_Hall	https://eldenring.wiki.gg/w/index.php?oldid=71979			10	lead_only
wiki:eldenpedia:page-7876:revision-29723	7876	29723	2023-08-27T12:34:17Z	178e7bb3f68b262e0f29b04c2e12ad618783bb99	Divine Tower of East Altus	https://eldenring.wiki.gg/wiki/Divine_Tower_of_East_Altus	https://eldenring.wiki.gg/w/index.php?oldid=29723	Leyndell, Royal Capital	Leyndell,Sewer	0	lead_only
wiki:eldenpedia:page-7908:revision-73651	7908	73651	2025-03-04T17:25:46Z	23f6dfe9c0cd2d2c9eac17346060501c16f8aa8b	Writheblood Ruins	https://eldenring.wiki.gg/wiki/Writheblood_Ruins	https://eldenring.wiki.gg/w/index.php?oldid=73651	Altus Plateau	Altus,Leyndell	3	lead_only
wiki:eldenpedia:page-7922:revision-29870	7922	29870	2023-08-27T12:24:27Z	81c3af339376354b0e0ea30c1dda2d669fd06474	Corpse-Stench Shack	https://eldenring.wiki.gg/wiki/Corpse-Stench_Shack	https://eldenring.wiki.gg/w/index.php?oldid=29870	Mt. Gelmir	Mt. Gelmir	4	lead_only
wiki:eldenpedia:page-8089:revision-30482	8089	30482	2023-08-27T12:30:17Z	8cdacd79613bd35081b11ae2c836acbb719db6c1	Spiritcaller Cave	https://eldenring.wiki.gg/wiki/Spiritcaller_Cave	https://eldenring.wiki.gg/w/index.php?oldid=30482	Mountaintops of the Giants	Mountaintops of the Giants	11	lead_only
wiki:eldenpedia:page-8143:revision-30625	8143	30625	2023-08-26T11:46:50Z	86fa632a2c5cca22a0e9fb98803c0c575aa60b7c	Gael Tunnel	https://eldenring.wiki.gg/wiki/Gael_Tunnel	https://eldenring.wiki.gg/w/index.php?oldid=30625	Caelid	Caelid	10	lead_only
wiki:eldenpedia:page-8233:revision-65232	8233	65232	2024-10-27T00:28:49Z	b049d7d49d27fd3e4210b86c2a995143b1b3ca3a	Altus Plateau	https://eldenring.wiki.gg/wiki/Altus_Plateau	https://eldenring.wiki.gg/w/index.php?oldid=65232			0	lead_only
wiki:eldenpedia:page-8256:revision-31105	8256	31105	2024-08-28T19:20:48Z	f64e73d1c39a0239e10050931216c62dafecd98c	Black Knife Catacombs	https://eldenring.wiki.gg/wiki/Black_Knife_Catacombs	https://eldenring.wiki.gg/w/index.php?oldid=31105	Liurnia of the Lakes	Liurnia,Raya Lucaria Academy	9	lead_only
wiki:eldenpedia:page-8336:revision-31356	8336	31356	2023-08-26T10:43:08Z	ed2838cdf721e817ad8f51869354a9f4cca24168	Third Church of Marika	https://eldenring.wiki.gg/wiki/Third_Church_of_Marika	https://eldenring.wiki.gg/w/index.php?oldid=31356	Limgrave	Limgrave,Stormveil	3	lead_only
wiki:eldenpedia:page-8432:revision-31751	8432	31751	2023-08-27T12:25:27Z	c364aa5a7e7066b5c209fa5d32246287d2a2d1ba	Shack of the Lofty	https://eldenring.wiki.gg/wiki/Shack_of_the_Lofty	https://eldenring.wiki.gg/w/index.php?oldid=31751	Mountaintops of the Giants	Mountaintops of the Giants	1	lead_only
wiki:eldenpedia:page-8436:revision-31759	8436	31759	2023-08-26T08:59:44Z	28c1443664193375697ca927e7527d14200ee4cd	Giants' Mountaintop Catacombs	https://eldenring.wiki.gg/wiki/Giants'_Mountaintop_Catacombs	https://eldenring.wiki.gg/w/index.php?oldid=31759	Mountaintops of the Giants	Mountaintops of the Giants	12	lead_only
wiki:eldenpedia:page-8453:revision-31841	8453	31841	2023-08-26T08:33:55Z	4a0585d26549f905287a9be93517f9caefa4fcb8	Summonwater Village	https://eldenring.wiki.gg/wiki/Summonwater_Village	https://eldenring.wiki.gg/w/index.php?oldid=31841			4	lead_only
wiki:eldenpedia:page-8481:revision-31971	8481	31971	2023-08-27T12:29:47Z	fef4721bae64afcee22d5ef16d4938d5d8f013f3	Purified Ruins	https://eldenring.wiki.gg/wiki/Purified_Ruins	https://eldenring.wiki.gg/w/index.php?oldid=31971			4	lead_only
wiki:eldenpedia:page-8494:revision-83243	8494	83243	2025-04-28T15:17:56Z	4ad35c2a76dccd59f74dec4f58b61083ad762abf	Old Castles	https://eldenring.wiki.gg/wiki/Old_Castles	https://eldenring.wiki.gg/w/index.php?oldid=83243			0	lead_only
wiki:eldenpedia:page-8536:revision-83244	8536	83244	2025-04-28T15:18:41Z	63815c65b70f1a8db3842b1a1d8c41b9d2c875dc	Catacombs	https://eldenring.wiki.gg/wiki/Catacombs	https://eldenring.wiki.gg/w/index.php?oldid=83244			0	lead_only
wiki:eldenpedia:page-8566:revision-83245	8566	83245	2025-04-28T15:26:25Z	21cedadf821f5be0d94ff15b0e6a08b0da237d4e	Caves	https://eldenring.wiki.gg/wiki/Caves	https://eldenring.wiki.gg/w/index.php?oldid=83245			0	lead_only
wiki:eldenpedia:page-8681:revision-32743	8681	32743	2023-08-27T12:36:25Z	506df248052b4f12acb6c08787ab905cd334f1f8	Moonfolk Ruins	https://eldenring.wiki.gg/wiki/Moonfolk_Ruins	https://eldenring.wiki.gg/w/index.php?oldid=32743			4	lead_only
wiki:eldenpedia:page-8711:revision-32839	8711	32839	2023-08-26T10:46:28Z	b79091635e765d75155dfb6e1e7eeead3ae4fc60	Church of Elleh	https://eldenring.wiki.gg/wiki/Church_of_Elleh	https://eldenring.wiki.gg/w/index.php?oldid=32839			2	lead_only
wiki:eldenpedia:page-8852:revision-84371	8852	84371	2025-05-07T17:32:54Z	1ef47210a0c680a2ba4c2ec8550596d39edfa803	Tunnels	https://eldenring.wiki.gg/wiki/Tunnels	https://eldenring.wiki.gg/w/index.php?oldid=84371			0	lead_only
wiki:eldenpedia:page-8863:revision-33478	8863	33478	2023-08-27T12:40:15Z	4cda954432b07ed241cd21c924cfc34f4d2ddcc7	Sellia Hideaway	https://eldenring.wiki.gg/wiki/Sellia_Hideaway	https://eldenring.wiki.gg/w/index.php?oldid=33478	Caelid	Caelid	14	lead_only
wiki:eldenpedia:page-8896:revision-65550	8896	65550	2024-10-27T00:51:42Z	de377437bae45e92b16e88e45add110da34d0611	Greyoll's Dragonbarrow	https://eldenring.wiki.gg/wiki/Greyoll's_Dragonbarrow	https://eldenring.wiki.gg/w/index.php?oldid=65550	Caelid	Caelid	0	lead_only
wiki:eldenpedia:page-8924:revision-33795	8924	33795	2023-08-26T08:34:05Z	26832aef802b7782ee7955af7ba447ec671c021a	Village of the Albinaurics	https://eldenring.wiki.gg/wiki/Village_of_the_Albinaurics	https://eldenring.wiki.gg/w/index.php?oldid=33795			6	lead_only
wiki:eldenpedia:page-9084:revision-95262	9084	95262	2025-07-24T23:53:44Z	5f7a778f49501aae7c110e687f3591586c11c5c5	Rises	https://eldenring.wiki.gg/wiki/Rises	https://eldenring.wiki.gg/w/index.php?oldid=95262			0	lead_only
wiki:eldenpedia:page-9162:revision-99823	9162	99823	2026-05-31T19:58:29Z	939d347c3c4fe4cc6e3b78ec6d30b06217391a59	Bonny Gaol	https://eldenring.wiki.gg/wiki/Bonny_Gaol	https://eldenring.wiki.gg/w/index.php?oldid=99823			15	lead_only
wiki:eldenpedia:page-9274:revision-70321	9274	70321	2025-01-06T13:51:57Z	6d2000d52f95e9ba600e31d324477cbcfb5af0b7	Moonlight Altar	https://eldenring.wiki.gg/wiki/Moonlight_Altar	https://eldenring.wiki.gg/w/index.php?oldid=70321	Liurnia of the Lakes	Liurnia,Raya Lucaria Academy	8	lead_only
wiki:eldenpedia:page-9334:revision-35177	9334	35177	2023-08-27T12:41:05Z	950e6ddaf99177d2b5f8de74ee07b4eaffdd71bf	Three Sisters	https://eldenring.wiki.gg/wiki/Three_Sisters	https://eldenring.wiki.gg/w/index.php?oldid=35177			4	lead_only
wiki:eldenpedia:page-9408:revision-65484	9408	65484	2024-10-27T00:47:21Z	5250415c69a7c911e4bd0552e8d552d79c6d13a5	Forbidden Lands	https://eldenring.wiki.gg/wiki/Forbidden_Lands	https://eldenring.wiki.gg/w/index.php?oldid=65484	Mountaintops of the Giants	Mountaintops of the Giants	0	lead_only
wiki:eldenpedia:page-9515:revision-73525	9515	73525	2025-02-25T13:47:41Z	69b0a645f731e11372eabaea79c993575ff5c8d0	Scorched Ruins	https://eldenring.wiki.gg/wiki/Scorched_Ruins	https://eldenring.wiki.gg/w/index.php?oldid=73525	Gravesite Plain	Gravesite,Belurat	5	lead_only
wiki:eldenpedia:page-9545:revision-35883	9545	35883	2024-09-22T04:59:23Z	7a3fa367f6a9494988da310043497340ba316806	Forge of the Giants	https://eldenring.wiki.gg/wiki/Forge_of_the_Giants	https://eldenring.wiki.gg/w/index.php?oldid=35883	Flame Peak	Mountaintops of the Giants	0	lead_only
wiki:eldenpedia:page-9686:revision-69405	9686	69405	2024-12-15T22:58:09Z	0698db5654ffdf2aee1bdd5b801aee93f5b5705d	Groveside Cave	https://eldenring.wiki.gg/wiki/Groveside_Cave	https://eldenring.wiki.gg/w/index.php?oldid=69405			5	lead_only
wiki:eldenpedia:page-9728:revision-36575	9728	36575	2024-08-11T19:32:37Z	dbc2fdb28e19a4e8297b7c8b5d34406bd5e5093a	Underground Ruins	https://eldenring.wiki.gg/wiki/Underground_Ruins	https://eldenring.wiki.gg/w/index.php?oldid=36575			0	lead_only
wiki:eldenpedia:page-9800:revision-36777	9800	36777	2023-08-27T12:25:37Z	d6ba701b4b71bb74d7d21f983b9ecb494e03de3d	Slumbering Wolf's Shack	https://eldenring.wiki.gg/wiki/Slumbering_Wolf's_Shack	https://eldenring.wiki.gg/w/index.php?oldid=36777			2	lead_only
wiki:eldenpedia:page-9811:revision-36851	9811	36851	2023-08-26T10:46:08Z	222daf7fabb8e08d8cd31a8f951ebb1cd482c487	Church of Vows	https://eldenring.wiki.gg/wiki/Church_of_Vows	https://eldenring.wiki.gg/w/index.php?oldid=36851			4	lead_only
wiki:eldenpedia:page-9814:revision-36867	9814	36867	2023-08-27T12:42:05Z	b4ccd7cef6cd6f3fef68721e5ef98993bdf891f8	Church of Repose	https://eldenring.wiki.gg/wiki/Church_of_Repose	https://eldenring.wiki.gg/w/index.php?oldid=36867	Flame Peak	Mountaintops of the Giants	3	lead_only
wiki:eldenpedia:page-9824:revision-36896	9824	36896	2024-09-30T06:46:36Z	d2c9f6d34c584a98a0f5a6ca04d12d0a08d09e26	Scadutree	https://eldenring.wiki.gg/wiki/Scadutree	https://eldenring.wiki.gg/w/index.php?oldid=36896			0	lead_only
wiki:eldenpedia:page-9955:revision-37345	9955	37345	2024-07-19T03:31:49Z	f49c8198d9d5067e40ce840830a49677cebd9722	Forlorn Hound Evergaol	https://eldenring.wiki.gg/wiki/Forlorn_Hound_Evergaol	https://eldenring.wiki.gg/w/index.php?oldid=37345			1	lead_only
wiki:eldenpedia:page-9956:revision-37348	9956	37348	2023-08-27T12:36:15Z	d12b7ee7e1774d67733cb9a3a04a9945ae85fe94	Lunar Estate Ruins	https://eldenring.wiki.gg/wiki/Lunar_Estate_Ruins	https://eldenring.wiki.gg/w/index.php?oldid=37348			3	lead_only
wiki:eldenpedia:page-10002:revision-37490	10002	37490	2023-08-27T12:13:53Z	6b06c11132110dcd68b808847d13a1e3a5030cd7	Tower of Return	https://eldenring.wiki.gg/wiki/Tower_of_Return	https://eldenring.wiki.gg/w/index.php?oldid=37490			0	lead_only
wiki:eldenpedia:page-10082:revision-37834	10082	37834	2024-06-29T16:18:28Z	cbde49bdf4b7452e7bfad798cc2a901c227b7ac5	Academy Crystal Cave	https://eldenring.wiki.gg/wiki/Academy_Crystal_Cave	https://eldenring.wiki.gg/w/index.php?oldid=37834			5	lead_only
wiki:eldenpedia:page-10111:revision-37956	10111	37956	2023-08-27T12:19:46Z	fcfbd7ade0a3d3c106829d6f4ab535e453c60de5	Grand Lift of Dectus	https://eldenring.wiki.gg/wiki/Grand_Lift_of_Dectus	https://eldenring.wiki.gg/w/index.php?oldid=37956			0	lead_only
wiki:eldenpedia:page-10198:revision-70996	10198	70996	2025-01-21T13:27:06Z	645d42f7c7579d8b67d79b53e593b4f4670866c8	Finger-Weaver's Hovel	https://eldenring.wiki.gg/wiki/Finger-Weaver's_Hovel	https://eldenring.wiki.gg/w/index.php?oldid=70996			1	lead_only
wiki:eldenpedia:page-10227:revision-96278	10227	96278	2025-08-16T16:51:19Z	6234c26eb25d159fe26dd3e476719a5902f130eb	Lenne's Rise	https://eldenring.wiki.gg/wiki/Lenne's_Rise	https://eldenring.wiki.gg/w/index.php?oldid=96278	Greyoll's Dragonbarrow	Caelid	1	lead_only
wiki:eldenpedia:page-10232:revision-38443	10232	38443	2023-08-27T12:31:57Z	6cf3558b3038ffa606c9b5ce8ebb512dca28e833	Academy Gate Town	https://eldenring.wiki.gg/wiki/Academy_Gate_Town	https://eldenring.wiki.gg/w/index.php?oldid=38443			11	lead_only
wiki:eldenpedia:page-10241:revision-38466	10241	38466	2023-08-26T08:37:15Z	0ef58b273ca78cb3fc9cde31d4a248a2ca575242	Murkwater Cave	https://eldenring.wiki.gg/wiki/Murkwater_Cave	https://eldenring.wiki.gg/w/index.php?oldid=38466			6	lead_only
wiki:eldenpedia:page-10246:revision-71936	10246	71936	2025-02-08T18:06:13Z	feecba6c077fc8225da9c31231bd2f8c163afd7e	Elphael, Brace of the Haligtree	https://eldenring.wiki.gg/wiki/Elphael,_Brace_of_the_Haligtree	https://eldenring.wiki.gg/w/index.php?oldid=71936			0	lead_only
wiki:eldenpedia:page-10283:revision-38661	10283	38661	2023-08-27T12:36:05Z	0f156e3bae9b29bb868ba52f4ee03292b113a451	Perfumer's Ruins	https://eldenring.wiki.gg/wiki/Perfumer's_Ruins	https://eldenring.wiki.gg/w/index.php?oldid=38661	Altus Plateau	Altus,Leyndell	4	lead_only
wiki:eldenpedia:page-10313:revision-95453	10313	95453	2025-07-29T22:09:24Z	c885cfab646da3deb6f3573e58a9594446a5c079	Sealed Tunnel	https://eldenring.wiki.gg/wiki/Sealed_Tunnel	https://eldenring.wiki.gg/w/index.php?oldid=95453	Capital Outskirts	Altus	15	lead_only
wiki:eldenpedia:page-10364:revision-38948	10364	38948	2024-06-29T16:53:01Z	2b731d1d0a83a17d367f1597d581d527a7901c8f	Weeping Evergaol	https://eldenring.wiki.gg/wiki/Weeping_Evergaol	https://eldenring.wiki.gg/w/index.php?oldid=38948			2	lead_only
wiki:eldenpedia:page-10460:revision-39254	10460	39254	2023-08-27T12:32:07Z	0fe147bb2ae58a3441aed60c697a1cc10a72b7dc	Lux Ruins	https://eldenring.wiki.gg/wiki/Lux_Ruins	https://eldenring.wiki.gg/w/index.php?oldid=39254	Altus Plateau	Altus,Leyndell	3	lead_only
wiki:eldenpedia:page-10495:revision-39361	10495	39361	2023-08-27T12:22:06Z	06e56c96bed49ea71b208644aaf7b0dbf44d13ad	Consecrated Snowfield Catacombs	https://eldenring.wiki.gg/wiki/Consecrated_Snowfield_Catacombs	https://eldenring.wiki.gg/w/index.php?oldid=39361	Consecrated Snowfield	Consecrated Snowfield	10	lead_only
wiki:eldenpedia:page-10537:revision-39508	10537	39508	2023-08-27T12:43:15Z	ab4780d368416a67c23fdfb9fca285ae74e07c93	Fourth Church of Marika	https://eldenring.wiki.gg/wiki/Fourth_Church_of_Marika	https://eldenring.wiki.gg/w/index.php?oldid=39508			1	lead_only
wiki:eldenpedia:page-10560:revision-39666	10560	39666	2023-08-27T12:42:25Z	3f3a597004590e48d045b8a6fce10d155a3f89ec	Minor Erdtree Church	https://eldenring.wiki.gg/wiki/Minor_Erdtree_Church	https://eldenring.wiki.gg/w/index.php?oldid=39666	Capital Outskirts	Altus	2	lead_only
wiki:eldenpedia:page-10593:revision-39788	10593	39788	2023-08-26T10:46:48Z	634d5a5ed4264a6494c8bc7cdfb4c58d8e785c5d	Fort Faroth	https://eldenring.wiki.gg/wiki/Fort_Faroth	https://eldenring.wiki.gg/w/index.php?oldid=39788	Greyoll's Dragonbarrow	Caelid	4	lead_only
wiki:eldenpedia:page-10634:revision-39901	10634	39901	2023-08-27T12:36:55Z	7c24c7af6219d159ee6af483c02150b63ed4b54e	Stargazer's Ruins	https://eldenring.wiki.gg/wiki/Stargazer's_Ruins	https://eldenring.wiki.gg/w/index.php?oldid=39901	Mountaintops of the Giants	Mountaintops of the Giants	2	lead_only
wiki:eldenpedia:page-10697:revision-69761	10697	69761	2024-12-22T23:12:59Z	4dee2eed96f7fcc0b5c759df730f5be9f68d6d05	Fort Haight	https://eldenring.wiki.gg/wiki/Fort_Haight	https://eldenring.wiki.gg/w/index.php?oldid=69761			4	lead_only
wiki:eldenpedia:page-10763:revision-40416	10763	40416	2023-08-27T12:22:56Z	647820c7952c38a20aa101c5c2aa7a4ca7d297f8	Caelid Catacombs	https://eldenring.wiki.gg/wiki/Caelid_Catacombs	https://eldenring.wiki.gg/w/index.php?oldid=40416	Caelid	Caelid	5	lead_only
wiki:eldenpedia:page-10839:revision-40802	10839	40802	2024-09-28T15:49:31Z	a8f644f9ee4c5165e11826ad06f6d7b254a2d53e	Auriza Hero's Grave	https://eldenring.wiki.gg/wiki/Auriza_Hero's_Grave	https://eldenring.wiki.gg/w/index.php?oldid=40802	Capital Outskirts	Altus	16	lead_only
wiki:eldenpedia:page-10912:revision-101159	10912	101159	2026-09-01T16:38:27Z	5e92d2145b5b1d0927fdb41c76c7226066bb8ece	Altus Tunnel	https://eldenring.wiki.gg/wiki/Altus_Tunnel	https://eldenring.wiki.gg/w/index.php?oldid=101159	Altus Plateau	Altus,Leyndell	8	lead_only
wiki:eldenpedia:page-10913:revision-97244	10913	97244	2025-10-09T16:05:14Z	dee4dfdc85e3daa15e60476818e725d275f4be54	Leyndell, Royal Capital	https://eldenring.wiki.gg/wiki/Leyndell,_Royal_Capital	https://eldenring.wiki.gg/w/index.php?oldid=97244	Altus Plateau	Altus,Leyndell	36	lead_only
wiki:eldenpedia:page-10929:revision-41136	10929	41136	2024-09-25T20:43:42Z	cdd024cb4f170f6a0c08fd651a86d4a1137715b7	Waypoint Ruins	https://eldenring.wiki.gg/wiki/Waypoint_Ruins	https://eldenring.wiki.gg/w/index.php?oldid=41136			2	lead_only
wiki:eldenpedia:page-10938:revision-41176	10938	41176	2023-08-27T12:30:27Z	0677033509d5b699dfd5451cc0b23454ff79b70f	Highroad Cave	https://eldenring.wiki.gg/wiki/Highroad_Cave	https://eldenring.wiki.gg/w/index.php?oldid=41176			8	lead_only
wiki:eldenpedia:page-10965:revision-70105	10965	70105	2024-12-30T22:49:17Z	01119451f93ec8f94d53343a4459c13240e114ce	Belurat, Tower Settlement	https://eldenring.wiki.gg/wiki/Belurat,_Tower_Settlement	https://eldenring.wiki.gg/w/index.php?oldid=70105	Land of the Tower		3	lead_only
wiki:eldenpedia:page-11032:revision-71616	11032	71616	2025-01-31T20:59:45Z	0640c2ac16a98d0527b9ff90769070c29c13f588	Bridge of Sacrifice	https://eldenring.wiki.gg/wiki/Bridge_of_Sacrifice	https://eldenring.wiki.gg/w/index.php?oldid=71616			2	lead_only
wiki:eldenpedia:page-11059:revision-70410	11059	70410	2025-01-10T17:46:43Z	d689421995ce2add4ab9a854f82032ff180e6115	Stormfoot Catacombs	https://eldenring.wiki.gg/wiki/Stormfoot_Catacombs	https://eldenring.wiki.gg/w/index.php?oldid=70410			7	lead_only
wiki:eldenpedia:page-11071:revision-100731	11071	100731	2026-08-18T23:44:05Z	30ec534e337640739f549679ef53f292077296b6	Hallowhorn Grounds (South)	https://eldenring.wiki.gg/wiki/Hallowhorn_Grounds_(South)	https://eldenring.wiki.gg/w/index.php?oldid=100731	Siofra River	Siofra River,Mohgwyn	2	lead_only
wiki:eldenpedia:page-11085:revision-41831	11085	41831	2023-09-28T13:08:06Z	ee8d85d6b4129397753ceecdef4d542508c384dc	Isolated Merchant's Shack (Dragonbarrow)	https://eldenring.wiki.gg/wiki/Isolated_Merchant's_Shack_(Dragonbarrow)	https://eldenring.wiki.gg/w/index.php?oldid=41831	Greyoll's Dragonbarrow	Caelid	1	lead_only
wiki:eldenpedia:page-11126:revision-41948	11126	41948	2023-08-27T12:21:46Z	f5210e12683db64e848e59c7f45a89fba96bfe10	Road's End Catacombs	https://eldenring.wiki.gg/wiki/Road's_End_Catacombs	https://eldenring.wiki.gg/w/index.php?oldid=41948	Liurnia of the Lakes	Liurnia,Raya Lucaria Academy	7	lead_only
wiki:eldenpedia:page-11127:revision-70954	11127	70954	2025-01-20T16:23:00Z	905d58dfae9c2c341bb2290b400679402245a804	Abandoned Ailing Village	https://eldenring.wiki.gg/wiki/Abandoned_Ailing_Village	https://eldenring.wiki.gg/w/index.php?oldid=70954	Gravesite Plain	Gravesite,Belurat	8	lead_only
wiki:eldenpedia:page-11147:revision-42019	11147	42019	2023-08-27T12:19:06Z	0108681d5a0aa48f7d2ad123d6725878a037558c	Auriza Side Tomb	https://eldenring.wiki.gg/wiki/Auriza_Side_Tomb	https://eldenring.wiki.gg/w/index.php?oldid=42019	Capital Outskirts	Altus	10	lead_only
wiki:eldenpedia:page-11152:revision-42032	11152	42032	2023-08-27T12:37:26Z	4f61d785a12e8fcf838f7f5ef447be2db37bd488	Dragon-Burnt Ruins	https://eldenring.wiki.gg/wiki/Dragon-Burnt_Ruins	https://eldenring.wiki.gg/w/index.php?oldid=42032			3	lead_only
wiki:eldenpedia:page-11190:revision-65880	11190	65880	2024-10-29T06:32:31Z	0fedce08d6cedd20c556e0740e3acee75b1d4e67	Hallowhorn Grounds (North)	https://eldenring.wiki.gg/wiki/Hallowhorn_Grounds_(North)	https://eldenring.wiki.gg/w/index.php?oldid=65880	Siofra River	Siofra River,Mohgwyn	3	lead_only
wiki:eldenpedia:page-11229:revision-42274	11229	42274	2023-08-27T12:18:46Z	90820a33329c0cc8629ae5fadacc134afd77c38b	Grand Lift of Rold	https://eldenring.wiki.gg/wiki/Grand_Lift_of_Rold	https://eldenring.wiki.gg/w/index.php?oldid=42274	Mountaintops of the Giants	Mountaintops of the Giants	0	lead_only
wiki:eldenpedia:page-11275:revision-42412	11275	42412	2024-06-29T16:52:01Z	dcc54803cccae85b778cadf41a563f53b129d7e0	Stormhill Evergaol	https://eldenring.wiki.gg/wiki/Stormhill_Evergaol	https://eldenring.wiki.gg/w/index.php?oldid=42412			2	lead_only
wiki:eldenpedia:page-11311:revision-42501	11311	42501	2024-05-13T04:59:49Z	d4f3ffbad9534089d701b9e25ad2129a27e33ee2	Fortified Manor	https://eldenring.wiki.gg/wiki/Fortified_Manor	https://eldenring.wiki.gg/w/index.php?oldid=42501	Leyndell, Royal Capital	Leyndell,Sewer	0	lead_only
wiki:eldenpedia:page-11345:revision-42602	11345	42602	2023-08-27T12:41:55Z	856f9775550133380e3ca1c9cdb92c0d27f1f1b7	Rose Church	https://eldenring.wiki.gg/wiki/Rose_Church	https://eldenring.wiki.gg/w/index.php?oldid=42602			3	lead_only
wiki:eldenpedia:page-11373:revision-42741	11373	42741	2023-08-27T12:21:56Z	9df14b99629404279f8ed3162c03368247780089	Cliffbottom Catacombs	https://eldenring.wiki.gg/wiki/Cliffbottom_Catacombs	https://eldenring.wiki.gg/w/index.php?oldid=42741			9	lead_only
wiki:eldenpedia:page-11379:revision-99815	11379	99815	2026-05-30T02:01:05Z	676e712b17e457ca2d688f8dd64bb02eb0684f66	Abandoned Cave	https://eldenring.wiki.gg/wiki/Abandoned_Cave	https://eldenring.wiki.gg/w/index.php?oldid=99815	Caelid	Caelid	5	lead_only
wiki:eldenpedia:page-11405:revision-83248	11405	83248	2025-04-28T15:40:56Z	39d3732e68179784c9dc2f675734d90363759196	Colosseum	https://eldenring.wiki.gg/wiki/Colosseum	https://eldenring.wiki.gg/w/index.php?oldid=83248			0	lead_only
wiki:eldenpedia:page-11417:revision-70346	11417	70346	2025-01-08T06:35:51Z	578f7574c7c516fd16a7a5618336d46c8f226575	Stranded Graveyard	https://eldenring.wiki.gg/wiki/Stranded_Graveyard	https://eldenring.wiki.gg/w/index.php?oldid=70346			4	lead_only
wiki:eldenpedia:page-11418:revision-42902	11418	42902	2023-08-27T12:31:27Z	07b79d6ea61f79db1181ab0504143e3553078c57	Earthbore Cave	https://eldenring.wiki.gg/wiki/Earthbore_Cave	https://eldenring.wiki.gg/w/index.php?oldid=42902			5	lead_only
wiki:eldenpedia:page-11437:revision-42972	11437	42972	2023-08-27T12:17:26Z	de3ce03a70aa34ddf4644dfb9d30185c20e11198	Seluvis's Rise	https://eldenring.wiki.gg/wiki/Seluvis's_Rise	https://eldenring.wiki.gg/w/index.php?oldid=42972			2	lead_only
wiki:eldenpedia:page-11480:revision-43190	11480	43190	2023-08-27T12:26:47Z	546eb9f29dc2a298753ada0c74f50d2d197dcb10	Minor Erdtree (Caelid)	https://eldenring.wiki.gg/wiki/Minor_Erdtree_(Caelid)	https://eldenring.wiki.gg/w/index.php?oldid=43190	Caelid	Caelid	3	lead_only
wiki:eldenpedia:page-11512:revision-84172	11512	84172	2025-05-05T05:47:34Z	39da289af46c2097c859f9e8e911828de3fb9e78	Isolated Divine Tower	https://eldenring.wiki.gg/wiki/Isolated_Divine_Tower	https://eldenring.wiki.gg/w/index.php?oldid=84172	Caelid	Caelid	0	lead_only
wiki:eldenpedia:page-11523:revision-84937	11523	84937	2025-05-15T09:37:44Z	431f434c8290476d62feaf846e05275c01a27461	Forest Lookout Tower	https://eldenring.wiki.gg/wiki/Forest_Lookout_Tower	https://eldenring.wiki.gg/w/index.php?oldid=84937			2	lead_only
wiki:eldenpedia:page-11570:revision-43575	11570	43575	2023-08-27T12:13:23Z	51bd678ef8cf781c49909dcb45772034d216621d	Callu Baptismal Church	https://eldenring.wiki.gg/wiki/Callu_Baptismal_Church	https://eldenring.wiki.gg/w/index.php?oldid=43575			2	lead_only
wiki:eldenpedia:page-11587:revision-43630	11587	43630	2023-08-27T12:31:17Z	c8712f7ff46b5ad898a5081e33a2a0b9f936c3b3	Caria Manor	https://eldenring.wiki.gg/wiki/Caria_Manor	https://eldenring.wiki.gg/w/index.php?oldid=43630			15	lead_only
wiki:eldenpedia:page-11675:revision-65655	11675	65655	2024-10-27T00:58:46Z	4204670882a75ac40b66d0ae76d13143f9042a1f	Leyndell, Ashen Capital	https://eldenring.wiki.gg/wiki/Leyndell,_Ashen_Capital	https://eldenring.wiki.gg/w/index.php?oldid=65655	Altus Plateau	Altus,Leyndell	8	lead_only
wiki:eldenpedia:page-11699:revision-44024	11699	44024	2023-08-27T12:37:05Z	4f1b2309ae2c025906c1056bb42e624b3c2ef155	Yelough Anix Ruins	https://eldenring.wiki.gg/wiki/Yelough_Anix_Ruins	https://eldenring.wiki.gg/w/index.php?oldid=44024	Consecrated Snowfield	Consecrated Snowfield	4	lead_only
wiki:eldenpedia:page-11715:revision-44079	11715	44079	2023-08-27T12:18:06Z	94814f231a1f612d31cc9e6d72b56adea473558c	Chelona's Rise	https://eldenring.wiki.gg/wiki/Chelona's_Rise	https://eldenring.wiki.gg/w/index.php?oldid=44079	Liurnia of the Lakes	Liurnia,Raya Lucaria Academy	1	lead_only
wiki:eldenpedia:page-11744:revision-44190	11744	44190	2023-07-10T21:26:55Z	f5bec717067daf47a167ff6cd974ade1e27f6f5d	Warmaster's Shack	https://eldenring.wiki.gg/wiki/Warmaster's_Shack	https://eldenring.wiki.gg/w/index.php?oldid=44190	Limgrave	Limgrave,Stormveil	1	lead_only
wiki:eldenpedia:page-11776:revision-44298	11776	44298	2024-09-14T23:51:44Z	700b7a737114596c0f61b565edd2b16b6e87ebd3	Zamor Ruins	https://eldenring.wiki.gg/wiki/Zamor_Ruins	https://eldenring.wiki.gg/w/index.php?oldid=44298	Mountaintops of the Giants	Mountaintops of the Giants	3	lead_only
wiki:eldenpedia:page-11882:revision-99814	11882	99814	2026-05-29T20:38:15Z	ec021ae8a685b7f4cfa896ef59ed01e22ffeb1c8	Cave of the Forlorn	https://eldenring.wiki.gg/wiki/Cave_of_the_Forlorn	https://eldenring.wiki.gg/w/index.php?oldid=99814	Consecrated Snowfield	Consecrated Snowfield	10	lead_only
wiki:eldenpedia:page-11908:revision-44789	11908	44789	2023-08-27T12:33:57Z	d33ca1080c6b10c73885f6516e4805c97865ed25	Divine Tower of West Altus	https://eldenring.wiki.gg/wiki/Divine_Tower_of_West_Altus	https://eldenring.wiki.gg/w/index.php?oldid=44789	Capital Outskirts	Altus	0	lead_only
wiki:eldenpedia:page-12071:revision-45418	12071	45418	2023-08-27T12:37:15Z	72ac2aadc462ffd3eda09d2b7ea96f48cbbc028d	Apostate Derelict	https://eldenring.wiki.gg/wiki/Apostate_Derelict	https://eldenring.wiki.gg/w/index.php?oldid=45418	Consecrated Snowfield	Consecrated Snowfield	3	lead_only
wiki:eldenpedia:page-12078:revision-45432	12078	45432	2023-07-12T20:49:18Z	a8b7160be34a9e333ed605c25bcceb76d211ed06	Subterranean Inquisition Chamber	https://eldenring.wiki.gg/wiki/Subterranean_Inquisition_Chamber	https://eldenring.wiki.gg/w/index.php?oldid=45432	Mt. Gelmir	Mt. Gelmir	4	lead_only
wiki:eldenpedia:page-12096:revision-45622	12096	45622	2023-08-27T12:26:17Z	63ba0fcfc4db62e83d8abc1a6249f5459a9fc3de	Minor Erdtree (Weeping Peninsula)	https://eldenring.wiki.gg/wiki/Minor_Erdtree_(Weeping_Peninsula)	https://eldenring.wiki.gg/w/index.php?oldid=45622			2	lead_only
wiki:eldenpedia:page-12097:revision-45625	12097	45625	2023-07-13T17:40:11Z	7e684d4c0b4769a57eb1ad19d09eb97d74dc7aac	Boilprawn Shack	https://eldenring.wiki.gg/wiki/Boilprawn_Shack	https://eldenring.wiki.gg/w/index.php?oldid=45625			0	lead_only
wiki:eldenpedia:page-12178:revision-65226	12178	65226	2024-10-27T00:28:26Z	28dca240e63b409ae6b367d5ab05abae164fec9d	Ainsel River Main	https://eldenring.wiki.gg/wiki/Ainsel_River_Main	https://eldenring.wiki.gg/w/index.php?oldid=65226	Ainsel River	Ainsel River	0	lead_only
wiki:eldenpedia:page-12193:revision-45929	12193	45929	2023-08-27T12:20:16Z	6c8280b39270c3bc1cfef95c0b06dc0671efac9f	Deep Ainsel Well	https://eldenring.wiki.gg/wiki/Deep_Ainsel_Well	https://eldenring.wiki.gg/w/index.php?oldid=45929	Liurnia of the Lakes	Liurnia,Raya Lucaria Academy	0	lead_only
wiki:eldenpedia:page-12306:revision-46406	12306	46406	2023-08-27T12:30:07Z	d1fcd74a4623f151ce7badd70c927d4f66655acf	Stillwater Cave	https://eldenring.wiki.gg/wiki/Stillwater_Cave	https://eldenring.wiki.gg/w/index.php?oldid=46406			7	lead_only
wiki:eldenpedia:page-12337:revision-46487	12337	46487	2023-08-27T12:19:36Z	71292057414142aee893765a07bf86ef8637d308	Sellia Gateway	https://eldenring.wiki.gg/wiki/Sellia_Gateway	https://eldenring.wiki.gg/w/index.php?oldid=46487	Caelid	Caelid	2	lead_only
wiki:eldenpedia:page-12459:revision-98582	12459	98582	2026-01-03T10:20:26Z	71ebd0848a438d69dbe943f5e5619d1bf47824c0	Testu's Rise	https://eldenring.wiki.gg/wiki/Testu's_Rise	https://eldenring.wiki.gg/w/index.php?oldid=98582			1	lead_only
wiki:eldenpedia:page-12514:revision-65881	12514	65881	2024-10-29T22:15:33Z	a7140c5f36b7c03aea54471a0f38675cef1833f4	Grand Cloister	https://eldenring.wiki.gg/wiki/Grand_Cloister	https://eldenring.wiki.gg/w/index.php?oldid=65881	Ainsel River	Ainsel River	8	lead_only
wiki:eldenpedia:page-12647:revision-47493	12647	47493	2024-08-14T22:32:55Z	b354b0ad244fe72e367bd130fc3edd07db7dfa45	Wandering Mausoleum	https://eldenring.wiki.gg/wiki/Wandering_Mausoleum	https://eldenring.wiki.gg/w/index.php?oldid=47493			0	lead_only
wiki:eldenpedia:page-12690:revision-47613	12690	47613	2023-08-27T12:23:06Z	f27daa4490652f31902ad4fea8bfca53a71f0e3a	Wyndham Catacombs	https://eldenring.wiki.gg/wiki/Wyndham_Catacombs	https://eldenring.wiki.gg/w/index.php?oldid=47613	Mt. Gelmir	Mt. Gelmir	7	lead_only
wiki:eldenpedia:page-12785:revision-97405	12785	97405	2025-11-16T23:34:09Z	e3c3c5f44f463c610f0c7117bee488aa7f9701ee	Academy of Raya Lucaria	https://eldenring.wiki.gg/wiki/Academy_of_Raya_Lucaria	https://eldenring.wiki.gg/w/index.php?oldid=97405	Liurnia of the Lakes	Liurnia,Raya Lucaria Academy	0	lead_only
wiki:eldenpedia:page-12842:revision-48282	12842	48282	2023-08-27T12:25:17Z	a5bfa07675b559dfa1d97a6c6a604d774e0f54ad	Shack of the Rotting	https://eldenring.wiki.gg/wiki/Shack_of_the_Rotting	https://eldenring.wiki.gg/w/index.php?oldid=48282	Caelid	Caelid	2	lead_only
wiki:eldenpedia:page-12938:revision-83497	12938	83497	2025-05-01T17:13:54Z	f45d0caa1e3983c6d0af42fcf80ffae89e110252	Divine Towers	https://eldenring.wiki.gg/wiki/Divine_Towers	https://eldenring.wiki.gg/w/index.php?oldid=83497			0	lead_only
wiki:eldenpedia:page-12952:revision-48640	12952	48640	2023-12-31T23:41:28Z	9338ad04f0b8e4d87a2df07f31252235e5faa5de	Church of Dragon Communion	https://eldenring.wiki.gg/wiki/Church_of_Dragon_Communion	https://eldenring.wiki.gg/w/index.php?oldid=48640			2	lead_only
wiki:eldenpedia:page-12973:revision-64950	12973	64950	2024-10-21T02:28:43Z	f0750ddb2a673599cd435fd82f31bed50449259e	Cathedral of Manus Celes	https://eldenring.wiki.gg/wiki/Cathedral_of_Manus_Celes	https://eldenring.wiki.gg/w/index.php?oldid=64950	Liurnia of the Lakes	Liurnia,Raya Lucaria Academy	4	lead_only
wiki:eldenpedia:page-12992:revision-65322	12992	65322	2024-10-27T00:35:29Z	dd5e74b2d115f87115e953a7d7e4dae7216a26f1	Capital Outskirts	https://eldenring.wiki.gg/wiki/Capital_Outskirts	https://eldenring.wiki.gg/w/index.php?oldid=65322	Altus Plateau	Altus,Leyndell	0	lead_only
wiki:eldenpedia:page-13032:revision-48924	13032	48924	2023-08-27T12:13:43Z	4f3d7bb6977ee19521615f48c7dec2cc21a684b7	Siofra Aqueduct	https://eldenring.wiki.gg/wiki/Siofra_Aqueduct	https://eldenring.wiki.gg/w/index.php?oldid=48924	Nokron, Eternal City	Siofra River	7	lead_only
wiki:eldenpedia:page-13068:revision-84370	13068	84370	2025-05-07T17:29:12Z	418a6084face43bdd1066aafdca05a369930419d	Morne Tunnel	https://eldenring.wiki.gg/wiki/Morne_Tunnel	https://eldenring.wiki.gg/w/index.php?oldid=84370	Weeping Peninsula	Weeping	0	lead_only
wiki:eldenpedia:page-13087:revision-100924	13087	100924	2026-08-28T16:47:46Z	0e065bd251b0aaab0404eef8dc360b8fb957440e	Crumbling Farum Azula	https://eldenring.wiki.gg/wiki/Crumbling_Farum_Azula	https://eldenring.wiki.gg/w/index.php?oldid=100924			0	lead_only
wiki:eldenpedia:page-13135:revision-97036	13135	97036	2025-09-17T18:34:55Z	bd70535e7cca3301fa3176a4f5bfdd04868e6ca6	Stormveil Castle	https://eldenring.wiki.gg/wiki/Stormveil_Castle	https://eldenring.wiki.gg/w/index.php?oldid=97036			26	lead_only
wiki:eldenpedia:page-13139:revision-83796	13139	83796	2025-05-03T15:17:01Z	8746ca45dabcda1773cfe35d942ea3079f4ccc2b	Mohgwyn Palace	https://eldenring.wiki.gg/wiki/Mohgwyn_Palace	https://eldenring.wiki.gg/w/index.php?oldid=83796	Siofra River	Siofra River,Mohgwyn	8	lead_only
wiki:eldenpedia:page-13159:revision-49444	13159	49444	2023-08-27T12:28:27Z	c84f8bf534892095094cea8429e8a1d0e311be50	Unsightly Catacombs	https://eldenring.wiki.gg/wiki/Unsightly_Catacombs	https://eldenring.wiki.gg/w/index.php?oldid=49444	Altus Plateau	Altus,Leyndell	7	lead_only
wiki:eldenpedia:page-13199:revision-100036	13199	100036	2026-07-09T02:19:23Z	0b18811cd8753a690485585fe75ec1e2c8cc41cd	Shadow Keep	https://eldenring.wiki.gg/wiki/Shadow_Keep	https://eldenring.wiki.gg/w/index.php?oldid=100036			0	lead_only
wiki:eldenpedia:page-13200:revision-66900	13200	66900	2024-11-20T04:38:27Z	5f703b5f8c0f5e06ae0082fdfbf027200826a4fb	Nokron, Eternal City	https://eldenring.wiki.gg/wiki/Nokron,_Eternal_City	https://eldenring.wiki.gg/w/index.php?oldid=66900	Siofra River	Siofra River,Mohgwyn	18	lead_only
wiki:eldenpedia:page-13269:revision-65395	13269	65395	2024-10-27T00:40:32Z	f6bf6e9a8c59ab5073da9792ac11ddf78e1e06af	Deeproot Depths	https://eldenring.wiki.gg/wiki/Deeproot_Depths	https://eldenring.wiki.gg/w/index.php?oldid=65395			0	lead_only
wiki:eldenpedia:page-13311:revision-49985	13311	49985	2023-08-27T12:29:37Z	3b100d7c88e6c72b6141ce70b6abbe5cd5c61182	Village Windmill Pasture	https://eldenring.wiki.gg/wiki/Village_Windmill_Pasture	https://eldenring.wiki.gg/w/index.php?oldid=49985	Altus Plateau	Altus,Leyndell	1	lead_only
wiki:eldenpedia:page-13312:revision-84972	13312	84972	2025-05-18T05:37:28Z	f575b61be04fa6236a012623dbcb4187a7be37bb	Lands Between	https://eldenring.wiki.gg/wiki/Lands_Between	https://eldenring.wiki.gg/w/index.php?oldid=84972			0	lead_only
wiki:eldenpedia:page-13353:revision-50146	13353	50146	2023-08-27T12:18:36Z	6606878817af8116e21755be85fcf225e3fd9020	Tombsward Cave	https://eldenring.wiki.gg/wiki/Tombsward_Cave	https://eldenring.wiki.gg/w/index.php?oldid=50146			6	lead_only
wiki:eldenpedia:page-13458:revision-69850	13458	69850	2024-12-25T03:25:11Z	32cd5a29c95d018381a8d6a24b42cf65f9ac519b	Charo's Hidden Grave	https://eldenring.wiki.gg/wiki/Charo's_Hidden_Grave	https://eldenring.wiki.gg/w/index.php?oldid=69850			9	lead_only
wiki:eldenpedia:page-13509:revision-50662	13509	50662	2023-08-27T12:38:35Z	b002988a14bca1234edb3e6f3f031a92364aa5e8	Smoldering Church	https://eldenring.wiki.gg/wiki/Smoldering_Church	https://eldenring.wiki.gg/w/index.php?oldid=50662	Caelid	Caelid	5	lead_only
wiki:eldenpedia:page-13594:revision-50914	13594	50914	2023-08-27T12:37:55Z	e872db796fe565a71b6962ab30d5b818df128a5e	Highway Lookout Tower (Altus Plateau)	https://eldenring.wiki.gg/wiki/Highway_Lookout_Tower_(Altus_Plateau)	https://eldenring.wiki.gg/w/index.php?oldid=50914	Altus Plateau	Altus,Leyndell	4	lead_only
wiki:eldenpedia:page-13636:revision-83205	13636	83205	2025-04-27T16:17:31Z	db0782f72d560af78f152f5625e239af807c0a1a	Eternal Cities	https://eldenring.wiki.gg/wiki/Eternal_Cities	https://eldenring.wiki.gg/w/index.php?oldid=83205			0	lead_only
wiki:eldenpedia:page-13732:revision-51375	13732	51375	2023-08-27T12:41:25Z	3a4f94c55bab1404846c2354029fcc1e01fec587	Temple Quarter	https://eldenring.wiki.gg/wiki/Temple_Quarter	https://eldenring.wiki.gg/w/index.php?oldid=51375			2	lead_only
wiki:eldenpedia:page-13741:revision-51399	13741	51399	2023-08-27T12:23:47Z	894811e988da07ad06cd1c0b2cc44af9b748ed95	Raya Lucaria Crystal Tunnel	https://eldenring.wiki.gg/wiki/Raya_Lucaria_Crystal_Tunnel	https://eldenring.wiki.gg/w/index.php?oldid=51399	Liurnia of the Lakes	Liurnia,Raya Lucaria Academy	10	lead_only
wiki:eldenpedia:page-13748:revision-83436	13748	83436	2025-05-01T01:48:31Z	e21a67aef0f781dd6d72d58171e9844051d99b67	Ancient Ruins	https://eldenring.wiki.gg/wiki/Ancient_Ruins	https://eldenring.wiki.gg/w/index.php?oldid=83436			0	lead_only
wiki:eldenpedia:page-13752:revision-51433	13752	51433	2024-06-29T16:59:23Z	d2939fbff74bc62d9e5cda14863b830f6ccb3adf	Lord Contender's Evergaol	https://eldenring.wiki.gg/wiki/Lord_Contender's_Evergaol	https://eldenring.wiki.gg/w/index.php?oldid=51433	Mountaintops of the Giants	Mountaintops of the Giants	2	lead_only
wiki:eldenpedia:page-13821:revision-84374	13821	84374	2025-05-07T18:37:06Z	72ff454ad709b0317ac47a6e084897e66b0cb59e	Gelmir Hero's Grave	https://eldenring.wiki.gg/wiki/Gelmir_Hero's_Grave	https://eldenring.wiki.gg/w/index.php?oldid=84374	Mt. Gelmir	Mt. Gelmir	13	lead_only
wiki:eldenpedia:page-13853:revision-51769	13853	51769	2023-07-10T21:24:02Z	65f4514415944104710e97f13a57d54a662914a4	Stormgate	https://eldenring.wiki.gg/wiki/Stormgate	https://eldenring.wiki.gg/w/index.php?oldid=51769	Limgrave	Limgrave,Stormveil	2	lead_only
wiki:eldenpedia:page-13945:revision-52141	13945	52141	2023-08-27T12:34:27Z	b51554c66d04879452a1ed4e3918f213b15c0185	Street of Sages Ruins	https://eldenring.wiki.gg/wiki/Street_of_Sages_Ruins	https://eldenring.wiki.gg/w/index.php?oldid=52141	Caelid	Caelid	5	lead_only
wiki:eldenpedia:page-13968:revision-52318	13968	52318	2023-08-27T12:28:17Z	b0c0ba59659f387653efc0c745e1ac3b6efd05c2	Mirage Rise	https://eldenring.wiki.gg/wiki/Mirage_Rise	https://eldenring.wiki.gg/w/index.php?oldid=52318	Altus Plateau	Altus,Leyndell	3	lead_only
wiki:eldenpedia:page-14011:revision-52445	14011	52445	2023-08-27T12:32:47Z	b7a838eb55fef12717f5e3f109fcc7e5929c6460	Witchbane Ruins	https://eldenring.wiki.gg/wiki/Witchbane_Ruins	https://eldenring.wiki.gg/w/index.php?oldid=52445			1	lead_only
wiki:eldenpedia:page-14103:revision-52755	14103	52755	2023-08-27T12:26:27Z	8c6c4cc60de686018f097157f67cf8c83823b156	Minor Erdtree (Altus Plateau)	https://eldenring.wiki.gg/wiki/Minor_Erdtree_(Altus_Plateau)	https://eldenring.wiki.gg/w/index.php?oldid=52755	Altus Plateau	Altus,Leyndell	3	lead_only
wiki:eldenpedia:page-14180:revision-53022	14180	53022	2024-04-09T10:20:56Z	7639dfd63957eecee631c32c4ee8410c12d1395a	Fringefolk Hero's Grave	https://eldenring.wiki.gg/wiki/Fringefolk_Hero's_Grave	https://eldenring.wiki.gg/w/index.php?oldid=53022			12	lead_only
wiki:eldenpedia:page-14208:revision-71937	14208	71937	2025-02-08T18:18:47Z	899d8738c2f76309764fdfdc31c01024d31dd963	Siofra River	https://eldenring.wiki.gg/wiki/Siofra_River	https://eldenring.wiki.gg/w/index.php?oldid=71937			0	lead_only
wiki:eldenpedia:page-14236:revision-68001	14236	68001	2024-11-29T19:45:36Z	4e155d74d6af36d606f02f8b034afe710abaf3bd	Royal Colosseum	https://eldenring.wiki.gg/wiki/Royal_Colosseum	https://eldenring.wiki.gg/w/index.php?oldid=68001			0	lead_only
wiki:eldenpedia:page-14239:revision-53238	14239	53238	2024-08-23T00:23:28Z	55fee228cdb3104cca92a735833a3be8154c7c78	Gate of Divinity	https://eldenring.wiki.gg/wiki/Gate_of_Divinity	https://eldenring.wiki.gg/w/index.php?oldid=53238	Enir-Ilim	Enir-Ilim	0	lead_only
wiki:eldenpedia:page-14307:revision-53438	14307	53438	2023-08-27T12:33:37Z	605b3460bf2bca45d1fdfbde54fc0d28f2e00c63	Divine Tower of Liurnia	https://eldenring.wiki.gg/wiki/Divine_Tower_of_Liurnia	https://eldenring.wiki.gg/w/index.php?oldid=53438			3	lead_only
wiki:eldenpedia:page-14386:revision-53656	14386	53656	2023-03-08T20:03:18Z	a0948f369e732045ae07781f9991a96f7a060df2	Minor Erdtree (Limgrave)	https://eldenring.wiki.gg/wiki/Minor_Erdtree_(Limgrave)	https://eldenring.wiki.gg/w/index.php?oldid=53656			3	lead_only
wiki:eldenpedia:page-14399:revision-53708	14399	53708	2023-08-27T12:42:15Z	dc04f58eb736cf9f612ddacfcc485b3a749a2feb	Church of Pilgrimage	https://eldenring.wiki.gg/wiki/Church_of_Pilgrimage	https://eldenring.wiki.gg/w/index.php?oldid=53708			3	lead_only
wiki:eldenpedia:page-14424:revision-100049	14424	100049	2026-07-09T05:31:20Z	0cc677375e71f127521c80969620f314e7fefa05	Villages	https://eldenring.wiki.gg/wiki/Villages	https://eldenring.wiki.gg/w/index.php?oldid=100049			0	lead_only
wiki:eldenpedia:page-14614:revision-54640	14614	54640	2023-08-26T10:46:38Z	cdab3ca8a6e0deb3872723337dbbbfc452ac7403	Church of Irith	https://eldenring.wiki.gg/wiki/Church_of_Irith	https://eldenring.wiki.gg/w/index.php?oldid=54640			1	lead_only
wiki:eldenpedia:page-14683:revision-54860	14683	54860	2023-08-27T12:32:57Z	ff3bce4c457c142be7f18eb57f0d4f80467f0741	Siofra River Well	https://eldenring.wiki.gg/wiki/Siofra_River_Well	https://eldenring.wiki.gg/w/index.php?oldid=54860			0	lead_only
wiki:eldenpedia:page-14685:revision-101007	14685	101007	2026-08-29T20:10:04Z	29305e9d0b0cd008d87e0389153db196ad6c4dc2	Caelid Colosseum	https://eldenring.wiki.gg/wiki/Caelid_Colosseum	https://eldenring.wiki.gg/w/index.php?oldid=101007			2	lead_only
wiki:eldenpedia:page-14743:revision-55049	14743	55049	2023-08-27T12:38:25Z	0e9d68872e4f18bd4551fd120afa897f0014a2d5	Old Altus Tunnel	https://eldenring.wiki.gg/wiki/Old_Altus_Tunnel	https://eldenring.wiki.gg/w/index.php?oldid=55049	Altus Plateau	Altus,Leyndell	10	lead_only
wiki:eldenpedia:page-14751:revision-55078	14751	55078	2024-06-29T16:56:27Z	d4d404893cc0228157aae1299dbee2537a9322e6	Royal Grave Evergaol	https://eldenring.wiki.gg/wiki/Royal_Grave_Evergaol	https://eldenring.wiki.gg/w/index.php?oldid=55078	Liurnia of the Lakes	Liurnia,Raya Lucaria Academy	2	lead_only
wiki:eldenpedia:page-14811:revision-55310	14811	55310	2022-02-19T22:48:43Z	dc2aa136928bd4239688109c340dc9c84fde3293	Castleward Tunnel	https://eldenring.wiki.gg/wiki/Castleward_Tunnel	https://eldenring.wiki.gg/w/index.php?oldid=55310			0	lead_only
wiki:eldenpedia:page-14815:revision-65889	14815	65889	2024-10-29T06:14:23Z	c24d077ddee2355e165ee4fd0d250fb0dc9425fb	Uld Palace Ruins	https://eldenring.wiki.gg/wiki/Uld_Palace_Ruins	https://eldenring.wiki.gg/w/index.php?oldid=65889			3	lead_only
wiki:eldenpedia:page-14818:revision-71018	14818	71018	2025-01-21T15:37:30Z	74261060b0b500c550748e77c852ddbbed6d06f4	Land of the Tower	https://eldenring.wiki.gg/wiki/Land_of_the_Tower	https://eldenring.wiki.gg/w/index.php?oldid=71018			0	lead_only
wiki:eldenpedia:page-14848:revision-55435	14848	55435	2024-01-05T01:36:51Z	5004b8a6315b0dc0e55489a38d2cbc8450e1d0d6	Deathtouched Catacombs	https://eldenring.wiki.gg/wiki/Deathtouched_Catacombs	https://eldenring.wiki.gg/w/index.php?oldid=55435	Limgrave	Limgrave,Stormveil	4	lead_only
wiki:eldenpedia:page-15453:revision-83207	15453	83207	2025-04-27T16:29:15Z	6ac4a2113aa83b4d7ad6870089e799a0140b34bb	The Nameless Eternal City	https://eldenring.wiki.gg/wiki/The_Nameless_Eternal_City	https://eldenring.wiki.gg/w/index.php?oldid=83207	Deeproot Depths	Deeproot Depths	0	lead_only
wiki:eldenpedia:page-16363:revision-82563	16363	82563	2025-04-13T19:35:07Z	090c2a90fc148e227c7f25260075d74e279634c7	Midra's Manse	https://eldenring.wiki.gg/wiki/Midra's_Manse	https://eldenring.wiki.gg/w/index.php?oldid=82563			9	lead_only
wiki:eldenpedia:page-16559:revision-69384	16559	69384	2024-12-15T19:45:20Z	40bfe304780fc14ccc80b2266cc8d1c9edd54689	Cerulean Coast	https://eldenring.wiki.gg/wiki/Cerulean_Coast	https://eldenring.wiki.gg/w/index.php?oldid=69384			0	lead_only
wiki:eldenpedia:page-16680:revision-73643	16680	73643	2025-03-04T01:18:50Z	612bb1b9bffc505d2832fdcd1bc77df28e9967b6	Castle Ensis	https://eldenring.wiki.gg/wiki/Castle_Ensis	https://eldenring.wiki.gg/w/index.php?oldid=73643	Gravesite Plain	Gravesite,Belurat	0	lead_only
wiki:eldenpedia:page-16691:revision-73558	16691	73558	2025-02-26T19:34:33Z	ec4771d8adaea615d92ebe440f439b80d82400c8	Scaduview	https://eldenring.wiki.gg/wiki/Scaduview	https://eldenring.wiki.gg/w/index.php?oldid=73558			0	lead_only
wiki:eldenpedia:page-16694:revision-69851	16694	69851	2024-12-25T03:27:18Z	dc7c3b3323fd689a1a52ebd0a61a2ad5a0f639a0	Stone Coffin Fissure	https://eldenring.wiki.gg/wiki/Stone_Coffin_Fissure	https://eldenring.wiki.gg/w/index.php?oldid=69851	Gravesite Plain	Gravesite,Belurat	0	lead_only
wiki:eldenpedia:page-16700:revision-69856	16700	69856	2024-12-25T03:33:22Z	a737b2cfef08711e4d0b97387820a9373eb878fd	Rauh Base	https://eldenring.wiki.gg/wiki/Rauh_Base	https://eldenring.wiki.gg/w/index.php?oldid=69856	Land of the Tower		0	lead_only
wiki:eldenpedia:page-16724:revision-69967	16724	69967	2024-12-27T03:44:30Z	2a5f09a0c8257db32cbe6937d31d36e9a91fc980	Foot of the Jagged Peak	https://eldenring.wiki.gg/wiki/Foot_of_the_Jagged_Peak	https://eldenring.wiki.gg/w/index.php?oldid=69967			0	lead_only
wiki:eldenpedia:page-16734:revision-69999	16734	69999	2024-12-27T21:23:17Z	e429b3249b7fe4ff4a28516386341c3bac74d22f	Shadow Keep, Church District	https://eldenring.wiki.gg/wiki/Shadow_Keep,_Church_District	https://eldenring.wiki.gg/w/index.php?oldid=69999			3	lead_only
wiki:eldenpedia:page-16736:revision-70003	16736	70003	2024-12-27T21:41:44Z	e7fb80628c92bf1009cfee9dfbb5d5937c54d599	Specimen Storehouse	https://eldenring.wiki.gg/wiki/Specimen_Storehouse	https://eldenring.wiki.gg/w/index.php?oldid=70003			6	lead_only
wiki:eldenpedia:page-17253:revision-83148	17253	83148	2025-04-25T23:32:06Z	88c5129de4f941b1bdf6d7ff410b4f9340b86768	Fog Rift Catacombs	https://eldenring.wiki.gg/wiki/Fog_Rift_Catacombs	https://eldenring.wiki.gg/w/index.php?oldid=83148	Gravesite Plain	Gravesite,Belurat	0	lead_only
wiki:eldenpedia:page-17254:revision-84817	17254	84817	2025-05-12T15:43:12Z	d09775805334e8124d1bd79f96bd82f304f96282	Belurat Gaol	https://eldenring.wiki.gg/wiki/Belurat_Gaol	https://eldenring.wiki.gg/w/index.php?oldid=84817	Gravesite Plain	Gravesite,Belurat	4	lead_only
wiki:eldenpedia:page-17502:revision-71583	17502	71583	2025-01-28T15:40:36Z	2bef04964916df25304907c763de91b470d509e7	Ruined Forge Lava Intake	https://eldenring.wiki.gg/wiki/Ruined_Forge_Lava_Intake	https://eldenring.wiki.gg/w/index.php?oldid=71583	Gravesite Plain	Gravesite,Belurat	0	lead_only
wiki:eldenpedia:page-17533:revision-71580	17533	71580	2025-01-28T15:39:26Z	acdf80cb331b055350cd3accfbfbae8bc46c4015	Rivermouth Cave	https://eldenring.wiki.gg/wiki/Rivermouth_Cave	https://eldenring.wiki.gg/w/index.php?oldid=71580	Gravesite Plain	Gravesite,Belurat	0	lead_only
wiki:eldenpedia:page-17535:revision-71579	17535	71579	2025-01-28T15:37:15Z	ffe3346ce658210e3764eef5cbc88f00c8d05e95	Dragon's Pit	https://eldenring.wiki.gg/wiki/Dragon's_Pit	https://eldenring.wiki.gg/w/index.php?oldid=71579	Gravesite Plain	Gravesite,Belurat	0	lead_only
wiki:eldenpedia:page-17843:revision-72337	17843	72337	2025-02-17T21:17:05Z	62fc60ebe0d2ac2f8a33b7fcfa7ba57d984c57c1	Lamenter's Gaol	https://eldenring.wiki.gg/wiki/Lamenter's_Gaol	https://eldenring.wiki.gg/w/index.php?oldid=72337	Gravesite Plain	Gravesite,Belurat	0	lead_only
wiki:eldenpedia:page-18817:revision-73529	18817	73529	2025-02-25T16:34:32Z	ac84f1aa0f7e44d63cdbd1ff0f04847b025b26ae	Prospect Town	https://eldenring.wiki.gg/wiki/Prospect_Town	https://eldenring.wiki.gg/w/index.php?oldid=73529	Gravesite Plain	Gravesite,Belurat	0	lead_only
wiki:eldenpedia:page-18819:revision-73528	18819	73528	2025-02-25T16:34:19Z	da89da0eb72f71d29a9a4ae25563d493d758e1ea	Artist's Shack (Gravesite Plain)	https://eldenring.wiki.gg/wiki/Artist's_Shack_(Gravesite_Plain)	https://eldenring.wiki.gg/w/index.php?oldid=73528	Gravesite Plain	Gravesite,Belurat	0	lead_only
wiki:eldenpedia:page-18820:revision-73531	18820	73531	2025-02-25T17:18:39Z	f9708e1e6b7619a87e21b3a839debbb516757e09	Church of Benediction	https://eldenring.wiki.gg/wiki/Church_of_Benediction	https://eldenring.wiki.gg/w/index.php?oldid=73531	Gravesite Plain	Gravesite,Belurat	0	lead_only
wiki:eldenpedia:page-18831:revision-73613	18831	73613	2025-02-28T15:32:24Z	c7b4b27cfa7e91f09532247caf4bd62af7cc5cf7	Church of Consolation	https://eldenring.wiki.gg/wiki/Church_of_Consolation	https://eldenring.wiki.gg/w/index.php?oldid=73613	Gravesite Plain	Gravesite,Belurat	0	lead_only
wiki:eldenpedia:page-18834:revision-75587	18834	75587	2025-03-20T16:38:40Z	ae14f40fffbe3a6dcbfa3cecffc01268ac5b069b	Run-Down Traveler's Rest	https://eldenring.wiki.gg/wiki/Run-Down_Traveler's_Rest	https://eldenring.wiki.gg/w/index.php?oldid=75587	Gravesite Plain	Gravesite,Belurat	0	lead_only
wiki:eldenpedia:page-18835:revision-73619	18835	73619	2025-02-28T16:14:39Z	2a2c0f0a021f50cde0f4dccdc1f01626de56ab33	Ellac Greatbridge	https://eldenring.wiki.gg/wiki/Ellac_Greatbridge	https://eldenring.wiki.gg/w/index.php?oldid=73619			0	lead_only
wiki:eldenpedia:page-18841:revision-73646	18841	73646	2025-03-04T15:56:22Z	d923f2e19a365d63e7c556dfad949dd6fa640015	Grand Altar of Dragon Communion	https://eldenring.wiki.gg/wiki/Grand_Altar_of_Dragon_Communion	https://eldenring.wiki.gg/w/index.php?oldid=73646	Gravesite Plain	Gravesite,Belurat	0	lead_only
wiki:eldenpedia:page-19789:revision-75501	19789	75501	2025-03-17T17:55:08Z	66bbf074e9f6be77bb60893fd629ccf9b9a6e8c5	Suppressing Pillar	https://eldenring.wiki.gg/wiki/Suppressing_Pillar	https://eldenring.wiki.gg/w/index.php?oldid=75501			0	lead_only
wiki:eldenpedia:page-19805:revision-75586	19805	75586	2025-03-20T16:38:28Z	b58cd569182cf75b7eb005183ae995c16e20aedb	Elder's Hovel	https://eldenring.wiki.gg/wiki/Elder's_Hovel	https://eldenring.wiki.gg/w/index.php?oldid=75586	Gravesite Plain	Gravesite,Belurat	0	lead_only
wiki:eldenpedia:page-19823:revision-84350	19823	84350	2025-05-07T02:23:02Z	def502ac1874ce7e3392fe44a11d5d53f043152a	Southern Nameless Mausoleum	https://eldenring.wiki.gg/wiki/Southern_Nameless_Mausoleum	https://eldenring.wiki.gg/w/index.php?oldid=84350	Gravesite Plain	Gravesite,Belurat	0	lead_only
wiki:eldenpedia:page-26171:revision-83175	26171	83175	2025-04-26T14:01:42Z	04a3464b6b1cf0a2260d4d3e9e0a1dd7726697f6	Scorpion River Catacombs	https://eldenring.wiki.gg/wiki/Scorpion_River_Catacombs	https://eldenring.wiki.gg/w/index.php?oldid=83175			0	lead_only
wiki:eldenpedia:page-26172:revision-83202	26172	83202	2025-04-27T15:32:37Z	f5d6465f00e8f157ae7af1ffd498b70597464e1d	Darklight Catacombs	https://eldenring.wiki.gg/wiki/Darklight_Catacombs	https://eldenring.wiki.gg/w/index.php?oldid=83202			0	lead_only
wiki:eldenpedia:page-26210:revision-83363	26210	83363	2025-04-30T02:45:14Z	ea73d9b64804afaad93b0b49f2dd2e071a558e6e	Rabbath's Rise	https://eldenring.wiki.gg/wiki/Rabbath's_Rise	https://eldenring.wiki.gg/w/index.php?oldid=83363	Scadu Altus	Scadu Altus,Shadow Keep	0	lead_only
wiki:eldenpedia:page-26219:revision-83488	26219	83488	2025-05-01T14:23:55Z	746e0c7a45a068729f5e8e24a8812b57fadeec6a	Finger Ruins of Rhia	https://eldenring.wiki.gg/wiki/Finger_Ruins_of_Rhia	https://eldenring.wiki.gg/w/index.php?oldid=83488	Gravesite Plain	Gravesite,Belurat	0	lead_only
wiki:eldenpedia:page-26220:revision-83495	26220	83495	2025-05-01T14:45:55Z	eed98f6cf81d1bfe4427189053bbbae6dbb5beee	Fog Rift Fort	https://eldenring.wiki.gg/wiki/Fog_Rift_Fort	https://eldenring.wiki.gg/w/index.php?oldid=83495	Gravesite Plain	Gravesite,Belurat	0	lead_only
wiki:eldenpedia:page-26235:revision-83807	26235	83807	2025-05-03T16:51:42Z	be065483e1da8fe6b150307526bc90526bbd8add	Ruined Forge of Starfall Past	https://eldenring.wiki.gg/wiki/Ruined_Forge_of_Starfall_Past	https://eldenring.wiki.gg/w/index.php?oldid=83807	Scadu Altus	Scadu Altus,Shadow Keep	0	lead_only
wiki:eldenpedia:page-26238:revision-83977	26238	83977	2025-05-04T01:28:59Z	a27069cd578cbcf62e727f59bfaf28eadb127e9a	Moorth Ruins	https://eldenring.wiki.gg/wiki/Moorth_Ruins	https://eldenring.wiki.gg/w/index.php?oldid=83977	Scadu Altus	Scadu Altus,Shadow Keep	0	lead_only
wiki:eldenpedia:page-26245:revision-84125	26245	84125	2025-05-05T03:54:30Z	a18ac5883d5f0e850371e37f5f8cb35770a06565	Church of the Crusade	https://eldenring.wiki.gg/wiki/Church_of_the_Crusade	https://eldenring.wiki.gg/w/index.php?oldid=84125			0	lead_only
wiki:eldenpedia:page-26298:revision-84319	26298	84319	2025-05-06T17:15:53Z	606fd5789565eca5c5628bd154305787ce03ead9	Fort of Reprimand	https://eldenring.wiki.gg/wiki/Fort_of_Reprimand	https://eldenring.wiki.gg/w/index.php?oldid=84319	Scadu Altus	Scadu Altus,Shadow Keep	0	lead_only
wiki:eldenpedia:page-26304:revision-84349	26304	84349	2025-05-07T02:22:45Z	f6a5755721b6a019fe52d452cb1196fdf4d0da4e	Nameless Mausoleums	https://eldenring.wiki.gg/wiki/Nameless_Mausoleums	https://eldenring.wiki.gg/w/index.php?oldid=84349			0	lead_only
wiki:eldenpedia:page-26308:revision-84433	26308	84433	2025-05-09T00:54:25Z	b7ed0515fe0cc373f4371993be9194e92ce6c28c	Northern Nameless Mausoleum	https://eldenring.wiki.gg/wiki/Northern_Nameless_Mausoleum	https://eldenring.wiki.gg/w/index.php?oldid=84433	Scadu Altus	Scadu Altus,Shadow Keep	0	lead_only
wiki:eldenpedia:page-26309:revision-84473	26309	84473	2025-05-09T19:23:56Z	54160eb9ed29e4024cd0addaf43aa2625ab44838	Bonny Village	https://eldenring.wiki.gg/wiki/Bonny_Village	https://eldenring.wiki.gg/w/index.php?oldid=84473	Scadu Altus	Scadu Altus,Shadow Keep	0	lead_only
wiki:eldenpedia:page-26520:revision-84753	26520	84753	2025-05-12T14:24:09Z	26de7a16d2c2c13e3e68ca6d2a82631908a3906b	Eastern Nameless Mausoleum	https://eldenring.wiki.gg/wiki/Eastern_Nameless_Mausoleum	https://eldenring.wiki.gg/w/index.php?oldid=84753	Scadu Altus	Scadu Altus,Shadow Keep	0	lead_only
wiki:eldenpedia:page-26529:revision-84768	26529	84768	2025-05-12T14:49:38Z	db3b5661c74ba288e7808e1fd5df2efbf1f53602	Ruins of Unte	https://eldenring.wiki.gg/wiki/Ruins_of_Unte	https://eldenring.wiki.gg/w/index.php?oldid=84768	Scadu Altus	Scadu Altus,Shadow Keep	0	lead_only
wiki:eldenpedia:page-26530:revision-84769	26530	84769	2025-05-12T15:03:22Z	efe998b813e9c454eeff66d4d3b410cd946e165d	Whipping Hut	https://eldenring.wiki.gg/wiki/Whipping_Hut	https://eldenring.wiki.gg/w/index.php?oldid=84769	Scadu Altus	Scadu Altus,Shadow Keep	0	lead_only
wiki:eldenpedia:page-26560:revision-84816	26560	84816	2025-05-12T15:26:05Z	fd8ec4224b9f2269378360d5dfc7e4beac9c1970	Recluses' River	https://eldenring.wiki.gg/wiki/Recluses'_River	https://eldenring.wiki.gg/w/index.php?oldid=84816	Scadu Altus	Scadu Altus,Shadow Keep	0	lead_only
wiki:eldenpedia:page-26603:revision-84957	26603	84957	2025-05-16T01:04:07Z	64a252e2ac43306de8e05d82966ac879682963af	Village of Flies	https://eldenring.wiki.gg/wiki/Village_of_Flies	https://eldenring.wiki.gg/w/index.php?oldid=84957	Scadu Altus	Scadu Altus,Shadow Keep	0	lead_only
wiki:eldenpedia:page-26604:revision-84965	26604	84965	2025-05-17T14:58:26Z	2ad293bded8ba5ac1ebc450572c9cf852b6342ee	Abandoned Church	https://eldenring.wiki.gg/wiki/Abandoned_Church	https://eldenring.wiki.gg/w/index.php?oldid=84965			0	lead_only
wiki:eldenpedia:page-33825:revision-100051	33825	100051	2026-07-09T05:38:55Z	4a50e0856db9e129554ba9fd045683e427d0eb4a	Shaman Village	https://eldenring.wiki.gg/wiki/Shaman_Village	https://eldenring.wiki.gg/w/index.php?oldid=100051	Scaduview		0	lead_only
