source_id	page_id	revision_id	revision_timestamp	revision_sha1	title	canonical_url	revision_url	template_fields	ap_region	disposition
wiki:fextralife:page-20508:revision-757749	20508	757749	2026-08-21T21:32:55Z	5c35c2d6e3d35fadd80f099ad0f68858d1aa5d2e	Stalwart Horn Charm	https://eldenring.wiki.fextralife.com/Stalwart_Horn_Charm	https://eldenring.wiki.fextralife.com/Stalwart_Horn_Charm?oldid=757749	location1	Liurnia	lead_only
wiki:fextralife:page-20516:revision-757933	20516	757933	2026-08-21T21:36:32Z	9ea463acbb128290a307bb20392bb1a6ed06a908	Godskin Apostle Trousers	https://eldenring.wiki.fextralife.com/Godskin_Apostle_Trousers	https://eldenring.wiki.fextralife.com/Godskin_Apostle_Trousers?oldid=757933	location1	Caelid	lead_only
wiki:fextralife:page-20529:revision-757453	20529	757453	2026-08-21T21:24:31Z	554818b703d03e716c7481924e5ec81cf2795d92	Abandoned Merchant's Bell Bearing	https://eldenring.wiki.fextralife.com/Abandoned_Merchant's_Bell_Bearing	https://eldenring.wiki.fextralife.com/Abandoned_Merchant's_Bell_Bearing?oldid=757453	location1	Siofra River	lead_only
wiki:fextralife:page-20540:revision-757580	20540	757580	2026-08-21T21:27:00Z	cab48d9e8e8781b4ea623093dec9305c1d48f376	Remembrance of the Blood Lord	https://eldenring.wiki.fextralife.com/Remembrance_of_the_Blood_Lord	https://eldenring.wiki.fextralife.com/Remembrance_of_the_Blood_Lord?oldid=757580	location1	Mohgwyn	lead_only
wiki:fextralife:page-20546:revision-757581	20546	757581	2026-08-21T21:27:01Z	9fde52b79ea28e71d28bf61b9b75db8e067e9403	Remembrance of the Dancing Lion	https://eldenring.wiki.fextralife.com/Remembrance_of_the_Dancing_Lion	https://eldenring.wiki.fextralife.com/Remembrance_of_the_Dancing_Lion?oldid=757581	location1	Belurat	lead_only
wiki:fextralife:page-20549:revision-757935	20549	757935	2026-08-21T21:36:34Z	47c224229432b8522b9f1e674f3f0e06118e1ec4	Godskin Noble Hood	https://eldenring.wiki.fextralife.com/Godskin_Noble_Hood	https://eldenring.wiki.fextralife.com/Godskin_Noble_Hood?oldid=757935	location1	Liurnia	lead_only
wiki:fextralife:page-20556:revision-757936	20556	757936	2026-08-21T21:36:35Z	6928ebd1527ac43cc8c917f1298850acd5e99958	Godskin Noble Robe	https://eldenring.wiki.fextralife.com/Godskin_Noble_Robe	https://eldenring.wiki.fextralife.com/Godskin_Noble_Robe?oldid=757936	location1	Liurnia	lead_only
wiki:fextralife:page-20559:revision-757583	20559	757583	2026-08-21T21:27:04Z	b130653d15fdf37cbf38f4be067df419f8906d42	Remembrance of the Fire Giant	https://eldenring.wiki.fextralife.com/Remembrance_of_the_Fire_Giant	https://eldenring.wiki.fextralife.com/Remembrance_of_the_Fire_Giant?oldid=757583	location1	Mountaintops of the Giants	lead_only
wiki:fextralife:page-20572:revision-757584	20572	757584	2026-08-21T21:27:05Z	23fb388570611bbe29e3592038273efa66a0e95c	Remembrance of the Full Moon Queen	https://eldenring.wiki.fextralife.com/Remembrance_of_the_Full_Moon_Queen	https://eldenring.wiki.fextralife.com/Remembrance_of_the_Full_Moon_Queen?oldid=757584	location1	Raya Lucaria Academy	lead_only
wiki:fextralife:page-20579:revision-757585	20579	757585	2026-08-21T21:27:06Z	ce141d939fec54ce84b4ae9eadda3fba4f1ea2f4	Remembrance of the Grafted	https://eldenring.wiki.fextralife.com/Remembrance_of_the_Grafted	https://eldenring.wiki.fextralife.com/Remembrance_of_the_Grafted?oldid=757585	location1	Stormveil	lead_only
wiki:fextralife:page-20621:revision-757591	20621	757591	2026-08-21T21:27:13Z	9915664f9d8bc11868730e6de20182e069657d72	Remembrance of the Omen King	https://eldenring.wiki.fextralife.com/Remembrance_of_the_Omen_King	https://eldenring.wiki.fextralife.com/Remembrance_of_the_Omen_King?oldid=757591	location1	Leyndell	lead_only
wiki:fextralife:page-20667:revision-757597	20667	757597	2026-08-21T21:27:20Z	5a4f18f374b261e0c03bc2d39cbf961fcdaa73f2	Remembrance of the Twin Moon Knight	https://eldenring.wiki.fextralife.com/Remembrance_of_the_Twin_Moon_Knight	https://eldenring.wiki.fextralife.com/Remembrance_of_the_Twin_Moon_Knight?oldid=757597	location1	Ensis	lead_only
wiki:fextralife:page-20674:revision-757598	20674	757598	2026-08-21T21:27:21Z	4a04d1ba04fda2da9584cb2db9ca4beffa48a596	Remembrance of the Wild Boar Rider	https://eldenring.wiki.fextralife.com/Remembrance_of_the_Wild_Boar_Rider	https://eldenring.wiki.fextralife.com/Remembrance_of_the_Wild_Boar_Rider?oldid=757598	location1	Shadow Keep	lead_only
wiki:fextralife:page-20681:revision-758495	20681	758495	2026-08-21T21:48:20Z	1795ca700ab6d4c9f4fbf3c1cac82b21f3f50962	Star Fist	https://eldenring.wiki.fextralife.com/Star_Fist	https://eldenring.wiki.fextralife.com/Star_Fist?oldid=758495	location1	Leyndell	lead_only
wiki:fextralife:page-20682:revision-757162	20682	757162	2026-08-21T21:18:49Z	3102478aecad27f0bc734a277e2a0bf6396cc729	Godskin Prayerbook	https://eldenring.wiki.fextralife.com/Godskin_Prayerbook	https://eldenring.wiki.fextralife.com/Godskin_Prayerbook?oldid=757162	location1	Stormveil	lead_only
wiki:fextralife:page-20714:revision-757752	20714	757752	2026-08-21T21:32:59Z	151a73f01bb1b5dad672c1f7341849a21fb40355	Stargazer Heirloom	https://eldenring.wiki.fextralife.com/Stargazer_Heirloom	https://eldenring.wiki.fextralife.com/Stargazer_Heirloom?oldid=757752	location1	Liurnia	lead_only
wiki:fextralife:page-20723:revision-758276	20723	758276	2026-08-21T21:43:27Z	b70e6ea2b8edd156ff8b31a43b38ee054be79713	Dragon Halberd	https://eldenring.wiki.fextralife.com/Dragon_Halberd	https://eldenring.wiki.fextralife.com/Dragon_Halberd?oldid=758276	location1	Siofra River	lead_only
wiki:fextralife:page-20734:revision-757351	20734	757351	2026-08-21T21:22:30Z	b27783f118f434b5af0fb6c36be48cf3c47f46a5	Miranda Sprout Ashes	https://eldenring.wiki.fextralife.com/Miranda_Sprout_Ashes	https://eldenring.wiki.fextralife.com/Miranda_Sprout_Ashes?oldid=757351	location1	Caelid	lead_only
wiki:fextralife:page-20810:revision-758328	20810	758328	2026-08-21T21:44:35Z	f4390123abe4018fba522b75b70d559f753c32ca	Godslayer's Greatsword	https://eldenring.wiki.fextralife.com/Godslayer's_Greatsword	https://eldenring.wiki.fextralife.com/Godslayer's_Greatsword?oldid=758328	location1	Caelid	lead_only
wiki:fextralife:page-20817:revision-758329	20817	758329	2026-08-21T21:44:37Z	fe228c48b9cd91498302dfaf23492e60ca417ffc	Godslayer's Seal	https://eldenring.wiki.fextralife.com/Godslayer's_Seal	https://eldenring.wiki.fextralife.com/Godslayer's_Seal?oldid=758329	location1	Stormveil	lead_only
wiki:fextralife:page-20839:revision-756477	20839	756477	2026-08-21T21:05:04Z	984b02abe713db92cf449ed311735ff05faa3a32	Briars of Punishment	https://eldenring.wiki.fextralife.com/Briars_of_Punishment	https://eldenring.wiki.fextralife.com/Briars_of_Punishment?oldid=756477	location1	Mountaintops of the Giants	lead_only
wiki:fextralife:page-20852:revision-758277	20852	758277	2026-08-21T21:43:28Z	8ccfa0bc21ad3e93da7b1095e01742df2db77c34	Dragon Towershield	https://eldenring.wiki.fextralife.com/Dragon_Towershield	https://eldenring.wiki.fextralife.com/Dragon_Towershield?oldid=758277	location1	Farum Azula	lead_only
wiki:fextralife:page-20913:revision-758405	20913	758405	2026-08-21T21:46:22Z	7b938fc186538a7faf8adb46ff01a417ba21ab93	Misericorde	https://eldenring.wiki.fextralife.com/Misericorde	https://eldenring.wiki.fextralife.com/Misericorde?oldid=758405	location1	Stormveil	lead_only
wiki:fextralife:page-20961:revision-758368	20961	758368	2026-08-21T21:45:31Z	2e7f9a6494506338b3c53ce9e873da4cb85fe1a0	Inverted Hawk Heater Shield	https://eldenring.wiki.fextralife.com/Inverted_Hawk_Heater_Shield	https://eldenring.wiki.fextralife.com/Inverted_Hawk_Heater_Shield?oldid=758368	location1	Siofra River	lead_only
wiki:fextralife:page-20965:revision-758225	20965	758225	2026-08-21T21:42:21Z	1c02503bb52e147ed70839c72528e594f8c5a39a	Brick Hammer	https://eldenring.wiki.fextralife.com/Brick_Hammer	https://eldenring.wiki.fextralife.com/Brick_Hammer?oldid=758225	location1	Stormveil	lead_only
wiki:fextralife:page-20976:revision-757134	20976	757134	2026-08-21T21:18:16Z	3573a6ec20dbfb16aaa08caf5f031035e1147455	Academy Glintstone Key	https://eldenring.wiki.fextralife.com/Academy_Glintstone_Key	https://eldenring.wiki.fextralife.com/Academy_Glintstone_Key?oldid=757134	location1	Liurnia	lead_only
wiki:fextralife:page-20987:revision-758186	20987	758186	2026-08-21T21:41:30Z	2de765e4f18737c61db5ce527835af67ac08d668	Academy Glintstone Staff	https://eldenring.wiki.fextralife.com/Academy_Glintstone_Staff	https://eldenring.wiki.fextralife.com/Academy_Glintstone_Staff?oldid=758186	location1	Raya Lucaria Academy	lead_only
wiki:fextralife:page-21009:revision-757614	21009	757614	2026-08-21T21:27:40Z	8ed5dfc922ec244024e96746c0547abbcab10cf8	Mohg's Great Rune	https://eldenring.wiki.fextralife.com/Mohg's_Great_Rune	https://eldenring.wiki.fextralife.com/Mohg's_Great_Rune?oldid=757614	location1	Mohgwyn	lead_only
wiki:fextralife:page-21014:revision-757411	21014	757411	2026-08-21T21:23:42Z	229d93c5347b30691963cc6f4e0b62505196319b	Storehouse Cross Message	https://eldenring.wiki.fextralife.com/Storehouse_Cross_Message	https://eldenring.wiki.fextralife.com/Storehouse_Cross_Message?oldid=757411	location1	Shadow Keep	lead_only
wiki:fextralife:page-21022:revision-757216	21022	757216	2026-08-21T21:19:52Z	9669e2f4b194c77f215bf69a1446c443f68e2df3	Storeroom Key	https://eldenring.wiki.fextralife.com/Storeroom_Key	https://eldenring.wiki.fextralife.com/Storeroom_Key?oldid=757216	location1	Belurat	lead_only
wiki:fextralife:page-21057:revision-757884	21057	757884	2026-08-21T21:35:34Z	8e8008b78cdf7016262b1a520a6e9c4a616d38d9	Drake Knight Armor	https://eldenring.wiki.fextralife.com/Drake_Knight_Armor	https://eldenring.wiki.fextralife.com/Drake_Knight_Armor?oldid=757884	location1	Farum Azula	lead_only
wiki:fextralife:page-21073:revision-757885	21073	757885	2026-08-21T21:35:35Z	e280488bc6ac8ae10d484f6e99587119a85f6f1e	Drake Knight Gauntlets	https://eldenring.wiki.fextralife.com/Drake_Knight_Gauntlets	https://eldenring.wiki.fextralife.com/Drake_Knight_Gauntlets?oldid=757885	location1	Farum Azula	lead_only
wiki:fextralife:page-21076:revision-758442	21076	758442	2026-08-21T21:47:10Z	33c681fe1bab5ada188cb9bbc2c89a02daa133dc	Rift Shield	https://eldenring.wiki.fextralife.com/Rift_Shield	https://eldenring.wiki.fextralife.com/Rift_Shield?oldid=758442	location1	Liurnia	lead_only
wiki:fextralife:page-21081:revision-757886	21081	757886	2026-08-21T21:35:36Z	0a4ba2322e81e316731654254ee672104b9639f3	Drake Knight Greaves	https://eldenring.wiki.fextralife.com/Drake_Knight_Greaves	https://eldenring.wiki.fextralife.com/Drake_Knight_Greaves?oldid=757886	location1	Farum Azula	lead_only
wiki:fextralife:page-21088:revision-757887	21088	757887	2026-08-21T21:35:37Z	af8ae5368415b641cb1b69326e079394a8f4e584	Drake Knight Helm	https://eldenring.wiki.fextralife.com/Drake_Knight_Helm	https://eldenring.wiki.fextralife.com/Drake_Knight_Helm?oldid=757887	location1	Farum Azula	lead_only
wiki:fextralife:page-21175:revision-756625	21175	756625	2026-08-21T21:08:02Z	3a2e80d409d6319f5df806dc51b700a3ecf1e0d4	Drawstring Lightning Grease	https://eldenring.wiki.fextralife.com/Drawstring_Lightning_Grease	https://eldenring.wiki.fextralife.com/Drawstring_Lightning_Grease?oldid=756625	location1	Caelid	lead_only
wiki:fextralife:page-21203:revision-757768	21203	757768	2026-08-21T21:33:18Z	9a5b8594d05eca16ed1c73b9b318666ae4e79092	Alberich's Bracers	https://eldenring.wiki.fextralife.com/Alberich's_Bracers	https://eldenring.wiki.fextralife.com/Alberich's_Bracers?oldid=757768	location1	Leyndell	lead_only
wiki:fextralife:page-21211:revision-757769	21211	757769	2026-08-21T21:33:19Z	564d9ab67b19afdce50ee67915a7705440279855	Alberich's Pointed Hat	https://eldenring.wiki.fextralife.com/Alberich's_Pointed_Hat	https://eldenring.wiki.fextralife.com/Alberich's_Pointed_Hat?oldid=757769	location1	Leyndell	lead_only
wiki:fextralife:page-21215:revision-756628	21215	756628	2026-08-21T21:08:05Z	a84428fbccde7cb3c4c03ac9755c6fe8efc73108	Drawstring Royal Magic Grease	https://eldenring.wiki.fextralife.com/Drawstring_Royal_Magic_Grease	https://eldenring.wiki.fextralife.com/Drawstring_Royal_Magic_Grease?oldid=756628	location1	Ensis	lead_only
wiki:fextralife:page-21221:revision-758332	21221	758332	2026-08-21T21:44:40Z	42a3be874c5b8204ff5a8911146e1c171a2e404a	Golden Halberd	https://eldenring.wiki.fextralife.com/Golden_Halberd	https://eldenring.wiki.fextralife.com/Golden_Halberd?oldid=758332	location1	Limgrave	lead_only
wiki:fextralife:page-21227:revision-757770	21227	757770	2026-08-21T21:33:20Z	ae7b9491200fb46e917f24a8128cd4fe2cd5d5ea	Alberich's Robe	https://eldenring.wiki.fextralife.com/Alberich's_Robe	https://eldenring.wiki.fextralife.com/Alberich's_Robe?oldid=757770	location1	Leyndell	lead_only
wiki:fextralife:page-21231:revision-757676	21231	757676	2026-08-21T21:31:29Z	6655be3b96b2f5ec3436b1dfade059e7f032e3a5	Dried Bouquet	https://eldenring.wiki.fextralife.com/Dried_Bouquet	https://eldenring.wiki.fextralife.com/Dried_Bouquet?oldid=757676	location1	Belurat	lead_only
wiki:fextralife:page-21249:revision-758227	21249	758227	2026-08-21T21:42:24Z	094de4368316aabca87887213ed9a6ef583999e7	Buckler	https://eldenring.wiki.fextralife.com/Buckler	https://eldenring.wiki.fextralife.com/Buckler?oldid=758227	location1	Stormveil	lead_only
wiki:fextralife:page-21251:revision-757771	21251	757771	2026-08-21T21:33:21Z	f64558a0c1c0a876301fdbc1cad38897eaf6ae93	Alberich's Trousers	https://eldenring.wiki.fextralife.com/Alberich's_Trousers	https://eldenring.wiki.fextralife.com/Alberich's_Trousers?oldid=757771	location1	Leyndell	lead_only
wiki:fextralife:page-21254:revision-756533	21254	756533	2026-08-21T21:06:12Z	31cc322f3d37f3b6b2a309f1a2d6423adc689e85	Golden Lightning Fortification	https://eldenring.wiki.fextralife.com/Golden_Lightning_Fortification	https://eldenring.wiki.fextralife.com/Golden_Lightning_Fortification?oldid=756533	location1	Farum Azula	lead_only
wiki:fextralife:page-21297:revision-757164	21297	757164	2026-08-21T21:18:52Z	596a9f13cb661920217f8563c6fec3a182819ea6	Golden Order Principia	https://eldenring.wiki.fextralife.com/Golden_Order_Principia	https://eldenring.wiki.fextralife.com/Golden_Order_Principia?oldid=757164	location1	Leyndell	lead_only
wiki:fextralife:page-21302:revision-758447	21302	758447	2026-08-21T21:47:16Z	dbe3efe5b40196c5b7de93b852b9a0b2a9e8dce6	Riveted Wooden Shield	https://eldenring.wiki.fextralife.com/Riveted_Wooden_Shield	https://eldenring.wiki.fextralife.com/Riveted_Wooden_Shield?oldid=758447	location1	Limgrave	lead_only
wiki:fextralife:page-21316:revision-757733	21316	757733	2026-08-21T21:32:37Z	7430f70cc637a08113ee4b29e8a3106470777f03	Roar Medallion	https://eldenring.wiki.fextralife.com/Roar_Medallion	https://eldenring.wiki.fextralife.com/Roar_Medallion?oldid=757733	location1	Limgrave	lead_only
wiki:fextralife:page-21324:revision-756574	21324	756574	2026-08-21T21:07:01Z	f16fb8d9ac0b239699b7cc47d673ba71e2edbc95	Roar of Rugalea	https://eldenring.wiki.fextralife.com/Roar_of_Rugalea	https://eldenring.wiki.fextralife.com/Roar_of_Rugalea?oldid=756574	location1	Rauh Base	lead_only
wiki:fextralife:page-21373:revision-757983	21373	757983	2026-08-21T21:37:30Z	503aec05e46bc1e0eb2f0780f56f9ab2ca1b87bd	Iron Gauntlets	https://eldenring.wiki.fextralife.com/Iron_Gauntlets	https://eldenring.wiki.fextralife.com/Iron_Gauntlets?oldid=757983	location1	Weeping	lead_only
wiki:fextralife:page-21485:revision-757615	21485	757615	2026-08-21T21:27:41Z	2ee9db941a760f634a0d1d967f01d1f254c43d16	Morgott's Great Rune	https://eldenring.wiki.fextralife.com/Morgott's_Great_Rune	https://eldenring.wiki.fextralife.com/Morgott's_Great_Rune?oldid=757615	location1	Leyndell	lead_only
wiki:fextralife:page-21498:revision-757984	21498	757984	2026-08-21T21:37:31Z	5fb8356b9eb30e275baa378364df7177fad38160	Iron Helmet	https://eldenring.wiki.fextralife.com/Iron_Helmet	https://eldenring.wiki.fextralife.com/Iron_Helmet?oldid=757984	location1	Weeping	lead_only
wiki:fextralife:page-21544:revision-757600	21544	757600	2026-08-21T21:27:24Z	9529f6c4efc3a94f695de17dc02db1fd96175ba8	Duelist's Furled Finger	https://eldenring.wiki.fextralife.com/Duelist's_Furled_Finger	https://eldenring.wiki.fextralife.com/Duelist's_Furled_Finger?oldid=757600	location1	Limgrave	lead_only
wiki:fextralife:page-21663:revision-757136	21663	757136	2026-08-21T21:18:19Z	07cf540d54185de52ecc1371af0f1feda0eff537	Amber Starlight	https://eldenring.wiki.fextralife.com/Amber_Starlight	https://eldenring.wiki.fextralife.com/Amber_Starlight?oldid=757136	location1	Altus	lead_only
wiki:fextralife:page-21714:revision-756590	21714	756590	2026-08-21T21:07:20Z	d19e39e4ec7d4995100db55c87aa85e73ee6aded	Swarm of Flies	https://eldenring.wiki.fextralife.com/Swarm_of_Flies	https://eldenring.wiki.fextralife.com/Swarm_of_Flies?oldid=756590	location1	Mohgwyn	lead_only
wiki:fextralife:page-21783:revision-757891	21783	757891	2026-08-21T21:35:42Z	cf8bbccabe5c6c6cf3fb8b350e32bfcfc535678f	Eccentric's Armor	https://eldenring.wiki.fextralife.com/Eccentric's_Armor	https://eldenring.wiki.fextralife.com/Eccentric's_Armor?oldid=757891	location1	Raya Lucaria Academy	lead_only
wiki:fextralife:page-21792:revision-757892	21792	757892	2026-08-21T21:35:43Z	c4eb170ac4b9b0602216b109ea9998b1926d78b5	Eccentric's Breeches	https://eldenring.wiki.fextralife.com/Eccentric's_Breeches	https://eldenring.wiki.fextralife.com/Eccentric's_Breeches?oldid=757892	location1	Raya Lucaria Academy	lead_only
wiki:fextralife:page-21796:revision-757627	21796	757627	2026-08-21T21:27:56Z	5c93c9dbf5f07b105db1139a7a4d09173fb38c86	Iron Whetblade	https://eldenring.wiki.fextralife.com/Iron_Whetblade	https://eldenring.wiki.fextralife.com/Iron_Whetblade?oldid=757627	location1	Stormveil	lead_only
wiki:fextralife:page-21800:revision-757893	21800	757893	2026-08-21T21:35:44Z	6566b9b42fcc9b9e776b887658e57dc4c7cbb2e1	Eccentric's Hood	https://eldenring.wiki.fextralife.com/Eccentric's_Hood	https://eldenring.wiki.fextralife.com/Eccentric's_Hood?oldid=757893	location1	Raya Lucaria Academy	lead_only
wiki:fextralife:page-21816:revision-757894	21816	757894	2026-08-21T21:35:45Z	1add2e1b72f4ff9cc370a50adc307d84f9f45c79	Eccentric's Manchettes	https://eldenring.wiki.fextralife.com/Eccentric's_Manchettes	https://eldenring.wiki.fextralife.com/Eccentric's_Manchettes?oldid=757894	location1	Raya Lucaria Academy	lead_only
wiki:fextralife:page-21857:revision-757137	21857	757137	2026-08-21T21:18:20Z	dee5f117fd9b641c834491d0e6a87d479177ccd4	Ancient Dragon Prayerbook	https://eldenring.wiki.fextralife.com/Ancient_Dragon_Prayerbook	https://eldenring.wiki.fextralife.com/Ancient_Dragon_Prayerbook?oldid=757137	location1	Farum Azula	lead_only
wiki:fextralife:page-21866:revision-758449	21866	758449	2026-08-21T21:47:19Z	9a4986560c88b39ef2bfa78cb593b2d5974ee846	Rotten Battle Hammer	https://eldenring.wiki.fextralife.com/Rotten_Battle_Hammer	https://eldenring.wiki.fextralife.com/Rotten_Battle_Hammer?oldid=758449	location1	Consecrated Snowfield	lead_only
wiki:fextralife:page-21905:revision-758452	21905	758452	2026-08-21T21:47:23Z	0cb7b8a9eb04b5ddeeef843e8cad7e7755a5d521	Rotten Crystal Sword	https://eldenring.wiki.fextralife.com/Rotten_Crystal_Sword	https://eldenring.wiki.fextralife.com/Rotten_Crystal_Sword?oldid=758452	location1	Haligtree	lead_only
wiki:fextralife:page-21929:revision-758105	21929	758105	2026-08-21T21:39:55Z	966939247a962cdc490ebc7c1703f2896f67d2b8	Rotten Duelist Helm	https://eldenring.wiki.fextralife.com/Rotten_Duelist_Helm	https://eldenring.wiki.fextralife.com/Rotten_Duelist_Helm?oldid=758105	location1	Consecrated Snowfield	lead_only
wiki:fextralife:page-21947:revision-758106	21947	758106	2026-08-21T21:39:56Z	db50e8da30be2d957b793ba07526c3950ea0ba97	Rotten Gravekeeper Cloak	https://eldenring.wiki.fextralife.com/Rotten_Gravekeeper_Cloak	https://eldenring.wiki.fextralife.com/Rotten_Gravekeeper_Cloak?oldid=758106	location1	Consecrated Snowfield	lead_only
wiki:fextralife:page-21950:revision-757376	21950	757376	2026-08-21T21:23:01Z	a5cd8c3d2eb436c19733127d30ddb2f07bcd16bb	Ancient Ruins Cross Message	https://eldenring.wiki.fextralife.com/Ancient_Ruins_Cross_Message	https://eldenring.wiki.fextralife.com/Ancient_Ruins_Cross_Message?oldid=757376	location1	Ancient Ruins	lead_only
wiki:fextralife:page-22100:revision-757734	22100	757734	2026-08-21T21:32:38Z	bf75287783c40efc04e78ace077569c14c9086a8	Rotten Winged Sword Insignia	https://eldenring.wiki.fextralife.com/Rotten_Winged_Sword_Insignia	https://eldenring.wiki.fextralife.com/Rotten_Winged_Sword_Insignia?oldid=757734	location1	Haligtree	lead_only
wiki:fextralife:page-22113:revision-758375	22113	758375	2026-08-21T21:45:42Z	6026fa60d78403ce1b925ad09e3381130c117639	Jellyfish Shield	https://eldenring.wiki.fextralife.com/Jellyfish_Shield	https://eldenring.wiki.fextralife.com/Jellyfish_Shield?oldid=758375	location1	Liurnia	lead_only
wiki:fextralife:page-22178:revision-758034	22178	758034	2026-08-21T21:38:31Z	0b189474c67d6ceb7d83cf0ec9fe7f669bab0b40	Night's Cavalry Armor	https://eldenring.wiki.fextralife.com/Night's_Cavalry_Armor	https://eldenring.wiki.fextralife.com/Night's_Cavalry_Armor?oldid=758034	location1	Consecrated Snowfield	lead_only
wiki:fextralife:page-22191:revision-758035	22191	758035	2026-08-21T21:38:32Z	46fb7c668fc3d184c8fbff155e0abe2bffb88f81	Night's Cavalry Gauntlets	https://eldenring.wiki.fextralife.com/Night's_Cavalry_Gauntlets	https://eldenring.wiki.fextralife.com/Night's_Cavalry_Gauntlets?oldid=758035	location1	Consecrated Snowfield	lead_only
wiki:fextralife:page-22198:revision-758036	22198	758036	2026-08-21T21:38:34Z	dfb4ae9544ae2143ea479249e3dba6cb54a2599c	Night's Cavalry Greaves	https://eldenring.wiki.fextralife.com/Night's_Cavalry_Greaves	https://eldenring.wiki.fextralife.com/Night's_Cavalry_Greaves?oldid=758036	location1	Consecrated Snowfield	lead_only
wiki:fextralife:page-22201:revision-757530	22201	757530	2026-08-21T21:26:00Z	d6fce9dd35476fb02a9a443a315146ff4e6cd4d3	Arbalest	https://eldenring.wiki.fextralife.com/Arbalest	https://eldenring.wiki.fextralife.com/Arbalest?oldid=757530	location1	Stormveil	lead_only
wiki:fextralife:page-22206:revision-758037	22206	758037	2026-08-21T21:38:35Z	a4fe987eb7993f31ae10fbbf35e4b814ace890fc	Night's Cavalry Helm	https://eldenring.wiki.fextralife.com/Night's_Cavalry_Helm	https://eldenring.wiki.fextralife.com/Night's_Cavalry_Helm?oldid=758037	location1	Consecrated Snowfield	lead_only
wiki:fextralife:page-22212:revision-758455	22212	758455	2026-08-21T21:47:27Z	1b4269d839660bb90890d2600c88d9f3ce210043	Round Shield	https://eldenring.wiki.fextralife.com/Round_Shield	https://eldenring.wiki.fextralife.com/Round_Shield?oldid=758455	location1	Weeping	lead_only
wiki:fextralife:page-22238:revision-756502	22238	756502	2026-08-21T21:05:35Z	8c9fdad356703c6320401a83162bce33d287267c	Elden Stars	https://eldenring.wiki.fextralife.com/Elden_Stars	https://eldenring.wiki.fextralife.com/Elden_Stars?oldid=756502	location1	Deeproot Depths	lead_only
wiki:fextralife:page-22245:revision-757993	22245	757993	2026-08-21T21:37:43Z	e37c160acb4d586e964f99f8d37066dc63173d4b	Karolos Glintstone Crown	https://eldenring.wiki.fextralife.com/Karolos_Glintstone_Crown	https://eldenring.wiki.fextralife.com/Karolos_Glintstone_Crown?oldid=757993	location1	Raya Lucaria Academy	lead_only
wiki:fextralife:page-22365:revision-758231	22365	758231	2026-08-21T21:42:30Z	496e48669bd3deebc30737fa92d99a39d9e33e2b	Cane Sword	https://eldenring.wiki.fextralife.com/Cane_Sword	https://eldenring.wiki.fextralife.com/Cane_Sword?oldid=758231	location1	Leyndell	lead_only
wiki:fextralife:page-22377:revision-757693	22377	757693	2026-08-21T21:31:50Z	d8c03ea6c5b975302ec2a9d8e24523ee8bdbf80b	Great-Jar's Arsenal	https://eldenring.wiki.fextralife.com/Great-Jar's_Arsenal	https://eldenring.wiki.fextralife.com/Great-Jar's_Arsenal?oldid=757693	location1	Caelid	lead_only
wiki:fextralife:page-22406:revision-758340	22406	758340	2026-08-21T21:44:50Z	d87f9ff8841c6f59fc88f475d4d37455582cf505	Great Club	https://eldenring.wiki.fextralife.com/Great_Club	https://eldenring.wiki.fextralife.com/Great_Club?oldid=758340	location1	Altus	lead_only
wiki:fextralife:page-22447:revision-758412	22447	758412	2026-08-21T21:46:31Z	c90eaff487946404226054e56e807fc6976b7d5f	Nightrider Flail	https://eldenring.wiki.fextralife.com/Nightrider_Flail	https://eldenring.wiki.fextralife.com/Nightrider_Flail?oldid=758412	location1	Weeping	lead_only
wiki:fextralife:page-22493:revision-758107	22493	758107	2026-08-21T21:39:57Z	fdb8f81a44a3cffad8e204f871ac6c11aa8341cc	Ruler's Mask	https://eldenring.wiki.fextralife.com/Ruler's_Mask	https://eldenring.wiki.fextralife.com/Ruler's_Mask?oldid=758107	location1	Altus	lead_only
wiki:fextralife:page-22500:revision-758108	22500	758108	2026-08-21T21:39:58Z	9c68a321582f723602f719d983a39414f2fd7f29	Ruler's Robe	https://eldenring.wiki.fextralife.com/Ruler's_Robe	https://eldenring.wiki.fextralife.com/Ruler's_Robe?oldid=758108	location1	Altus	lead_only
wiki:fextralife:page-22550:revision-758234	22550	758234	2026-08-21T21:42:34Z	4c9d21e66821df8388f31b17f80b9ab772604895	Carian Knight's Shield	https://eldenring.wiki.fextralife.com/Carian_Knight's_Shield	https://eldenring.wiki.fextralife.com/Carian_Knight's_Shield?oldid=758234	location1	Raya Lucaria Academy	lead_only
wiki:fextralife:page-22565:revision-757831	22565	757831	2026-08-21T21:34:32Z	8f577935272de511f3cdf4ba57d05782804445a3	Carian Knight Armor	https://eldenring.wiki.fextralife.com/Carian_Knight_Armor	https://eldenring.wiki.fextralife.com/Carian_Knight_Armor?oldid=757831	location1	Raya Lucaria Academy	lead_only
wiki:fextralife:page-22569:revision-757895	22569	757895	2026-08-21T21:35:47Z	84c5b278a25a9d705070f560a8388726a4b0e272	Envoy Crown	https://eldenring.wiki.fextralife.com/Envoy_Crown	https://eldenring.wiki.fextralife.com/Envoy_Crown?oldid=757895	location1	Haligtree	lead_only
wiki:fextralife:page-22580:revision-757832	22580	757832	2026-08-21T21:34:33Z	159315b0a7134a46ff1bd937c330c98531d55681	Carian Knight Gauntlets	https://eldenring.wiki.fextralife.com/Carian_Knight_Gauntlets	https://eldenring.wiki.fextralife.com/Carian_Knight_Gauntlets?oldid=757832	location1	Raya Lucaria Academy	lead_only
wiki:fextralife:page-22587:revision-757833	22587	757833	2026-08-21T21:34:34Z	accd0e9fb3f8f677485e2e05c1cb4f3d02660d15	Carian Knight Greaves	https://eldenring.wiki.fextralife.com/Carian_Knight_Greaves	https://eldenring.wiki.fextralife.com/Carian_Knight_Greaves?oldid=757833	location1	Raya Lucaria Academy	lead_only
wiki:fextralife:page-22595:revision-757834	22595	757834	2026-08-21T21:34:35Z	e1d5d6dfe832886d8b9bd81acbffcbf56f18ab86	Carian Knight Helm	https://eldenring.wiki.fextralife.com/Carian_Knight_Helm	https://eldenring.wiki.fextralife.com/Carian_Knight_Helm?oldid=757834	location1	Raya Lucaria Academy	lead_only
wiki:fextralife:page-22597:revision-757339	22597	757339	2026-08-21T21:22:17Z	247ce099d5f36f41146382e917164fd6a0cd5b32	Kindred of Rot Ashes	https://eldenring.wiki.fextralife.com/Kindred_of_Rot_Ashes	https://eldenring.wiki.fextralife.com/Kindred_of_Rot_Ashes?oldid=757339	location1	Caelid	lead_only
wiki:fextralife:page-22633:revision-756841	22633	756841	2026-08-21T21:12:27Z	f3aa417ccd91df0315165ac301dd33d5399a9972	Ash of War: Barricade Shield	https://eldenring.wiki.fextralife.com/Ash_of_War:_Barricade_Shield	https://eldenring.wiki.fextralife.com/Ash_of_War:_Barricade_Shield?oldid=756841	location1	Weeping	lead_only
wiki:fextralife:page-22647:revision-756843	22647	756843	2026-08-21T21:12:29Z	79a84113e06d4aed3ba288618d2b1207da73a65f	Ash of War: Black Flame Tornado	https://eldenring.wiki.fextralife.com/Ash_of_War:_Black_Flame_Tornado	https://eldenring.wiki.fextralife.com/Ash_of_War:_Black_Flame_Tornado?oldid=756843	location1	Farum Azula	lead_only
wiki:fextralife:page-22672:revision-756846	22672	756846	2026-08-21T21:12:33Z	c7e24360b2781629bbd946559fdaeb0aff82c252	Ash of War: Blood Blade	https://eldenring.wiki.fextralife.com/Ash_of_War:_Blood_Blade	https://eldenring.wiki.fextralife.com/Ash_of_War:_Blood_Blade?oldid=756846	location1	Altus	lead_only
wiki:fextralife:page-22725:revision-758377	22725	758377	2026-08-21T21:45:45Z	afc5310de12dd17860127851e30e1d59cccc1043	Kite Shield	https://eldenring.wiki.fextralife.com/Kite_Shield	https://eldenring.wiki.fextralife.com/Kite_Shield?oldid=758377	location1	Liurnia	lead_only
wiki:fextralife:page-22731:revision-757206	22731	757206	2026-08-21T21:19:41Z	f59b2a751fc600422fa5f51e4f9b1df1974739f1	Rusty Key	https://eldenring.wiki.fextralife.com/Rusty_Key	https://eldenring.wiki.fextralife.com/Rusty_Key?oldid=757206	location1	Stormveil	lead_only
wiki:fextralife:page-22742:revision-756852	22742	756852	2026-08-21T21:12:40Z	8761ed6a9f4ddd1852c9c915feb1f302bdd2da74	Ash of War: Charge Forth	https://eldenring.wiki.fextralife.com/Ash_of_War:_Charge_Forth	https://eldenring.wiki.fextralife.com/Ash_of_War:_Charge_Forth?oldid=756852	location1	Liurnia	lead_only
wiki:fextralife:page-22816:revision-758237	22816	758237	2026-08-21T21:42:37Z	e3db0ad87b649431fc25f2c301d152a84083c727	Carian Thrusting Shield	https://eldenring.wiki.fextralife.com/Carian_Thrusting_Shield	https://eldenring.wiki.fextralife.com/Carian_Thrusting_Shield?oldid=758237	location1	Shadow Keep	lead_only
wiki:fextralife:page-22839:revision-757534	22839	757534	2026-08-21T21:26:04Z	1ef616352992e55a9e17829a0c0b4f388505462e	Erdtree Bow	https://eldenring.wiki.fextralife.com/Erdtree_Bow	https://eldenring.wiki.fextralife.com/Erdtree_Bow?oldid=757534	location1	Leyndell	lead_only
wiki:fextralife:page-22845:revision-756863	22845	756863	2026-08-21T21:12:53Z	dc0f5c05fbff551a95096f1a80a9272e1e489fcd	Ash of War: Flame Spear	https://eldenring.wiki.fextralife.com/Ash_of_War:_Flame_Spear	https://eldenring.wiki.fextralife.com/Ash_of_War:_Flame_Spear?oldid=756863	location1	Shadow Keep	lead_only
wiki:fextralife:page-22851:revision-757377	22851	757377	2026-08-21T21:23:02Z	b0103efd3977f507c701d435245399ad4cec9de8	Castle Cross Message	https://eldenring.wiki.fextralife.com/Castle_Cross_Message	https://eldenring.wiki.fextralife.com/Castle_Cross_Message?oldid=757377	location1	Ensis	lead_only
wiki:fextralife:page-22883:revision-756868	22883	756868	2026-08-21T21:12:59Z	b6ae4566b199d1a3eaa7e204576f016340ef0f78	Ash of War: Golden Land	https://eldenring.wiki.fextralife.com/Ash_of_War:_Golden_Land	https://eldenring.wiki.fextralife.com/Ash_of_War:_Golden_Land?oldid=756868	location1	Deeproot Depths	lead_only
wiki:fextralife:page-22903:revision-756871	22903	756871	2026-08-21T21:13:02Z	4410f8bbafbbff31984dfb12690adb12abc0be9b	Ash of War: Golden Vow	https://eldenring.wiki.fextralife.com/Ash_of_War:_Golden_Vow	https://eldenring.wiki.fextralife.com/Ash_of_War:_Golden_Vow?oldid=756871	location1	Limgrave	lead_only
wiki:fextralife:page-22910:revision-756872	22910	756872	2026-08-21T21:13:03Z	d6363040fd91f09207c8c8a638cfe7fc529a77ab	Ash of War: Gravitas	https://eldenring.wiki.fextralife.com/Ash_of_War:_Gravitas	https://eldenring.wiki.fextralife.com/Ash_of_War:_Gravitas?oldid=756872	location1	Limgrave	lead_only
wiki:fextralife:page-22945:revision-756876	22945	756876	2026-08-21T21:13:08Z	4b029413887fd405c7247765ae3de0cd205d19fe	Ash of War: Ice Spear	https://eldenring.wiki.fextralife.com/Ash_of_War:_Ice_Spear	https://eldenring.wiki.fextralife.com/Ash_of_War:_Ice_Spear?oldid=756876	location1	Liurnia	lead_only
wiki:fextralife:page-22976:revision-756880	22976	756880	2026-08-21T21:13:13Z	1cab213d58e6836f700e2eba5c53ccfe4cd1f7bb	Ash of War: Lifesteal Fist	https://eldenring.wiki.fextralife.com/Ash_of_War:_Lifesteal_Fist	https://eldenring.wiki.fextralife.com/Ash_of_War:_Lifesteal_Fist?oldid=756880	location1	Caelid	lead_only
wiki:fextralife:page-22992:revision-756882	22992	756882	2026-08-21T21:13:15Z	cab990ac6cf20d815fef3928fe14947ce00e5468	Ash of War: Lightning Slash	https://eldenring.wiki.fextralife.com/Ash_of_War:_Lightning_Slash	https://eldenring.wiki.fextralife.com/Ash_of_War:_Lightning_Slash?oldid=756882	location1	Altus	lead_only
wiki:fextralife:page-23023:revision-757490	23023	757490	2026-08-21T21:25:14Z	b667532c5185587e96a1572be1e9983eaaa9108f	Thops's Bell Bearing	https://eldenring.wiki.fextralife.com/Thops's_Bell_Bearing	https://eldenring.wiki.fextralife.com/Thops's_Bell_Bearing?oldid=757490	location1	Raya Lucaria Academy	lead_only
wiki:fextralife:page-23073:revision-756893	23073	756893	2026-08-21T21:13:28Z	2110aacd200e1c9ebd12f2b68c635785970b5f5e	Ash of War: Poison Moth Flight	https://eldenring.wiki.fextralife.com/Ash_of_War:_Poison_Moth_Flight	https://eldenring.wiki.fextralife.com/Ash_of_War:_Poison_Moth_Flight?oldid=756893	location1	Caelid	lead_only
wiki:fextralife:page-23081:revision-756894	23081	756894	2026-08-21T21:13:29Z	b5d6b24857b17de23aecb28855546ecaa8c06002	Ash of War: Poisonous Mist	https://eldenring.wiki.fextralife.com/Ash_of_War:_Poisonous_Mist	https://eldenring.wiki.fextralife.com/Ash_of_War:_Poisonous_Mist?oldid=756894	location1	Caelid	lead_only
wiki:fextralife:page-23096:revision-756896	23096	756896	2026-08-21T21:13:32Z	9db88a87354a1d70961fdf68764394bbf20a301f	Ash of War: Prelate's Charge	https://eldenring.wiki.fextralife.com/Ash_of_War:_Prelate's_Charge	https://eldenring.wiki.fextralife.com/Ash_of_War:_Prelate's_Charge?oldid=756896	location1	Mountaintops of the Giants	lead_only
wiki:fextralife:page-23146:revision-758294	23146	758294	2026-08-21T21:43:51Z	80c286be5f3bac105e6511879c68bcfccb816f0e	Euporia	https://eldenring.wiki.fextralife.com/Euporia	https://eldenring.wiki.fextralife.com/Euporia?oldid=758294	location1	Belurat	lead_only
wiki:fextralife:page-23168:revision-756905	23168	756905	2026-08-21T21:13:42Z	5615f3be040953ca7b7f9e3062ceacea2fac0bd3	Ash of War: Sacred Order	https://eldenring.wiki.fextralife.com/Ash_of_War:_Sacred_Order	https://eldenring.wiki.fextralife.com/Ash_of_War:_Sacred_Order?oldid=756905	location1	Altus	lead_only
wiki:fextralife:page-23176:revision-756906	23176	756906	2026-08-21T21:13:43Z	37acbe351f8e585a92c0ce8f6d273b7c8249e721	Ash of War: Sacred Ring of Light	https://eldenring.wiki.fextralife.com/Ash_of_War:_Sacred_Ring_of_Light	https://eldenring.wiki.fextralife.com/Ash_of_War:_Sacred_Ring_of_Light?oldid=756906	location1	Caelid	lead_only
wiki:fextralife:page-23191:revision-756907	23191	756907	2026-08-21T21:13:45Z	3ae9b92dcd9405d7331c9cc7e83d2ededeedcfaa	Ash of War: Savage Lion's Claw	https://eldenring.wiki.fextralife.com/Ash_of_War:_Savage_Lion's_Claw	https://eldenring.wiki.fextralife.com/Ash_of_War:_Savage_Lion's_Claw?oldid=756907	location1	Gravesite	lead_only
wiki:fextralife:page-23207:revision-756909	23207	756909	2026-08-21T21:13:47Z	41850768abdec408c90dde6319423692788f3539	Ash of War: Seppuku	https://eldenring.wiki.fextralife.com/Ash_of_War:_Seppuku	https://eldenring.wiki.fextralife.com/Ash_of_War:_Seppuku?oldid=756909	location1	Mountaintops of the Giants	lead_only
wiki:fextralife:page-23215:revision-756910	23215	756910	2026-08-21T21:13:48Z	3c0a1d8fa5465fc93a76a817b223d05f176c767d	Ash of War: Shared Order	https://eldenring.wiki.fextralife.com/Ash_of_War:_Shared_Order	https://eldenring.wiki.fextralife.com/Ash_of_War:_Shared_Order?oldid=756910	location1	Altus	lead_only
wiki:fextralife:page-23247:revision-758542	23247	758542	2026-08-21T21:50:02Z	31b12c06704223e839adcc4cfdc6cfa00af9eda2	Ash of War: Shriek of Sorrow	https://eldenring.wiki.fextralife.com/Ash_of_War:_Shriek_of_Sorrow	https://eldenring.wiki.fextralife.com/Ash_of_War:_Shriek_of_Sorrow?oldid=758542	location1	Belurat	lead_only
wiki:fextralife:page-23262:revision-756915	23262	756915	2026-08-21T21:13:54Z	ec92a05291ba60da9e13cf246aaa67029b5d3181	Ash of War: Spectral Lance	https://eldenring.wiki.fextralife.com/Ash_of_War:_Spectral_Lance	https://eldenring.wiki.fextralife.com/Ash_of_War:_Spectral_Lance?oldid=756915	location1	Raya Lucaria Academy	lead_only
wiki:fextralife:page-23266:revision-756538	23266	756538	2026-08-21T21:06:18Z	4dd710d739e110fe63a1841a7643ca4f9d1fdfa0	Great Oracular Bubble	https://eldenring.wiki.fextralife.com/Great_Oracular_Bubble	https://eldenring.wiki.fextralife.com/Great_Oracular_Bubble?oldid=756538	location1	Siofra River	lead_only
wiki:fextralife:page-23268:revision-757340	23268	757340	2026-08-21T21:22:18Z	f0cfc4620a714affccc063cd31ed28743f1145d9	Land Squirt Ashes	https://eldenring.wiki.fextralife.com/Land_Squirt_Ashes	https://eldenring.wiki.fextralife.com/Land_Squirt_Ashes?oldid=757340	location1	Liurnia	lead_only
wiki:fextralife:page-23282:revision-757611	23282	757611	2026-08-21T21:27:37Z	eff9b67b327fe439616cd6ed34489f2a1533d0cc	Great Rune of the Unborn	https://eldenring.wiki.fextralife.com/Great_Rune_of_the_Unborn	https://eldenring.wiki.fextralife.com/Great_Rune_of_the_Unborn?oldid=757611	location1	Raya Lucaria Academy	lead_only
wiki:fextralife:page-23296:revision-756917	23296	756917	2026-08-21T21:13:57Z	315562da6d7c8171e818f1789370d002099bb93e	Ash of War: Spinning Weapon	https://eldenring.wiki.fextralife.com/Ash_of_War:_Spinning_Weapon	https://eldenring.wiki.fextralife.com/Ash_of_War:_Spinning_Weapon?oldid=756917	location1	Stormveil	lead_only
wiki:fextralife:page-23298:revision-758117	23298	758117	2026-08-21T21:40:09Z	4c95c390b6dee7d8477988336ff31d20ef86ccc9	Scale Armor	https://eldenring.wiki.fextralife.com/Scale_Armor	https://eldenring.wiki.fextralife.com/Scale_Armor?oldid=758117	location1	Weeping	lead_only
wiki:fextralife:page-23312:revision-756918	23312	756918	2026-08-21T21:13:58Z	a429080ece3debb3ca217fb2f26bd901d4c90587	Ash of War: Stamp (Sweep)	https://eldenring.wiki.fextralife.com/Ash_of_War:_Stamp_(Sweep)	https://eldenring.wiki.fextralife.com/Ash_of_War:_Stamp_(Sweep)?oldid=756918	location1	Limgrave	lead_only
wiki:fextralife:page-23327:revision-756920	23327	756920	2026-08-21T21:14:00Z	65c52f843efca1da8ced8ca75fe11b0c3bc46edd	Ash of War: Storm Assault	https://eldenring.wiki.fextralife.com/Ash_of_War:_Storm_Assault	https://eldenring.wiki.fextralife.com/Ash_of_War:_Storm_Assault?oldid=756920	location1	Stormveil	lead_only
wiki:fextralife:page-23359:revision-756924	23359	756924	2026-08-21T21:14:05Z	d98638d5a99f81889eb487f66eb1d6318f1d6a6b	Ash of War: Stormcaller	https://eldenring.wiki.fextralife.com/Ash_of_War:_Stormcaller	https://eldenring.wiki.fextralife.com/Ash_of_War:_Stormcaller?oldid=756924	location1	Stormveil	lead_only
wiki:fextralife:page-23435:revision-756932	23435	756932	2026-08-21T21:14:14Z	3bb1a77329a69336325ff1ecc81468b0fe6e1abf	Ash of War: Vacuum Slice	https://eldenring.wiki.fextralife.com/Ash_of_War:_Vacuum_Slice	https://eldenring.wiki.fextralife.com/Ash_of_War:_Vacuum_Slice?oldid=756932	location1	Deeproot Depths	lead_only
wiki:fextralife:page-23443:revision-756933	23443	756933	2026-08-21T21:14:15Z	47fa2f75d9d5df6766306050ebfe48ef48c2abdb	Ash of War: Vow of the Indomitable	https://eldenring.wiki.fextralife.com/Ash_of_War:_Vow_of_the_Indomitable	https://eldenring.wiki.fextralife.com/Ash_of_War:_Vow_of_the_Indomitable?oldid=756933	location1	Liurnia	lead_only
wiki:fextralife:page-23451:revision-756934	23451	756934	2026-08-21T21:14:17Z	e6f177765937ccf71220462ef1605e415ec662d1	Ash of War: Wall of Sparks	https://eldenring.wiki.fextralife.com/Ash_of_War:_Wall_of_Sparks	https://eldenring.wiki.fextralife.com/Ash_of_War:_Wall_of_Sparks?oldid=756934	location1	Shadow Keep	lead_only
wiki:fextralife:page-23490:revision-756938	23490	756938	2026-08-21T21:14:21Z	f5bc07c88c492d3fcc98be587dd58f20cf174b28	Ash of War: Wing Stance	https://eldenring.wiki.fextralife.com/Ash_of_War:_Wing_Stance	https://eldenring.wiki.fextralife.com/Ash_of_War:_Wing_Stance?oldid=756938	location1	Ensis	lead_only
wiki:fextralife:page-23645:revision-756462	23645	756462	2026-08-21T21:04:46Z	2c9e64bf8c24ae16296bf579127c5586529b4bf6	Aspects of the Crucible: Horns	https://eldenring.wiki.fextralife.com/Aspects_of_the_Crucible:_Horns	https://eldenring.wiki.fextralife.com/Aspects_of_the_Crucible:_Horns?oldid=756462	location1	Stormveil	lead_only
wiki:fextralife:page-23649:revision-757998	23649	757998	2026-08-21T21:37:49Z	2c04f0920c8c373f1eee762c367ac85a525e2e9a	Lazuli Glintstone Crown	https://eldenring.wiki.fextralife.com/Lazuli_Glintstone_Crown	https://eldenring.wiki.fextralife.com/Lazuli_Glintstone_Crown?oldid=757998	location1	Raya Lucaria Academy	lead_only
wiki:fextralife:page-23656:revision-758347	23656	758347	2026-08-21T21:45:02Z	51300072503e04e9ab77e348919350270216302d	Great Turtle Shell	https://eldenring.wiki.fextralife.com/Great_Turtle_Shell	https://eldenring.wiki.fextralife.com/Great_Turtle_Shell?oldid=758347	location1	Weeping	lead_only
wiki:fextralife:page-23735:revision-757842	23735	757842	2026-08-21T21:34:44Z	2979dcefb6a847f9d46af1355c7bb0bbc2ca172d	Champion Bracers	https://eldenring.wiki.fextralife.com/Champion_Bracers	https://eldenring.wiki.fextralife.com/Champion_Bracers?oldid=757842	location1	Caelid	lead_only
wiki:fextralife:page-23738:revision-758194	23738	758194	2026-08-21T21:41:39Z	87c067487504923fd16e6d750c3f06116cc4e325	Astrologer's Staff	https://eldenring.wiki.fextralife.com/Astrologer's_Staff	https://eldenring.wiki.fextralife.com/Astrologer's_Staff?oldid=758194	location1	Liurnia	lead_only
wiki:fextralife:page-23742:revision-757843	23742	757843	2026-08-21T21:34:45Z	57ca77960f44c8f9986de944132ee92e23b0316d	Champion Gaiters	https://eldenring.wiki.fextralife.com/Champion_Gaiters	https://eldenring.wiki.fextralife.com/Champion_Gaiters?oldid=757843	location1	Caelid	lead_only
wiki:fextralife:page-23745:revision-757784	23745	757784	2026-08-21T21:33:36Z	e4c7f33efa1a5cb1d577fcf25267257c8c11b6e6	Astrologer Gloves	https://eldenring.wiki.fextralife.com/Astrologer_Gloves	https://eldenring.wiki.fextralife.com/Astrologer_Gloves?oldid=757784	location1	Liurnia	lead_only
wiki:fextralife:page-23753:revision-757785	23753	757785	2026-08-21T21:33:38Z	e63936802a8ef1a302288be713a60a4c78083c8f	Astrologer Hood	https://eldenring.wiki.fextralife.com/Astrologer_Hood	https://eldenring.wiki.fextralife.com/Astrologer_Hood?oldid=757785	location1	Liurnia	lead_only
wiki:fextralife:page-23757:revision-757844	23757	757844	2026-08-21T21:34:46Z	917077503ab84de78b7532dfe6020808e08f6180	Champion Headband	https://eldenring.wiki.fextralife.com/Champion_Headband	https://eldenring.wiki.fextralife.com/Champion_Headband?oldid=757844	location1	Caelid	lead_only
wiki:fextralife:page-23760:revision-757786	23760	757786	2026-08-21T21:33:39Z	4688c7a36a2a51dafca1e3addf50f5fc8092fba7	Astrologer Robe	https://eldenring.wiki.fextralife.com/Astrologer_Robe	https://eldenring.wiki.fextralife.com/Astrologer_Robe?oldid=757786	location1	Liurnia	lead_only
wiki:fextralife:page-23764:revision-757845	23764	757845	2026-08-21T21:34:47Z	9074ad2983410259246d45a35c6b1cfa191fe8eb	Champion Pauldron	https://eldenring.wiki.fextralife.com/Champion_Pauldron	https://eldenring.wiki.fextralife.com/Champion_Pauldron?oldid=757845	location1	Caelid	lead_only
wiki:fextralife:page-23767:revision-758007	23767	758007	2026-08-21T21:37:59Z	6bf2de7646a897c392c4d8f01fb31cd73e1c4c1a	Leather Trousers	https://eldenring.wiki.fextralife.com/Leather_Trousers	https://eldenring.wiki.fextralife.com/Leather_Trousers?oldid=758007	location1	Weeping	lead_only
wiki:fextralife:page-23781:revision-757787	23781	757787	2026-08-21T21:33:40Z	68e4825bd106d66feff0a3ad2bede912b75f8b8a	Astrologer Trousers	https://eldenring.wiki.fextralife.com/Astrologer_Trousers	https://eldenring.wiki.fextralife.com/Astrologer_Trousers?oldid=757787	location1	Liurnia	lead_only
wiki:fextralife:page-23795:revision-758462	23795	758462	2026-08-21T21:47:36Z	9816214ee08b988d32503006494d47e214462e72	Scorpion Kite Shield	https://eldenring.wiki.fextralife.com/Scorpion_Kite_Shield	https://eldenring.wiki.fextralife.com/Scorpion_Kite_Shield?oldid=758462	location1	Altus	lead_only
wiki:fextralife:page-23838:revision-756507	23838	756507	2026-08-21T21:05:41Z	a4e3bdc4536ac1899b6097bcaa369d6524d04bef	Fia's Mist	https://eldenring.wiki.fextralife.com/Fia's_Mist	https://eldenring.wiki.fextralife.com/Fia's_Mist?oldid=756507	location1	Deeproot Depths	lead_only
wiki:fextralife:page-23880:revision-758550	23880	758550	2026-08-21T21:50:14Z	e329d9b516827dbb8bf2049fc586dad391521987	Okina Mask	https://eldenring.wiki.fextralife.com/Okina_Mask	https://eldenring.wiki.fextralife.com/Okina_Mask?oldid=758550	location1	Mountaintops of the Giants	lead_only
wiki:fextralife:page-23881:revision-757310	23881	757310	2026-08-21T21:21:43Z	f00d6b4ac86dcb0a1db01fb2a26841903104b457	Avionette Soldier Ashes	https://eldenring.wiki.fextralife.com/Avionette_Soldier_Ashes	https://eldenring.wiki.fextralife.com/Avionette_Soldier_Ashes?oldid=757310	location1	Raya Lucaria Academy	lead_only
wiki:fextralife:page-23934:revision-757715	23934	757715	2026-08-21T21:32:16Z	991b5a1c3561b6d598743f8a7a623f0f9d1d354f	Old Lord's Talisman	https://eldenring.wiki.fextralife.com/Old_Lord's_Talisman	https://eldenring.wiki.fextralife.com/Old_Lord's_Talisman?oldid=757715	location1	Farum Azula	lead_only
wiki:fextralife:page-23950:revision-758057	23950	758057	2026-08-21T21:38:58Z	e9cc95ded15b557ee220e2e06b356dde7789ce05	Olivinus Glintstone Crown	https://eldenring.wiki.fextralife.com/Olivinus_Glintstone_Crown	https://eldenring.wiki.fextralife.com/Olivinus_Glintstone_Crown?oldid=758057	location1	Raya Lucaria Academy	lead_only
wiki:fextralife:page-23967:revision-757142	23967	757142	2026-08-21T21:18:26Z	15bcbaea3f1cf44c275dd7ccc5b9e67cd0e9ff49	Chrysalids' Memento	https://eldenring.wiki.fextralife.com/Chrysalids'_Memento	https://eldenring.wiki.fextralife.com/Chrysalids'_Memento?oldid=757142	location1	Stormveil	lead_only
wiki:fextralife:page-24023:revision-757947	24023	757947	2026-08-21T21:36:48Z	5fc26b207e4881bf2ec6d78ec6b90f7640aea765	Greathelm	https://eldenring.wiki.fextralife.com/Greathelm	https://eldenring.wiki.fextralife.com/Greathelm?oldid=757947	location1	Caelid	lead_only
wiki:fextralife:page-24033:revision-757311	24033	757311	2026-08-21T21:21:44Z	00be574a7b7680f1e77d7e045cf5c1de280a8303	Azula Beastman Ashes	https://eldenring.wiki.fextralife.com/Azula_Beastman_Ashes	https://eldenring.wiki.fextralife.com/Azula_Beastman_Ashes?oldid=757311	location1	Farum Azula	lead_only
wiki:fextralife:page-24065:revision-758195	24065	758195	2026-08-21T21:41:41Z	bacc8afb25a8629c3b261785f1c097d5072a37a6	Azur's Glintstone Staff	https://eldenring.wiki.fextralife.com/Azur's_Glintstone_Staff	https://eldenring.wiki.fextralife.com/Azur's_Glintstone_Staff?oldid=758195	location1	Raya Lucaria Academy	lead_only
wiki:fextralife:page-24100:revision-757414	24100	757414	2026-08-21T21:23:45Z	8cc4fd5cbbf41968dbc5fef515aacbf2c6bb457e	Tower of Shadow Message	https://eldenring.wiki.fextralife.com/Tower_of_Shadow_Message	https://eldenring.wiki.fextralife.com/Tower_of_Shadow_Message?oldid=757414	location1	Belurat	lead_only
wiki:fextralife:page-24151:revision-757658	24151	757658	2026-08-21T21:31:08Z	47576371e0c499d0d35548c86248186f2720a1dd	Claw Talisman	https://eldenring.wiki.fextralife.com/Claw_Talisman	https://eldenring.wiki.fextralife.com/Claw_Talisman?oldid=757658	location1	Stormveil	lead_only
wiki:fextralife:page-24177:revision-758065	24177	758065	2026-08-21T21:39:07Z	085fd463e8b606853f99e5bf4bf831fa2c8f013b	Omensmirk Mask	https://eldenring.wiki.fextralife.com/Omensmirk_Mask	https://eldenring.wiki.fextralife.com/Omensmirk_Mask?oldid=758065	location1	Leyndell	lead_only
wiki:fextralife:page-24239:revision-757517	24239	757517	2026-08-21T21:25:44Z	5d6435fa3d89594d07abdc1cf612d4fd44a498cc	Opaline Bubbletear	https://eldenring.wiki.fextralife.com/Opaline_Bubbletear	https://eldenring.wiki.fextralife.com/Opaline_Bubbletear?oldid=757517	location1	Weeping	lead_only
wiki:fextralife:page-24261:revision-756563	24261	756563	2026-08-21T21:06:48Z	645cffeea929398e1e8b465491699bdfe11d4f5f	Oracle Bubbles	https://eldenring.wiki.fextralife.com/Oracle_Bubbles	https://eldenring.wiki.fextralife.com/Oracle_Bubbles?oldid=756563	location1	Siofra River	lead_only
wiki:fextralife:page-24325:revision-756594	24325	756594	2026-08-21T21:07:24Z	8a76a53a327524a8d67d65095604dbdf00a32242	Triple Rings of Light	https://eldenring.wiki.fextralife.com/Triple_Rings_of_Light	https://eldenring.wiki.fextralife.com/Triple_Rings_of_Light?oldid=756594	location1	Haligtree	lead_only
wiki:fextralife:page-24389:revision-757544	24389	757544	2026-08-21T21:26:16Z	e5e749314bf2e739a8a8baafa2aad65f769daf73	Light Crossbow	https://eldenring.wiki.fextralife.com/Light_Crossbow	https://eldenring.wiki.fextralife.com/Light_Crossbow?oldid=757544	location1	Weeping	lead_only
wiki:fextralife:page-24470:revision-758512	24470	758512	2026-08-21T21:48:42Z	0c743a2a24b6930b57dde998924b3a95298782ad	Troll's Hammer	https://eldenring.wiki.fextralife.com/Troll's_Hammer	https://eldenring.wiki.fextralife.com/Troll's_Hammer?oldid=758512	location1	Altus	lead_only
wiki:fextralife:page-24484:revision-757791	24484	757791	2026-08-21T21:33:45Z	6b547a5dc23e3eddcbe6eb44d420d2e532428e8e	Bandit Garb	https://eldenring.wiki.fextralife.com/Bandit_Garb	https://eldenring.wiki.fextralife.com/Bandit_Garb?oldid=757791	location1	Stormveil	lead_only
wiki:fextralife:page-24492:revision-757792	24492	757792	2026-08-21T21:33:46Z	eed843a0ebafe6dda916daa40d1a11c2fb9c7026	Bandit Manchettes	https://eldenring.wiki.fextralife.com/Bandit_Manchettes	https://eldenring.wiki.fextralife.com/Bandit_Manchettes?oldid=757792	location1	Stormveil	lead_only
wiki:fextralife:page-24499:revision-757793	24499	757793	2026-08-21T21:33:47Z	d9cc8634400506839bc00ccd6a1617e5792ff0c9	Bandit Mask	https://eldenring.wiki.fextralife.com/Bandit_Mask	https://eldenring.wiki.fextralife.com/Bandit_Mask?oldid=757793	location1	Limgrave	lead_only
wiki:fextralife:page-24517:revision-757514	24517	757514	2026-08-21T21:25:41Z	6941498c8afe7e911095818b8a9cc6843e23231a	Lightning-Shrouding Cracked Tear	https://eldenring.wiki.fextralife.com/Lightning-Shrouding_Cracked_Tear	https://eldenring.wiki.fextralife.com/Lightning-Shrouding_Cracked_Tear?oldid=757514	location1	Liurnia	lead_only
wiki:fextralife:page-24600:revision-757329	24600	757329	2026-08-21T21:22:05Z	bcc72001d2ff3bdccaddbc85282270f12688df90	Fire Knight Hilde	https://eldenring.wiki.fextralife.com/Fire_Knight_Hilde	https://eldenring.wiki.fextralife.com/Fire_Knight_Hilde?oldid=757329	location1	Shadow Keep	lead_only
wiki:fextralife:page-24706:revision-757158	24706	757158	2026-08-21T21:18:45Z	f115b6ce5901c675ad9b1a597f7d4aa023d0bbd3	Fire Monks' Prayerbook	https://eldenring.wiki.fextralife.com/Fire_Monks'_Prayerbook	https://eldenring.wiki.fextralife.com/Fire_Monks'_Prayerbook?oldid=757158	location1	Liurnia	lead_only
wiki:fextralife:page-24727:revision-758010	24727	758010	2026-08-21T21:38:03Z	49e13cc684108591d37bed2e34a47ffc67ee9afe	Lionel's Armor	https://eldenring.wiki.fextralife.com/Lionel's_Armor	https://eldenring.wiki.fextralife.com/Lionel's_Armor?oldid=758010	location1	Leyndell	lead_only
wiki:fextralife:page-24741:revision-758011	24741	758011	2026-08-21T21:38:04Z	a30ade463e9e39d0f4da1ea7a7889e8487e18624	Lionel's Gauntlets	https://eldenring.wiki.fextralife.com/Lionel's_Gauntlets	https://eldenring.wiki.fextralife.com/Lionel's_Gauntlets?oldid=758011	location1	Leyndell	lead_only
wiki:fextralife:page-24749:revision-758012	24749	758012	2026-08-21T21:38:05Z	29f91f34e1252f6b47abd44ce1c398a7eec63839	Lionel's Greaves	https://eldenring.wiki.fextralife.com/Lionel's_Greaves	https://eldenring.wiki.fextralife.com/Lionel's_Greaves?oldid=758012	location1	Leyndell	lead_only
wiki:fextralife:page-24757:revision-758013	24757	758013	2026-08-21T21:38:06Z	9c783293ed5387210431b8d3ef046110f2b4e59a	Lionel's Helm	https://eldenring.wiki.fextralife.com/Lionel's_Helm	https://eldenring.wiki.fextralife.com/Lionel's_Helm?oldid=758013	location1	Leyndell	lead_only
wiki:fextralife:page-24781:revision-756508	24781	756508	2026-08-21T21:05:42Z	53a26eb856148532c08164491e7cd2e38214e519	Fire Serpent	https://eldenring.wiki.fextralife.com/Fire_Serpent	https://eldenring.wiki.fextralife.com/Fire_Serpent?oldid=756508	location1	Shadow Keep	lead_only
wiki:fextralife:page-24899:revision-758249	24899	758249	2026-08-21T21:42:54Z	9358e52e1b212e633d2ddd86b7c1c747e33ddcea	Coded Sword	https://eldenring.wiki.fextralife.com/Coded_Sword	https://eldenring.wiki.fextralife.com/Coded_Sword?oldid=758249	location1	Leyndell	lead_only
wiki:fextralife:page-24977:revision-756465	24977	756465	2026-08-21T21:04:49Z	6148be4009a2dd157cc78bbb98fd36cfb65d83a9	Barrier of Gold	https://eldenring.wiki.fextralife.com/Barrier_of_Gold	https://eldenring.wiki.fextralife.com/Barrier_of_Gold?oldid=756465	location1	Leyndell	lead_only
wiki:fextralife:page-25081:revision-758154	25081	758154	2026-08-21T21:40:52Z	1a4405bb7be5f73c8e7d58ae7ff0ddcce0204e4c	Twinsage Glintstone Crown	https://eldenring.wiki.fextralife.com/Twinsage_Glintstone_Crown	https://eldenring.wiki.fextralife.com/Twinsage_Glintstone_Crown?oldid=758154	location1	Raya Lucaria Academy	lead_only
wiki:fextralife:page-25094:revision-758352	25094	758352	2026-08-21T21:45:09Z	759d0abc0d0998cc653b4c5747cf045459cd4938	Halberd	https://eldenring.wiki.fextralife.com/Halberd	https://eldenring.wiki.fextralife.com/Halberd?oldid=758352	location1	Limgrave	lead_only
wiki:fextralife:page-25121:revision-758200	25121	758200	2026-08-21T21:41:47Z	f91e418b8f51936304e70fa8c14db9d31692a41a	Bastard Sword	https://eldenring.wiki.fextralife.com/Bastard_Sword	https://eldenring.wiki.fextralife.com/Bastard_Sword?oldid=758200	location1	Weeping	lead_only
wiki:fextralife:page-25142:revision-757220	25142	757220	2026-08-21T21:19:57Z	4c80a8fed7f9ab687682a7d0126fcc808f0ba4b8	Two Fingers' Prayerbook	https://eldenring.wiki.fextralife.com/Two_Fingers'_Prayerbook	https://eldenring.wiki.fextralife.com/Two_Fingers'_Prayerbook?oldid=757220	location1	Leyndell	lead_only
wiki:fextralife:page-25251:revision-758251	25251	758251	2026-08-21T21:42:56Z	98cd9ce6b814865d3b5849dce1cf18dd9d32cb60	Commander's Standard	https://eldenring.wiki.fextralife.com/Commander's_Standard	https://eldenring.wiki.fextralife.com/Commander's_Standard?oldid=758251	location1	Caelid	lead_only
wiki:fextralife:page-25254:revision-757706	25254	757706	2026-08-21T21:32:05Z	4ebec47c1f5b90fd6fc5ef72e94f01fe62957384	Longtail Cat Talisman	https://eldenring.wiki.fextralife.com/Longtail_Cat_Talisman	https://eldenring.wiki.fextralife.com/Longtail_Cat_Talisman?oldid=757706	location1	Raya Lucaria Academy	lead_only
wiki:fextralife:page-25301:revision-757707	25301	757707	2026-08-21T21:32:07Z	a866830a3e44135aa051d0cb2199188835073586	Lord of Blood's Exultation	https://eldenring.wiki.fextralife.com/Lord_of_Blood's_Exultation	https://eldenring.wiki.fextralife.com/Lord_of_Blood's_Exultation?oldid=757707	location1	Leyndell	lead_only
wiki:fextralife:page-25343:revision-756584	25343	756584	2026-08-21T21:07:13Z	683315206c8d1c1a5ca6431031f420e480ebaad8	Shattering Crystal	https://eldenring.wiki.fextralife.com/Shattering_Crystal	https://eldenring.wiki.fextralife.com/Shattering_Crystal?oldid=756584	location1	Raya Lucaria Academy	lead_only
wiki:fextralife:page-25384:revision-757852	25384	757852	2026-08-21T21:34:56Z	4e5dda411c7eff6816a1a64df1840ed533ab2987	Commoner's Simple Garb	https://eldenring.wiki.fextralife.com/Commoner's_Simple_Garb	https://eldenring.wiki.fextralife.com/Commoner's_Simple_Garb?oldid=757852	location1	Stormveil	lead_only
wiki:fextralife:page-25578:revision-756513	25578	756513	2026-08-21T21:05:48Z	37364df2e7308745e38a2b8a789cb6a0545285a4	Flame of the Fell God	https://eldenring.wiki.fextralife.com/Flame_of_the_Fell_God	https://eldenring.wiki.fextralife.com/Flame_of_the_Fell_God?oldid=756513	location1	Liurnia	lead_only
wiki:fextralife:page-25582:revision-757859	25582	757859	2026-08-21T21:35:04Z	1cb72e21a960c832766b5b6d3e2d8c5c44b6241c	Consort's Trousers	https://eldenring.wiki.fextralife.com/Consort's_Trousers	https://eldenring.wiki.fextralife.com/Consort's_Trousers?oldid=757859	location1	Altus	lead_only
wiki:fextralife:page-25590:revision-757143	25590	757143	2026-08-21T21:18:27Z	689089580a3cae78d1304337382fb905500128b8	Conspectus Scroll	https://eldenring.wiki.fextralife.com/Conspectus_Scroll	https://eldenring.wiki.fextralife.com/Conspectus_Scroll?oldid=757143	location1	Raya Lucaria Academy	lead_only
wiki:fextralife:page-25627:revision-758156	25627	758156	2026-08-21T21:40:54Z	08ea5573e134cc2187a8610396116eb145160998	Vagabond Knight Armor	https://eldenring.wiki.fextralife.com/Vagabond_Knight_Armor	https://eldenring.wiki.fextralife.com/Vagabond_Knight_Armor?oldid=758156	location1	Mountaintops of the Giants	lead_only
wiki:fextralife:page-25635:revision-758354	25635	758354	2026-08-21T21:45:11Z	789d28610c16995b45dbf7ae269474956d51c3c9	Hammer	https://eldenring.wiki.fextralife.com/Hammer	https://eldenring.wiki.fextralife.com/Hammer?oldid=758354	location1	Leyndell	lead_only
wiki:fextralife:page-25641:revision-758157	25641	758157	2026-08-21T21:40:55Z	873d75139ebfa2a162ef2d551812a68c28821f0c	Vagabond Knight Gauntlets	https://eldenring.wiki.fextralife.com/Vagabond_Knight_Gauntlets	https://eldenring.wiki.fextralife.com/Vagabond_Knight_Gauntlets?oldid=758157	location1	Mountaintops of the Giants	lead_only
wiki:fextralife:page-25647:revision-758158	25647	758158	2026-08-21T21:40:56Z	fcdf715fa3bd8e38543f0685e639e3366b75940e	Vagabond Knight Greaves	https://eldenring.wiki.fextralife.com/Vagabond_Knight_Greaves	https://eldenring.wiki.fextralife.com/Vagabond_Knight_Greaves?oldid=758158	location1	Mountaintops of the Giants	lead_only
wiki:fextralife:page-25654:revision-758159	25654	758159	2026-08-21T21:40:57Z	0a4f7cbf1ee52e0f37aa7b26cde86e6c4353790e	Vagabond Knight Helm	https://eldenring.wiki.fextralife.com/Vagabond_Knight_Helm	https://eldenring.wiki.fextralife.com/Vagabond_Knight_Helm?oldid=758159	location1	Mountaintops of the Giants	lead_only
wiki:fextralife:page-25700:revision-758518	25700	758518	2026-08-21T21:48:51Z	f4c7c1780519f570367899b96d33d3c44517419a	Varre's Bouquet	https://eldenring.wiki.fextralife.com/Varre's_Bouquet	https://eldenring.wiki.fextralife.com/Varre's_Bouquet?oldid=758518	location1	Mohgwyn	lead_only
wiki:fextralife:page-25868:revision-758307	25868	758307	2026-08-21T21:44:08Z	421ac005927bcbccd72961fb6814dfb55c89aa18	Flowing Curved Sword	https://eldenring.wiki.fextralife.com/Flowing_Curved_Sword	https://eldenring.wiki.fextralife.com/Flowing_Curved_Sword?oldid=758307	location1	Consecrated Snowfield	lead_only
wiki:fextralife:page-25873:revision-758474	25873	758474	2026-08-21T21:47:52Z	c1c825c5ef77b1bef532fc9f937941da247f47e0	Short Sword	https://eldenring.wiki.fextralife.com/Short_Sword	https://eldenring.wiki.fextralife.com/Short_Sword?oldid=758474	location1	Limgrave	lead_only
wiki:fextralife:page-25885:revision-756566	25885	756566	2026-08-21T21:06:51Z	3681421a2ce10a47484d91df0fd38fa6a87a7564	Pest-Thread Spears	https://eldenring.wiki.fextralife.com/Pest-Thread_Spears	https://eldenring.wiki.fextralife.com/Pest-Thread_Spears?oldid=756566	location1	Ancient Ruins	lead_only
wiki:fextralife:page-25992:revision-758355	25992	758355	2026-08-21T21:45:13Z	7ee8466d6d8aec618cf6cbe0b2cde3adb266359c	Hand Axe	https://eldenring.wiki.fextralife.com/Hand_Axe	https://eldenring.wiki.fextralife.com/Hand_Axe?oldid=758355	location1	Limgrave	lead_only
wiki:fextralife:page-25997:revision-758475	25997	758475	2026-08-21T21:47:54Z	b54c8c812540d2927c19837fdf481c9b799573b4	Shotel	https://eldenring.wiki.fextralife.com/Shotel	https://eldenring.wiki.fextralife.com/Shotel?oldid=758475	location1	Siofra River	lead_only
wiki:fextralife:page-26050:revision-758476	26050	758476	2026-08-21T21:47:55Z	28b730d2f07f4db625fc085f424c43e89527d3e0	Siluria's Tree	https://eldenring.wiki.fextralife.com/Siluria's_Tree	https://eldenring.wiki.fextralife.com/Siluria's_Tree?oldid=758476	location1	Deeproot Depths	lead_only
wiki:fextralife:page-26150:revision-757515	26150	757515	2026-08-21T21:25:42Z	17d0012857846abc0bb60f04f8fe34d592bdd782	Magic-Shrouding Cracked Tear	https://eldenring.wiki.fextralife.com/Magic-Shrouding_Cracked_Tear	https://eldenring.wiki.fextralife.com/Magic-Shrouding_Cracked_Tear?oldid=757515	location1	Liurnia	lead_only
wiki:fextralife:page-26162:revision-758356	26162	758356	2026-08-21T21:45:14Z	1a4860a126422ff2cce1dfe61f5985a1432dfe57	Hawk Crest Wooden Shield	https://eldenring.wiki.fextralife.com/Hawk_Crest_Wooden_Shield	https://eldenring.wiki.fextralife.com/Hawk_Crest_Wooden_Shield?oldid=758356	location1	Stormveil	lead_only
wiki:fextralife:page-26168:revision-757661	26168	757661	2026-08-21T21:31:12Z	d20908739afaa7ad1081313468f0e30abfd217d3	Crimson Amber Medallion	https://eldenring.wiki.fextralife.com/Crimson_Amber_Medallion	https://eldenring.wiki.fextralife.com/Crimson_Amber_Medallion?oldid=757661	location1	Weeping	lead_only
wiki:fextralife:page-26224:revision-758428	26224	758428	2026-08-21T21:46:52Z	e19dcb0b4031f911bab8067cacb1ca05eab9513c	Pike	https://eldenring.wiki.fextralife.com/Pike	https://eldenring.wiki.fextralife.com/Pike?oldid=758428	location1	Stormveil	lead_only
wiki:fextralife:page-26241:revision-757499	26241	757499	2026-08-21T21:25:25Z	4f4057fdd6852d9b1635c082415231b3c457cac2	Crimsonburst Crystal Tear	https://eldenring.wiki.fextralife.com/Crimsonburst_Crystal_Tear	https://eldenring.wiki.fextralife.com/Crimsonburst_Crystal_Tear?oldid=757499	location1	Weeping	lead_only
wiki:fextralife:page-26257:revision-757501	26257	757501	2026-08-21T21:25:27Z	82f89d7cb0081a0f1110fac97a49759719e8c280	Crimsonspill Crystal Tear	https://eldenring.wiki.fextralife.com/Crimsonspill_Crystal_Tear	https://eldenring.wiki.fextralife.com/Crimsonspill_Crystal_Tear?oldid=757501	location1	Altus	lead_only
wiki:fextralife:page-26264:revision-757502	26264	757502	2026-08-21T21:25:28Z	a61bb3a36bb6089ba8d3f6c4d22179c0cfee1af0	Crimsonwhorl Bubbletear	https://eldenring.wiki.fextralife.com/Crimsonwhorl_Bubbletear	https://eldenring.wiki.fextralife.com/Crimsonwhorl_Bubbletear?oldid=757502	location1	Mountaintops of the Giants	lead_only
wiki:fextralife:page-26393:revision-756567	26393	756567	2026-08-21T21:06:52Z	146ed8fde578d203b79bd8f417782426682a7349	Poison Armament	https://eldenring.wiki.fextralife.com/Poison_Armament	https://eldenring.wiki.fextralife.com/Poison_Armament?oldid=756567	location1	Caelid	lead_only
wiki:fextralife:page-26409:revision-756568	26409	756568	2026-08-21T21:06:54Z	26d2606167fde9ee6b00c12bf54a74dc6c20b587	Poison Mist	https://eldenring.wiki.fextralife.com/Poison_Mist	https://eldenring.wiki.fextralife.com/Poison_Mist?oldid=756568	location1	Weeping	lead_only
wiki:fextralife:page-26481:revision-758430	26481	758430	2026-08-21T21:46:55Z	987d831f887846cd5d61385adedb425f43335b5b	Poisoned Hand	https://eldenring.wiki.fextralife.com/Poisoned_Hand	https://eldenring.wiki.fextralife.com/Poisoned_Hand?oldid=758430	location1	Belurat	lead_only
wiki:fextralife:page-26544:revision-757531	26544	757531	2026-08-21T21:26:01Z	adff69f3ccdb9230e135e1c2762ef7307fe7fb7a	Black Bow	https://eldenring.wiki.fextralife.com/Black_Bow	https://eldenring.wiki.fextralife.com/Black_Bow?oldid=757531	location1	Leyndell	lead_only
wiki:fextralife:page-26594:revision-757612	26594	757612	2026-08-21T21:27:38Z	ed2463fdfca15c42a24c5a35f528d72b3a481850	Malenia's Great Rune	https://eldenring.wiki.fextralife.com/Malenia's_Great_Rune	https://eldenring.wiki.fextralife.com/Malenia's_Great_Rune?oldid=757612	location1	Haligtree	lead_only
wiki:fextralife:page-26620:revision-757804	26620	757804	2026-08-21T21:34:00Z	70e1dbe50e50d143a9eaa5bd0eb7b1ffb03536e8	Black Knife Armor	https://eldenring.wiki.fextralife.com/Black_Knife_Armor	https://eldenring.wiki.fextralife.com/Black_Knife_Armor?oldid=757804	location1	Consecrated Snowfield	lead_only
wiki:fextralife:page-26651:revision-758018	26651	758018	2026-08-21T21:38:12Z	f2c5b8a02c358fa8f81f397ad97a3efbb7acaff6	Malformed Dragon Gauntlets	https://eldenring.wiki.fextralife.com/Malformed_Dragon_Gauntlets	https://eldenring.wiki.fextralife.com/Malformed_Dragon_Gauntlets?oldid=758018	location1	Farum Azula	lead_only
wiki:fextralife:page-26659:revision-758019	26659	758019	2026-08-21T21:38:13Z	f8af19e8334e9b9dec65bb4ff3155c334f4e8d0e	Malformed Dragon Greaves	https://eldenring.wiki.fextralife.com/Malformed_Dragon_Greaves	https://eldenring.wiki.fextralife.com/Malformed_Dragon_Greaves?oldid=758019	location1	Farum Azula	lead_only
wiki:fextralife:page-26663:revision-757669	26663	757669	2026-08-21T21:31:21Z	e2158c66c53135c54d49bcbe7bef4f6d3013b729	Crucible Scale Talisman	https://eldenring.wiki.fextralife.com/Crucible_Scale_Talisman	https://eldenring.wiki.fextralife.com/Crucible_Scale_Talisman?oldid=757669	location1	Leyndell	lead_only
wiki:fextralife:page-26664:revision-757805	26664	757805	2026-08-21T21:34:01Z	1aa635fc5f9aa9118a04dbf088d2a5138553db60	Black Knife Gauntlets	https://eldenring.wiki.fextralife.com/Black_Knife_Gauntlets	https://eldenring.wiki.fextralife.com/Black_Knife_Gauntlets?oldid=757805	location1	Consecrated Snowfield	lead_only
wiki:fextralife:page-26668:revision-758020	26668	758020	2026-08-21T21:38:14Z	ad2e461a97e1c1416d05333f6ed692eae42ba3ff	Malformed Dragon Helm	https://eldenring.wiki.fextralife.com/Malformed_Dragon_Helm	https://eldenring.wiki.fextralife.com/Malformed_Dragon_Helm?oldid=758020	location1	Farum Azula	lead_only
wiki:fextralife:page-26671:revision-757868	26671	757868	2026-08-21T21:35:14Z	db704ebf3de2f52d1018dee19356fe88fa39132c	Crucible Tree Armor	https://eldenring.wiki.fextralife.com/Crucible_Tree_Armor	https://eldenring.wiki.fextralife.com/Crucible_Tree_Armor?oldid=757868	location1	Deeproot Depths	lead_only
wiki:fextralife:page-26672:revision-757806	26672	757806	2026-08-21T21:34:02Z	308c818a361a723eb0eef0817d7a16a3a89f0fd8	Black Knife Greaves	https://eldenring.wiki.fextralife.com/Black_Knife_Greaves	https://eldenring.wiki.fextralife.com/Black_Knife_Greaves?oldid=757806	location1	Consecrated Snowfield	lead_only
wiki:fextralife:page-26680:revision-757807	26680	757807	2026-08-21T21:34:03Z	80062ee3b4f3156d1f85e08d7deaa24eab118a79	Black Knife Hood	https://eldenring.wiki.fextralife.com/Black_Knife_Hood	https://eldenring.wiki.fextralife.com/Black_Knife_Hood?oldid=757807	location1	Consecrated Snowfield	lead_only
wiki:fextralife:page-26686:revision-757869	26686	757869	2026-08-21T21:35:15Z	a7be800a63710c2460108201ac6e7575deff0776	Crucible Tree Helm	https://eldenring.wiki.fextralife.com/Crucible_Tree_Helm	https://eldenring.wiki.fextralife.com/Crucible_Tree_Helm?oldid=757869	location1	Deeproot Depths	lead_only
wiki:fextralife:page-26714:revision-757670	26714	757670	2026-08-21T21:31:22Z	845ec50ac8783c6697a1d7b029aa7bf9d07e2b68	Crusade Insignia	https://eldenring.wiki.fextralife.com/Crusade_Insignia	https://eldenring.wiki.fextralife.com/Crusade_Insignia?oldid=757670	location1	Belurat	lead_only
wiki:fextralife:page-26820:revision-756519	26820	756519	2026-08-21T21:05:55Z	47e5a264ff229227d9c8772b8dfb39d4f0ff6d1c	Frozen Lightning Spear	https://eldenring.wiki.fextralife.com/Frozen_Lightning_Spear	https://eldenring.wiki.fextralife.com/Frozen_Lightning_Spear?oldid=756519	location1	Ainsel River	lead_only
wiki:fextralife:page-26825:revision-757723	26825	757723	2026-08-21T21:32:25Z	e8425573cae56f727d80c06c47b5c56d0e8c9877	Prince of Death's Cyst	https://eldenring.wiki.fextralife.com/Prince_of_Death's_Cyst	https://eldenring.wiki.fextralife.com/Prince_of_Death's_Cyst?oldid=757723	location1	Deeproot Depths	lead_only
wiki:fextralife:page-26831:revision-757724	26831	757724	2026-08-21T21:32:26Z	bbe7500be61c188788d89c305f1fc2d91945a082	Prince of Death's Pustule	https://eldenring.wiki.fextralife.com/Prince_of_Death's_Pustule	https://eldenring.wiki.fextralife.com/Prince_of_Death's_Pustule?oldid=757724	location1	Stormveil	lead_only
wiki:fextralife:page-26839:revision-758433	26839	758433	2026-08-21T21:46:58Z	c03862904f9bf7a9d4b59ec885ab50dee7d2e04a	Prince of Death's Staff	https://eldenring.wiki.fextralife.com/Prince_of_Death's_Staff	https://eldenring.wiki.fextralife.com/Prince_of_Death's_Staff?oldid=758433	location1	Deeproot Depths	lead_only
wiki:fextralife:page-26845:revision-758166	26845	758166	2026-08-21T21:41:06Z	06b7d3ada7f2c04f0db0ef0a621b88439551fc06	War Surgeon Gloves	https://eldenring.wiki.fextralife.com/War_Surgeon_Gloves	https://eldenring.wiki.fextralife.com/War_Surgeon_Gloves?oldid=758166	location1	Mohgwyn	lead_only
wiki:fextralife:page-26854:revision-758077	26854	758077	2026-08-21T21:39:21Z	c08a083f437f1e83c7522e4c2205a78ea2da7fba	Prisoner Clothing	https://eldenring.wiki.fextralife.com/Prisoner_Clothing	https://eldenring.wiki.fextralife.com/Prisoner_Clothing?oldid=758077	location1	Ainsel River	lead_only
wiki:fextralife:page-26858:revision-758167	26858	758167	2026-08-21T21:41:07Z	65989bc55248acfdf7175bcad9f9aebe8e115b93	War Surgeon Gown (Altered)	https://eldenring.wiki.fextralife.com/War_Surgeon_Gown_(Altered)	https://eldenring.wiki.fextralife.com/War_Surgeon_Gown_(Altered)?oldid=758167	location1	Mohgwyn	lead_only
wiki:fextralife:page-26859:revision-758078	26859	758078	2026-08-21T21:39:23Z	257443467c779ef3651d03d6c32ee7442bfa3a2c	Prisoner Iron Mask	https://eldenring.wiki.fextralife.com/Prisoner_Iron_Mask	https://eldenring.wiki.fextralife.com/Prisoner_Iron_Mask?oldid=758078	location1	Ainsel River	lead_only
wiki:fextralife:page-26870:revision-757536	26870	757536	2026-08-21T21:26:07Z	8e12d027a19206dde6a7762016f626be7c78bb5e	Full Moon Crossbow	https://eldenring.wiki.fextralife.com/Full_Moon_Crossbow	https://eldenring.wiki.fextralife.com/Full_Moon_Crossbow?oldid=757536	location1	Raya Lucaria Academy	lead_only
wiki:fextralife:page-26872:revision-758168	26872	758168	2026-08-21T21:41:09Z	f94d51386f491a5526c0814b83267334c0554271	War Surgeon Trousers	https://eldenring.wiki.fextralife.com/War_Surgeon_Trousers	https://eldenring.wiki.fextralife.com/War_Surgeon_Trousers?oldid=758168	location1	Mohgwyn	lead_only
wiki:fextralife:page-26873:revision-758079	26873	758079	2026-08-21T21:39:24Z	1fc034c78baa9659086cda32346785af4868a214	Prisoner Trousers	https://eldenring.wiki.fextralife.com/Prisoner_Trousers	https://eldenring.wiki.fextralife.com/Prisoner_Trousers?oldid=758079	location1	Ainsel River	lead_only
wiki:fextralife:page-26968:revision-756569	26968	756569	2026-08-21T21:06:55Z	264f4ba78e365c396a0ff34125b48fad395ef72e	Protection of the Erdtree	https://eldenring.wiki.fextralife.com/Protection_of_the_Erdtree	https://eldenring.wiki.fextralife.com/Protection_of_the_Erdtree?oldid=756569	location1	Altus	lead_only
wiki:fextralife:page-26973:revision-757546	26973	757546	2026-08-21T21:26:18Z	4149721b36fab4ce9eda1e191087198dddfe2197	Pulley Bow	https://eldenring.wiki.fextralife.com/Pulley_Bow	https://eldenring.wiki.fextralife.com/Pulley_Bow?oldid=757546	location1	Mt. Gelmir	lead_only
wiki:fextralife:page-27013:revision-758395	27013	758395	2026-08-21T21:46:08Z	fbdbd782f999a2bb2ffa34adf51176a36ca37ca7	Manor Towershield	https://eldenring.wiki.fextralife.com/Manor_Towershield	https://eldenring.wiki.fextralife.com/Manor_Towershield?oldid=758395	location1	Stormveil	lead_only
wiki:fextralife:page-27060:revision-758313	27060	758313	2026-08-21T21:44:16Z	7bfba43d8d3649f69b4373b609f5bda5eef56dea	Gargoyle's Black Axe	https://eldenring.wiki.fextralife.com/Gargoyle's_Black_Axe	https://eldenring.wiki.fextralife.com/Gargoyle's_Black_Axe?oldid=758313	location1	Mountaintops of the Giants	lead_only
wiki:fextralife:page-27067:revision-758314	27067	758314	2026-08-21T21:44:17Z	3d30d354be899518a6ca8eff12caa466ab0b2116	Gargoyle's Black Blades	https://eldenring.wiki.fextralife.com/Gargoyle's_Black_Blades	https://eldenring.wiki.fextralife.com/Gargoyle's_Black_Blades?oldid=758314	location1	Mountaintops of the Giants	lead_only
wiki:fextralife:page-27104:revision-758358	27104	758358	2026-08-21T21:45:17Z	c15853a7f351b5ed9d4a07f452927da752e8f072	Highland Axe	https://eldenring.wiki.fextralife.com/Highland_Axe	https://eldenring.wiki.fextralife.com/Highland_Axe?oldid=758358	location1	Stormveil	lead_only
wiki:fextralife:page-27196:revision-758317	27196	758317	2026-08-21T21:44:20Z	79d9f2157e2727e3e92a91067408b070a7f80b5d	Gargoyle's Great Axe	https://eldenring.wiki.fextralife.com/Gargoyle's_Great_Axe	https://eldenring.wiki.fextralife.com/Gargoyle's_Great_Axe?oldid=758317	location1	Altus	lead_only
wiki:fextralife:page-27223:revision-757511	27223	757511	2026-08-21T21:25:37Z	7bc19d0c60340033b742ff4795cefba7472556bf	Holy-Shrouding Cracked Tear	https://eldenring.wiki.fextralife.com/Holy-Shrouding_Cracked_Tear	https://eldenring.wiki.fextralife.com/Holy-Shrouding_Cracked_Tear?oldid=757511	location1	Liurnia	lead_only
wiki:fextralife:page-27379:revision-757727	27379	757727	2026-08-21T21:32:30Z	deaf9ca514cbb61e53aa22ab0fb028166f573cce	Radagon's Scarseal	https://eldenring.wiki.fextralife.com/Radagon's_Scarseal	https://eldenring.wiki.fextralife.com/Radagon's_Scarseal?oldid=757727	location1	Weeping	lead_only
wiki:fextralife:page-27419:revision-756599	27419	756599	2026-08-21T21:07:30Z	cdea49be6bbfd4b31bf0d5eff66966bd3a7f89d2	Watchful Spirit	https://eldenring.wiki.fextralife.com/Watchful_Spirit	https://eldenring.wiki.fextralife.com/Watchful_Spirit?oldid=756599	location1	Belurat	lead_only
wiki:fextralife:page-27429:revision-758319	27429	758319	2026-08-21T21:44:23Z	39308051ab284a506262e1abfc82d448250b25bc	Gargoyle's Halberd	https://eldenring.wiki.fextralife.com/Gargoyle's_Halberd	https://eldenring.wiki.fextralife.com/Gargoyle's_Halberd?oldid=758319	location1	Leyndell	lead_only
wiki:fextralife:page-27442:revision-758359	27442	758359	2026-08-21T21:45:20Z	2bd98f7d46ddfd1db4a981fdaaef50681a4300f9	Hookclaws	https://eldenring.wiki.fextralife.com/Hookclaws	https://eldenring.wiki.fextralife.com/Hookclaws?oldid=758359	location1	Stormveil	lead_only
wiki:fextralife:page-27457:revision-757541	27457	757541	2026-08-21T21:26:13Z	a0a926453e6a5fa911e7dee9cac729b47b6fb80e	Horn Bow	https://eldenring.wiki.fextralife.com/Horn_Bow	https://eldenring.wiki.fextralife.com/Horn_Bow?oldid=757541	location1	Siofra River	lead_only
wiki:fextralife:page-27509:revision-758361	27509	758361	2026-08-21T21:45:22Z	3da73ec87bf2d32b96a48ba91f599289afbd3269	Horned Warrior's Sword	https://eldenring.wiki.fextralife.com/Horned_Warrior's_Sword	https://eldenring.wiki.fextralife.com/Horned_Warrior's_Sword?oldid=758361	location1	Belurat	lead_only
wiki:fextralife:page-27518:revision-756472	27518	756472	2026-08-21T21:04:58Z	0ca9b6f75c77279390613c94d2f2f6433d16c79e	Blessing of the Erdtree	https://eldenring.wiki.fextralife.com/Blessing_of_the_Erdtree	https://eldenring.wiki.fextralife.com/Blessing_of_the_Erdtree?oldid=756472	location1	Leyndell	lead_only
wiki:fextralife:page-27521:revision-757671	27521	757671	2026-08-21T21:31:23Z	eb222057d87313a77322ee942e5f119cb8581c2e	Curved Sword Talisman	https://eldenring.wiki.fextralife.com/Curved_Sword_Talisman	https://eldenring.wiki.fextralife.com/Curved_Sword_Talisman?oldid=757671	location1	Stormveil	lead_only
wiki:fextralife:page-27575:revision-757708	27575	757708	2026-08-21T21:32:08Z	22ae3d8dbd28b2f45391fd0eea31a9120022b721	Marika's Scarseal	https://eldenring.wiki.fextralife.com/Marika's_Scarseal	https://eldenring.wiki.fextralife.com/Marika's_Scarseal?oldid=757708	location1	Siofra River	lead_only
wiki:fextralife:page-27586:revision-758551	27586	758551	2026-08-21T21:50:15Z	82e2b4f2018b4474a412b622524772651222daa8	Radiant Gold Mask	https://eldenring.wiki.fextralife.com/Radiant_Gold_Mask	https://eldenring.wiki.fextralife.com/Radiant_Gold_Mask?oldid=758551	location1	Altus	lead_only
wiki:fextralife:page-27608:revision-757347	27608	757347	2026-08-21T21:22:26Z	34a15eb03fdf30aa5b434d72e100e90ad21762cc	Marionette Soldier Ashes	https://eldenring.wiki.fextralife.com/Marionette_Soldier_Ashes	https://eldenring.wiki.fextralife.com/Marionette_Soldier_Ashes?oldid=757347	location1	Raya Lucaria Academy	lead_only
wiki:fextralife:page-27644:revision-758087	27644	758087	2026-08-21T21:39:33Z	16ed234b23a626776f1d860756d9aa244038c7f7	Raging Wolf Armor	https://eldenring.wiki.fextralife.com/Raging_Wolf_Armor	https://eldenring.wiki.fextralife.com/Raging_Wolf_Armor?oldid=758087	location1	Leyndell	lead_only
wiki:fextralife:page-27660:revision-758088	27660	758088	2026-08-21T21:39:35Z	39b5ec11272e230fe3ccbd62faaf86ce1433de38	Raging Wolf Gauntlets	https://eldenring.wiki.fextralife.com/Raging_Wolf_Gauntlets	https://eldenring.wiki.fextralife.com/Raging_Wolf_Gauntlets?oldid=758088	location1	Leyndell	lead_only
wiki:fextralife:page-27667:revision-758089	27667	758089	2026-08-21T21:39:36Z	639b296f15f05eb79d96a9f5d1314564ffe9bdfe	Raging Wolf Greaves	https://eldenring.wiki.fextralife.com/Raging_Wolf_Greaves	https://eldenring.wiki.fextralife.com/Raging_Wolf_Greaves?oldid=758089	location1	Leyndell	lead_only
wiki:fextralife:page-27676:revision-758090	27676	758090	2026-08-21T21:39:37Z	bbf3a5d309e1b030d782b33240f9cf6a9f0c57a0	Raging Wolf Helm	https://eldenring.wiki.fextralife.com/Raging_Wolf_Helm	https://eldenring.wiki.fextralife.com/Raging_Wolf_Helm?oldid=758090	location1	Leyndell	lead_only
wiki:fextralife:page-27701:revision-756570	27701	756570	2026-08-21T21:06:56Z	976403ce2a258821d4bd3096d24aa5f506c5724c	Rain of Fire	https://eldenring.wiki.fextralife.com/Rain_of_Fire	https://eldenring.wiki.fextralife.com/Rain_of_Fire?oldid=756570	location1	Shadow Keep	lead_only
wiki:fextralife:page-27740:revision-758398	27740	758398	2026-08-21T21:46:12Z	d36d0ad018f7aa9aadbfd51455faae60267bbba8	Marred Leather Shield	https://eldenring.wiki.fextralife.com/Marred_Leather_Shield	https://eldenring.wiki.fextralife.com/Marred_Leather_Shield?oldid=758398	location1	Stormveil	lead_only
wiki:fextralife:page-27847:revision-758399	27847	758399	2026-08-21T21:46:14Z	a7e6b7aee43b8f8ce2b5c2a3d4772923a36abae2	Marred Wooden Shield	https://eldenring.wiki.fextralife.com/Marred_Wooden_Shield	https://eldenring.wiki.fextralife.com/Marred_Wooden_Shield?oldid=758399	location1	Stormveil	lead_only
wiki:fextralife:page-27943:revision-758216	27943	758216	2026-08-21T21:42:09Z	ad19314c0b0d526c500b68f56185c4f61e5d9fb1	Bloodhound's Fang	https://eldenring.wiki.fextralife.com/Bloodhound's_Fang	https://eldenring.wiki.fextralife.com/Bloodhound's_Fang?oldid=758216	location1	Limgrave	lead_only
wiki:fextralife:page-28024:revision-757223	28024	757223	2026-08-21T21:20:00Z	8efbfa029d57f84ffafe8bba2b3b7001e7964e96	Well Depths Key	https://eldenring.wiki.fextralife.com/Well_Depths_Key	https://eldenring.wiki.fextralife.com/Well_Depths_Key?oldid=757223	location1	Belurat	lead_only
wiki:fextralife:page-28049:revision-757348	28049	757348	2026-08-21T21:22:27Z	2991915c6b6e635956b3af82f495f285e0507160	Mausoleum Soldier Ashes	https://eldenring.wiki.fextralife.com/Mausoleum_Soldier_Ashes	https://eldenring.wiki.fextralife.com/Mausoleum_Soldier_Ashes?oldid=757348	location1	Deeproot Depths	lead_only
wiki:fextralife:page-28088:revision-757521	28088	757521	2026-08-21T21:25:49Z	322a11ca7b33bc9ec18c051ec56b78e7cba2d9a1	Speckled Hardtear	https://eldenring.wiki.fextralife.com/Speckled_Hardtear	https://eldenring.wiki.fextralife.com/Speckled_Hardtear?oldid=757521	location1	Altus	lead_only
wiki:fextralife:page-28214:revision-757365	28214	757365	2026-08-21T21:22:46Z	0b9572a5e26ca4a8966f7b4a4b068309e5b4fed5	Spider Scorpion Ashes	https://eldenring.wiki.fextralife.com/Spider_Scorpion_Ashes	https://eldenring.wiki.fextralife.com/Spider_Scorpion_Ashes?oldid=757365	location1	Ancient Ruins	lead_only
wiki:fextralife:page-28288:revision-758268	28288	758268	2026-08-21T21:43:17Z	e858efeea6390688bbff1c331075b07b6bbf6966	Death Ritual Spear	https://eldenring.wiki.fextralife.com/Death_Ritual_Spear	https://eldenring.wiki.fextralife.com/Death_Ritual_Spear?oldid=758268	location1	Mountaintops of the Giants	lead_only
wiki:fextralife:page-28298:revision-757700	28298	757700	2026-08-21T21:31:59Z	75f1a3a6fd6011be3dcb0f56ac5cfa6196d650d7	Immunizing Horn Charm	https://eldenring.wiki.fextralife.com/Immunizing_Horn_Charm	https://eldenring.wiki.fextralife.com/Immunizing_Horn_Charm?oldid=757700	location1	Ainsel River	lead_only
wiki:fextralife:page-28305:revision-757881	28305	757881	2026-08-21T21:35:30Z	b109725ff38ed0033ee82ec4c1d65e54acaa99ee	Deathbed Dress	https://eldenring.wiki.fextralife.com/Deathbed_Dress	https://eldenring.wiki.fextralife.com/Deathbed_Dress?oldid=757881	location1	Leyndell	lead_only
wiki:fextralife:page-28331:revision-758171	28331	758171	2026-08-21T21:41:12Z	d58b85efe1a4e041110d87232cc2c98790e8eba0	White Mask	https://eldenring.wiki.fextralife.com/White_Mask	https://eldenring.wiki.fextralife.com/White_Mask?oldid=758171	location1	Mohgwyn	lead_only
wiki:fextralife:page-28348:revision-758172	28348	758172	2026-08-21T21:41:13Z	d1a06a2c8401d53586838d85659181cf27dc8a91	White Reed Armor	https://eldenring.wiki.fextralife.com/White_Reed_Armor	https://eldenring.wiki.fextralife.com/White_Reed_Armor?oldid=758172	location1	Mountaintops of the Giants	lead_only
wiki:fextralife:page-28356:revision-758173	28356	758173	2026-08-21T21:41:14Z	08364c30ea87a0bf3a86de4d28b8762340e2438e	White Reed Gauntlets	https://eldenring.wiki.fextralife.com/White_Reed_Gauntlets	https://eldenring.wiki.fextralife.com/White_Reed_Gauntlets?oldid=758173	location1	Mountaintops of the Giants	lead_only
wiki:fextralife:page-28366:revision-758174	28366	758174	2026-08-21T21:41:15Z	8646d1568ddc5104146b58fdcb92c14f6080f293	White Reed Greaves	https://eldenring.wiki.fextralife.com/White_Reed_Greaves	https://eldenring.wiki.fextralife.com/White_Reed_Greaves?oldid=758174	location1	Mountaintops of the Giants	lead_only
wiki:fextralife:page-28425:revision-757729	28425	757729	2026-08-21T21:32:32Z	5cfc6388fb764482e7af283089b2425141a5c4ef	Red-Feathered Branchsword	https://eldenring.wiki.fextralife.com/Red-Feathered_Branchsword	https://eldenring.wiki.fextralife.com/Red-Feathered_Branchsword?oldid=757729	location1	Liurnia	lead_only
wiki:fextralife:page-28437:revision-757977	28437	757977	2026-08-21T21:37:23Z	34a1b1d04856231075254c83fb8ba3912c2d5972	Imp Head (Corpse)	https://eldenring.wiki.fextralife.com/Imp_Head_(Corpse)	https://eldenring.wiki.fextralife.com/Imp_Head_(Corpse)?oldid=757977	location1	Leyndell	lead_only
wiki:fextralife:page-28445:revision-757978	28445	757978	2026-08-21T21:37:24Z	ad00944ef8377e3536c4f29aa51f9853536f2399	Imp Head (Elder)	https://eldenring.wiki.fextralife.com/Imp_Head_(Elder)	https://eldenring.wiki.fextralife.com/Imp_Head_(Elder)?oldid=757978	location1	Consecrated Snowfield	lead_only
wiki:fextralife:page-28497:revision-758536	28497	758536	2026-08-21T21:49:55Z	75b9dbd010ac49eccb41e92fba7cd9ff872bd64b	Impenetrable Thorns	https://eldenring.wiki.fextralife.com/Impenetrable_Thorns	https://eldenring.wiki.fextralife.com/Impenetrable_Thorns?oldid=758536	location1	Shadow Keep	lead_only
wiki:fextralife:page-28498:revision-758175	28498	758175	2026-08-21T21:41:17Z	3de36d97ba086e6311fa33b96d3159ce135bfc71	Winged Serpent Helm	https://eldenring.wiki.fextralife.com/Winged_Serpent_Helm	https://eldenring.wiki.fextralife.com/Winged_Serpent_Helm?oldid=758175	location1	Shadow Keep	lead_only
wiki:fextralife:page-28507:revision-758220	28507	758220	2026-08-21T21:42:15Z	00033bd6e73628cc93fd6101db1f630317db3097	Blue-Gold Kite Shield	https://eldenring.wiki.fextralife.com/Blue-Gold_Kite_Shield	https://eldenring.wiki.fextralife.com/Blue-Gold_Kite_Shield?oldid=758220	location1	Limgrave	lead_only
wiki:fextralife:page-28583:revision-758438	28583	758438	2026-08-21T21:47:05Z	a135a318a63fd281bca15e3d3fcdddfa5c8e3e4b	Red Crest Heater Shield	https://eldenring.wiki.fextralife.com/Red_Crest_Heater_Shield	https://eldenring.wiki.fextralife.com/Red_Crest_Heater_Shield?oldid=758438	location1	Altus	lead_only
wiki:fextralife:page-28722:revision-758439	28722	758439	2026-08-21T21:47:06Z	e9bcb571541c66dd887b106841db7e76914e2f2d	Red Thorn Roundshield	https://eldenring.wiki.fextralife.com/Red_Thorn_Roundshield	https://eldenring.wiki.fextralife.com/Red_Thorn_Roundshield?oldid=758439	location1	Weeping	lead_only
wiki:fextralife:page-28747:revision-756526	28747	756526	2026-08-21T21:06:03Z	757d8e08a1c431be6965acf80284d0ffdaffd97e	Glintblade Trio	https://eldenring.wiki.fextralife.com/Glintblade_Trio	https://eldenring.wiki.fextralife.com/Glintblade_Trio?oldid=756526	location1	Ensis	lead_only
wiki:fextralife:page-28754:revision-758531	28754	758531	2026-08-21T21:49:08Z	7e88a984b2dc1e6f0e2bb133b4e7aabe83eaea72	Wolf Crest Shield	https://eldenring.wiki.fextralife.com/Wolf_Crest_Shield	https://eldenring.wiki.fextralife.com/Wolf_Crest_Shield?oldid=758531	location1	Ensis	lead_only
wiki:fextralife:page-28781:revision-758219	28781	758219	2026-08-21T21:42:13Z	98c5a2edaf6761023eff98dc13d44562e09364ec	Blue Crest Heater Shield	https://eldenring.wiki.fextralife.com/Blue_Crest_Heater_Shield	https://eldenring.wiki.fextralife.com/Blue_Crest_Heater_Shield?oldid=758219	location1	Liurnia	lead_only
wiki:fextralife:page-28792:revision-757504	28792	757504	2026-08-21T21:25:31Z	5e18c976dccbfb2a79ad9be668341c0b665d0b55	Dexterity-knot Crystal Tear	https://eldenring.wiki.fextralife.com/Dexterity-knot_Crystal_Tear	https://eldenring.wiki.fextralife.com/Dexterity-knot_Crystal_Tear?oldid=757504	location1	Liurnia	lead_only
wiki:fextralife:page-28866:revision-758532	28866	758532	2026-08-21T21:49:09Z	48c2faf10d5dfca0d0170af760b6abcc91d3c3ca	Wooden Greatshield	https://eldenring.wiki.fextralife.com/Wooden_Greatshield	https://eldenring.wiki.fextralife.com/Wooden_Greatshield?oldid=758532	location1	Stormveil	lead_only
wiki:fextralife:page-28872:revision-758488	28872	758488	2026-08-21T21:48:12Z	6b639ceb92b41b873c902d7c1070c8dcd1d919c6	Spiralhorn Shield	https://eldenring.wiki.fextralife.com/Spiralhorn_Shield	https://eldenring.wiki.fextralife.com/Spiralhorn_Shield?oldid=758488	location1	Liurnia	lead_only
wiki:fextralife:page-28916:revision-756601	28916	756601	2026-08-21T21:07:33Z	965ad4fd303ab7f1d343acd03ebadfa57e324d84	Wrath from Afar	https://eldenring.wiki.fextralife.com/Wrath_from_Afar	https://eldenring.wiki.fextralife.com/Wrath_from_Afar?oldid=756601	location1	Shadow Keep	lead_only
wiki:fextralife:page-28928:revision-758222	28928	758222	2026-08-21T21:42:18Z	d94bb6601dcae1ed794cae21d8eb3a19b89d08ca	Bolt of Gransax	https://eldenring.wiki.fextralife.com/Bolt_of_Gransax	https://eldenring.wiki.fextralife.com/Bolt_of_Gransax?oldid=758222	location1	Leyndell	lead_only
wiki:fextralife:page-28938:revision-757643	28938	757643	2026-08-21T21:30:51Z	f863817bbcac0814de54949f125c9f7416477551	Boltdrake Talisman	https://eldenring.wiki.fextralife.com/Boltdrake_Talisman	https://eldenring.wiki.fextralife.com/Boltdrake_Talisman?oldid=757643	location1	Stormveil	lead_only
wiki:fextralife:page-28958:revision-758401	28958	758401	2026-08-21T21:46:17Z	3c26c8785ee61fbe0c701778defd01f09fbd998e	Meteoric Ore Blade	https://eldenring.wiki.fextralife.com/Meteoric_Ore_Blade	https://eldenring.wiki.fextralife.com/Meteoric_Ore_Blade?oldid=758401	location1	Caelid	lead_only
wiki:fextralife:page-28967:revision-757618	28967	757618	2026-08-21T21:27:45Z	3500c87ce2b45502300007dac66d7345be0fa970	Bondstone	https://eldenring.wiki.fextralife.com/Bondstone	https://eldenring.wiki.fextralife.com/Bondstone?oldid=757618	location1	Ancient Ruins	lead_only
wiki:fextralife:page-29005:revision-757532	29005	757532	2026-08-21T21:26:02Z	2ae904386c0599118cf5b6752f8cb338bd9f1709	Bone Bow	https://eldenring.wiki.fextralife.com/Bone_Bow	https://eldenring.wiki.fextralife.com/Bone_Bow?oldid=757532	location1	Belurat	lead_only
wiki:fextralife:page-29007:revision-757982	29007	757982	2026-08-21T21:37:29Z	3ec06a3d24919f7fb0d1b207b72f9ed0765cec05	Incantation Scarab	https://eldenring.wiki.fextralife.com/Incantation_Scarab	https://eldenring.wiki.fextralife.com/Incantation_Scarab?oldid=757982	location1	Limgrave	lead_only
wiki:fextralife:page-29020:revision-757626	29020	757626	2026-08-21T21:27:55Z	5c9c8e75144a9208595a727597ab31f95ed126cd	Glintstone Whetblade	https://eldenring.wiki.fextralife.com/Glintstone_Whetblade	https://eldenring.wiki.fextralife.com/Glintstone_Whetblade?oldid=757626	location1	Raya Lucaria Academy	lead_only
wiki:fextralife:page-29030:revision-758491	29030	758491	2026-08-21T21:48:16Z	1bb9177418b31d201c0cda554094edc98ea392c5	Spirit Sword	https://eldenring.wiki.fextralife.com/Spirit_Sword	https://eldenring.wiki.fextralife.com/Spirit_Sword?oldid=758491	location1	Cerulean	lead_only
wiki:fextralife:page-29075:revision-757730	29075	757730	2026-08-21T21:32:33Z	e7c013ad3b3a79baa2e6f93d763f01d5e3eba07c	Rellana's Cameo	https://eldenring.wiki.fextralife.com/Rellana's_Cameo	https://eldenring.wiki.fextralife.com/Rellana's_Cameo?oldid=757730	location1	Ensis	lead_only
wiki:fextralife:page-29119:revision-757610	29119	757610	2026-08-21T21:27:35Z	b484f4984754b2d46bd19383c4e90a85739460c9	Godrick's Great Rune	https://eldenring.wiki.fextralife.com/Godrick's_Great_Rune	https://eldenring.wiki.fextralife.com/Godrick's_Great_Rune?oldid=757610	location1	Stormveil	lead_only
wiki:fextralife:page-29128:revision-758964	29128	758964	2026-08-29T15:24:57Z	492340f030bc57381902268eb91a2f807799a75b	Milady	https://eldenring.wiki.fextralife.com/Milady	https://eldenring.wiki.fextralife.com/Milady?oldid=758964	location1	Ensis	lead_only
wiki:fextralife:page-29150:revision-758492	29150	758492	2026-08-21T21:48:17Z	ad27cfe74374cd715aa061493a0cccf6c930a21a	St Trina's Torch	https://eldenring.wiki.fextralife.com/St_Trina's_Torch	https://eldenring.wiki.fextralife.com/St_Trina's_Torch?oldid=758492	location1	Consecrated Snowfield	lead_only
wiki:fextralife:page-29175:revision-756492	29175	756492	2026-08-21T21:05:23Z	d70549754c2f6aae84e82a79619ba491bee8e814	Divine Beast Tornado	https://eldenring.wiki.fextralife.com/Divine_Beast_Tornado	https://eldenring.wiki.fextralife.com/Divine_Beast_Tornado?oldid=756492	location1	Ancient Ruins	lead_only
wiki:fextralife:page-29189:revision-756493	29189	756493	2026-08-21T21:05:24Z	f6621ca46a2727071f6e84cd1bb7d1080f78b050	Divine Bird Feathers	https://eldenring.wiki.fextralife.com/Divine_Bird_Feathers	https://eldenring.wiki.fextralife.com/Divine_Bird_Feathers?oldid=756493	location1	Ancient Ruins	lead_only
wiki:fextralife:page-29200:revision-758534	29200	758534	2026-08-21T21:49:12Z	054ccdb0a216d45ef92a0c0564e519b970ad3ef7	Zweihander	https://eldenring.wiki.fextralife.com/Zweihander	https://eldenring.wiki.fextralife.com/Zweihander?oldid=758534	location1	Weeping	lead_only
wiki:fextralife:page-29214:revision-757199	29214	757199	2026-08-21T21:19:32Z	e06ad1569d4557bce2ed63496a3f3209cee55718	Miniature Ranni	https://eldenring.wiki.fextralife.com/Miniature_Ranni	https://eldenring.wiki.fextralife.com/Miniature_Ranni?oldid=757199	location1	Ainsel River	lead_only
wiki:fextralife:page-29226:revision-757930	29226	757930	2026-08-21T21:36:28Z	0b1737e669f70bb8ad675b9d6b8e620e72032db1	Godskin Apostle Bracelets	https://eldenring.wiki.fextralife.com/Godskin_Apostle_Bracelets	https://eldenring.wiki.fextralife.com/Godskin_Apostle_Bracelets?oldid=757930	location1	Caelid	lead_only
wiki:fextralife:page-29228:revision-757931	29228	757931	2026-08-21T21:36:30Z	22b5b74958f569c6bbfee1b3f8e4723811a628a8	Godskin Apostle Hood	https://eldenring.wiki.fextralife.com/Godskin_Apostle_Hood	https://eldenring.wiki.fextralife.com/Godskin_Apostle_Hood?oldid=757931	location1	Caelid	lead_only
wiki:fextralife:page-29231:revision-757932	29231	757932	2026-08-21T21:36:31Z	01a5ffaddb69b3a22281656099c98edf17e6cc99	Godskin Apostle Robe	https://eldenring.wiki.fextralife.com/Godskin_Apostle_Robe	https://eldenring.wiki.fextralife.com/Godskin_Apostle_Robe?oldid=757932	location1	Caelid	lead_only
wiki:fextralife:page-738138:revision-759368	738138	759368	2026-09-01T10:01:28Z	60e5d28536a0361f3f47f416dc58d26d1cfab7ff	Reverse-Bladed Sword	https://eldenring.wiki.fextralife.com/Reverse-Bladed_Sword	https://eldenring.wiki.fextralife.com/Reverse-Bladed_Sword?oldid=759368	location1	Roundtable Hold	lead_only
