source_id	page_id	revision_id	revision_timestamp	revision_sha1	title	canonical_url	revision_url	acquisition_rows	disposition
wiki:fextralife:page-20561:revision-756721	20561	756721	2026-08-21T21:09:59Z	6b793b3482f5fc8ff07644a97b9d3014e354c6ea	Stanching Boluses	https://eldenring.wiki.fextralife.com/Stanching_Boluses	https://eldenring.wiki.fextralife.com/Stanching_Boluses?oldid=756721	15	lead_only
wiki:fextralife:page-20617:revision-756674	20617	756674	2026-08-21T21:09:03Z	7ae230d58459006521114362b0935206e83686f8	Innard Meat	https://eldenring.wiki.fextralife.com/Innard_Meat	https://eldenring.wiki.fextralife.com/Innard_Meat?oldid=756674	7	lead_only
wiki:fextralife:page-20712:revision-757272	20712	757272	2026-08-21T21:20:58Z	abceb35f96178a830c641f548f80ff18019abc68	Miranda Powder	https://eldenring.wiki.fextralife.com/Miranda_Powder	https://eldenring.wiki.fextralife.com/Miranda_Powder?oldid=757272	10	lead_only
wiki:fextralife:page-20735:revision-756722	20735	756722	2026-08-21T21:10:00Z	ba24184cd3d36664b5af17cac8dc9cb0855cb795	Starlight Shards	https://eldenring.wiki.fextralife.com/Starlight_Shards	https://eldenring.wiki.fextralife.com/Starlight_Shards?oldid=756722	21	lead_only
wiki:fextralife:page-20838:revision-756723	20838	756723	2026-08-21T21:10:01Z	8c4fcd1fba440ed5e9ad2d6d014d3a47b777686c	Stimulating Boluses	https://eldenring.wiki.fextralife.com/Stimulating_Boluses	https://eldenring.wiki.fextralife.com/Stimulating_Boluses?oldid=756723	13	lead_only
wiki:fextralife:page-20845:revision-758498	20845	758498	2026-08-21T21:48:25Z	6e690de8c7bff5463199aa0ccbed2c009d9f554f	Stone-Sheathed Sword	https://eldenring.wiki.fextralife.com/Stone-Sheathed_Sword	https://eldenring.wiki.fextralife.com/Stone-Sheathed_Sword?oldid=758498	18	lead_only
wiki:fextralife:page-20884:revision-756617	20884	756617	2026-08-21T21:07:52Z	2d206c9a4fef8973d20228b156c25ccf10e669fe	Dragonbolt Grease	https://eldenring.wiki.fextralife.com/Dragonbolt_Grease	https://eldenring.wiki.fextralife.com/Dragonbolt_Grease?oldid=756617	10	lead_only
wiki:fextralife:page-20915:revision-757562	20915	757562	2026-08-21T21:26:38Z	a5bc3e1a76e61537cb90fd083913c8549346c629	Golden Arrow	https://eldenring.wiki.fextralife.com/Golden_Arrow	https://eldenring.wiki.fextralife.com/Golden_Arrow?oldid=757562	7	lead_only
wiki:fextralife:page-21007:revision-753555	21007	753555	2026-08-14T17:15:09Z	bac16e85451afa21aefd73b3cf050969ba3a0e58	Stonesword Key	https://eldenring.wiki.fextralife.com/Stonesword_Key	https://eldenring.wiki.fextralife.com/Stonesword_Key?oldid=753555	119	lead_only
wiki:fextralife:page-21019:revision-758280	21019	758280	2026-08-21T21:43:32Z	27923333e9b8998b1eb140b2d282831cbc7655ce	Dragonscale Blade	https://eldenring.wiki.fextralife.com/Dragonscale_Blade	https://eldenring.wiki.fextralife.com/Dragonscale_Blade?oldid=758280	23	lead_only
wiki:fextralife:page-21060:revision-757225	21060	757225	2026-08-21T21:20:03Z	ac8de44fcbbd3358a93ded1ed303d2e1407ee98f	Aeonian Butterfly	https://eldenring.wiki.fextralife.com/Aeonian_Butterfly	https://eldenring.wiki.fextralife.com/Aeonian_Butterfly?oldid=757225	37	lead_only
wiki:fextralife:page-21086:revision-752460	21086	752460	2026-08-14T15:25:31Z	8101ef4526d5d8797944aaf6297c68a430339c30	Invigorating Cured Meat	https://eldenring.wiki.fextralife.com/Invigorating_Cured_Meat	https://eldenring.wiki.fextralife.com/Invigorating_Cured_Meat?oldid=752460	9	lead_only
wiki:fextralife:page-21099:revision-756607	21099	756607	2026-08-21T21:07:41Z	2c7e05439974db6ba47e5d57fac81a99f328898e	Broken Rune	https://eldenring.wiki.fextralife.com/Broken_Rune	https://eldenring.wiki.fextralife.com/Broken_Rune?oldid=756607	16	lead_only
wiki:fextralife:page-21118:revision-756676	21118	756676	2026-08-21T21:09:05Z	eb2191dccf68840d80e20da913dd3776daa1dc3b	Iris of Grace	https://eldenring.wiki.fextralife.com/Iris_of_Grace	https://eldenring.wiki.fextralife.com/Iris_of_Grace?oldid=756676	7	lead_only
wiki:fextralife:page-21143:revision-756622	21143	756622	2026-08-21T21:07:58Z	f10a76144f7b3d0b630da733c11e880f01339d9c	Drawstring Fire Grease	https://eldenring.wiki.fextralife.com/Drawstring_Fire_Grease	https://eldenring.wiki.fextralife.com/Drawstring_Fire_Grease?oldid=756622	15	lead_only
wiki:fextralife:page-21167:revision-756624	21167	756624	2026-08-21T21:08:00Z	d7ab50786e187f8335e53b9afe798cc4aed49429	Drawstring Holy Grease	https://eldenring.wiki.fextralife.com/Drawstring_Holy_Grease	https://eldenring.wiki.fextralife.com/Drawstring_Holy_Grease?oldid=756624	9	lead_only
wiki:fextralife:page-21199:revision-756627	21199	756627	2026-08-21T21:08:04Z	b8e2328ff498e46690216d4473ff0b4dea06aee9	Drawstring Poison Grease	https://eldenring.wiki.fextralife.com/Drawstring_Poison_Grease	https://eldenring.wiki.fextralife.com/Drawstring_Poison_Grease?oldid=756627	9	lead_only
wiki:fextralife:page-21238:revision-756647	21238	756647	2026-08-21T21:08:30Z	ddfe1e75167272743747317e48f8d09bc4916287	Golden Horn Tender	https://eldenring.wiki.fextralife.com/Golden_Horn_Tender	https://eldenring.wiki.fextralife.com/Golden_Horn_Tender?oldid=756647	15	lead_only
wiki:fextralife:page-21244:revision-757293	21244	757293	2026-08-21T21:21:23Z	3f4f82b5bb61fbd06c749fbbf34ab41aa3d9e5d6	Stormhawk Feather	https://eldenring.wiki.fextralife.com/Stormhawk_Feather	https://eldenring.wiki.fextralife.com/Stormhawk_Feather?oldid=757293	14	lead_only
wiki:fextralife:page-21292:revision-757226	21292	757226	2026-08-21T21:20:04Z	b9838c2240d032462035b17bc03d963d5efe8f53	Albinauric Bloodclot	https://eldenring.wiki.fextralife.com/Albinauric_Bloodclot	https://eldenring.wiki.fextralife.com/Albinauric_Bloodclot?oldid=757226	10	lead_only
wiki:fextralife:page-21342:revision-756648	21342	756648	2026-08-21T21:08:31Z	650944bca12d25d8eb09754ce87b88ceb787ecaf	Golden Rune (1)	https://eldenring.wiki.fextralife.com/Golden_Rune_(1)	https://eldenring.wiki.fextralife.com/Golden_Rune_(1)?oldid=756648	36	lead_only
wiki:fextralife:page-21350:revision-756649	21350	756649	2026-08-21T21:08:32Z	95c813d9300315769fac157b75199256670d6e75	Golden Rune (10)	https://eldenring.wiki.fextralife.com/Golden_Rune_(10)	https://eldenring.wiki.fextralife.com/Golden_Rune_(10)?oldid=756649	40	lead_only
wiki:fextralife:page-21358:revision-756650	21358	756650	2026-08-21T21:08:34Z	87a97bf3f8767887b3db09788297524577f70b08	Golden Rune (11)	https://eldenring.wiki.fextralife.com/Golden_Rune_(11)	https://eldenring.wiki.fextralife.com/Golden_Rune_(11)?oldid=756650	18	lead_only
wiki:fextralife:page-21366:revision-756651	21366	756651	2026-08-21T21:08:35Z	c26894b820741370e8302028d83cde6650716b31	Golden Rune (12)	https://eldenring.wiki.fextralife.com/Golden_Rune_(12)	https://eldenring.wiki.fextralife.com/Golden_Rune_(12)?oldid=756651	37	lead_only
wiki:fextralife:page-21380:revision-756653	21380	756653	2026-08-21T21:08:37Z	0323486ab5fecc8c6fd66f45d5e93c40fa5b5a72	Golden Rune (2)	https://eldenring.wiki.fextralife.com/Golden_Rune_(2)	https://eldenring.wiki.fextralife.com/Golden_Rune_(2)?oldid=756653	47	lead_only
wiki:fextralife:page-21388:revision-756654	21388	756654	2026-08-21T21:08:39Z	2285583f2b300613f3ec1da0c79cecb83e7bb7fb	Golden Rune (3)	https://eldenring.wiki.fextralife.com/Golden_Rune_(3)	https://eldenring.wiki.fextralife.com/Golden_Rune_(3)?oldid=756654	35	lead_only
wiki:fextralife:page-21395:revision-756655	21395	756655	2026-08-21T21:08:40Z	ea96a6b8edbd394e1c80004d8c5b7339a607d0d4	Golden Rune (4)	https://eldenring.wiki.fextralife.com/Golden_Rune_(4)	https://eldenring.wiki.fextralife.com/Golden_Rune_(4)?oldid=756655	41	lead_only
wiki:fextralife:page-21403:revision-756656	21403	756656	2026-08-21T21:08:41Z	154c514ec1b9d2b5e27e54450ec30f28aad21301	Golden Rune (5)	https://eldenring.wiki.fextralife.com/Golden_Rune_(5)	https://eldenring.wiki.fextralife.com/Golden_Rune_(5)?oldid=756656	27	lead_only
wiki:fextralife:page-21411:revision-756657	21411	756657	2026-08-21T21:08:42Z	a6919e3f6c35e925582389baf80dd7c752448478	Golden Rune (6)	https://eldenring.wiki.fextralife.com/Golden_Rune_(6)	https://eldenring.wiki.fextralife.com/Golden_Rune_(6)?oldid=756657	34	lead_only
wiki:fextralife:page-21419:revision-756658	21419	756658	2026-08-21T21:08:43Z	7c169e36d1645c3331ee1aa9f482a2a302f5ed8c	Golden Rune (7)	https://eldenring.wiki.fextralife.com/Golden_Rune_(7)	https://eldenring.wiki.fextralife.com/Golden_Rune_(7)?oldid=756658	22	lead_only
wiki:fextralife:page-21426:revision-756659	21426	756659	2026-08-21T21:08:44Z	ddc2ac91f8af00a53cc746645c522f0e3a4c286b	Golden Rune (8)	https://eldenring.wiki.fextralife.com/Golden_Rune_(8)	https://eldenring.wiki.fextralife.com/Golden_Rune_(8)?oldid=756659	17	lead_only
wiki:fextralife:page-21435:revision-756660	21435	756660	2026-08-21T21:08:46Z	e046ac8496760d4c0990499a54130ed4c614b613	Golden Rune (9)	https://eldenring.wiki.fextralife.com/Golden_Rune_(9)	https://eldenring.wiki.fextralife.com/Golden_Rune_(9)?oldid=756660	24	lead_only
wiki:fextralife:page-21459:revision-752209	21459	752209	2026-08-14T15:17:07Z	2b858f40d8b73bda4a7e03826970c4b7a5e8ccc3	Golden Seed	https://eldenring.wiki.fextralife.com/Golden_Seed	https://eldenring.wiki.fextralife.com/Golden_Seed?oldid=752209	55	lead_only
wiki:fextralife:page-21479:revision-757294	21479	757294	2026-08-21T21:21:24Z	4c76e773f7f54aaa6e9ab54824f2e64c0514223e	String	https://eldenring.wiki.fextralife.com/String	https://eldenring.wiki.fextralife.com/String?oldid=757294	35	lead_only
wiki:fextralife:page-21496:revision-757295	21496	757295	2026-08-21T21:21:25Z	3454567f6296d2c9fcb634c516a2782f9291b59b	Strip of White Flesh	https://eldenring.wiki.fextralife.com/Strip_of_White_Flesh	https://eldenring.wiki.fextralife.com/Strip_of_White_Flesh?oldid=757295	15	lead_only
wiki:fextralife:page-21716:revision-756699	21716	756699	2026-08-21T21:09:33Z	2d2f32202ac77fee22511f820c0c9ea04c2216e8	Rot Grease	https://eldenring.wiki.fextralife.com/Rot_Grease	https://eldenring.wiki.fextralife.com/Rot_Grease?oldid=756699	13	lead_only
wiki:fextralife:page-21828:revision-743210	21828	743210	2026-08-06T14:00:30Z	431fb28347b9c8af1fc6256426dbde0b60faab96	Burred Bolt	https://eldenring.wiki.fextralife.com/Burred_Bolt	https://eldenring.wiki.fextralife.com/Burred_Bolt?oldid=743210	7	lead_only
wiki:fextralife:page-21870:revision-757296	21870	757296	2026-08-21T21:21:26Z	0007a3007d8615450ef783e55a39be7c7a9cecbf	Swollen Grape	https://eldenring.wiki.fextralife.com/Swollen_Grape	https://eldenring.wiki.fextralife.com/Swollen_Grape?oldid=757296	7	lead_only
wiki:fextralife:page-21999:revision-757274	21999	757274	2026-08-21T21:21:00Z	ef7ace8c969ce26e680c7a2c43c089cce5bf0cae	Nascent Butterfly	https://eldenring.wiki.fextralife.com/Nascent_Butterfly	https://eldenring.wiki.fextralife.com/Nascent_Butterfly?oldid=757274	34	lead_only
wiki:fextralife:page-22127:revision-756608	22127	756608	2026-08-21T21:07:42Z	30d3e2b999b583ab354ede62dc636ef26ca5c55d	Call of Tibia	https://eldenring.wiki.fextralife.com/Call_of_Tibia	https://eldenring.wiki.fextralife.com/Call_of_Tibia?oldid=756608	7	lead_only
wiki:fextralife:page-22142:revision-757218	22142	757218	2026-08-21T21:19:55Z	43cf62589b7dac991ac9b0351f58400d06910402	Talisman Pouch	https://eldenring.wiki.fextralife.com/Talisman_Pouch	https://eldenring.wiki.fextralife.com/Talisman_Pouch?oldid=757218	6	lead_only
wiki:fextralife:page-22344:revision-756664	22344	756664	2026-08-21T21:08:51Z	91fc8c264a59d3e960ce18a0b45d7cdeba1722cd	Gravity Stone Fan	https://eldenring.wiki.fextralife.com/Gravity_Stone_Fan	https://eldenring.wiki.fextralife.com/Gravity_Stone_Fan?oldid=756664	11	lead_only
wiki:fextralife:page-22435:revision-757554	22435	757554	2026-08-21T21:26:28Z	cc497ad3f48d1bc38fba7c4e6026ba659a7b8ce5	Arrow	https://eldenring.wiki.fextralife.com/Arrow	https://eldenring.wiki.fextralife.com/Arrow?oldid=757554	23	lead_only
wiki:fextralife:page-22521:revision-756701	22521	756701	2026-08-21T21:09:35Z	8ecc1a6472ec7f683a97a94a01f7d8d7fba4e88c	Rune Arc	https://eldenring.wiki.fextralife.com/Rune_Arc	https://eldenring.wiki.fextralife.com/Rune_Arc?oldid=756701	67	lead_only
wiki:fextralife:page-22728:revision-756726	22728	756726	2026-08-21T21:10:05Z	318f607aa484a020caf0c4a922b511e42f87ee92	Thawfrost Boluses	https://eldenring.wiki.fextralife.com/Thawfrost_Boluses	https://eldenring.wiki.fextralife.com/Thawfrost_Boluses?oldid=756726	15	lead_only
wiki:fextralife:page-22810:revision-757283	22810	757283	2026-08-21T21:21:11Z	7c62401361203eb9e92fd9330d373f206ac21be3	Sacramental Bud	https://eldenring.wiki.fextralife.com/Sacramental_Bud	https://eldenring.wiki.fextralife.com/Sacramental_Bud?oldid=757283	39	lead_only
wiki:fextralife:page-22902:revision-757436	22902	757436	2026-08-21T21:24:11Z	a0263772e5953537d261f41e3bf4c620b0eb7eab	Sacred Tear	https://eldenring.wiki.fextralife.com/Sacred_Tear	https://eldenring.wiki.fextralife.com/Sacred_Tear?oldid=757436	17	lead_only
wiki:fextralife:page-22908:revision-758292	22908	758292	2026-08-21T21:43:48Z	c5b59f4f42d78720a372ccecfd79e40ccd73f5e6	Erdtree Seal	https://eldenring.wiki.fextralife.com/Erdtree_Seal	https://eldenring.wiki.fextralife.com/Erdtree_Seal?oldid=758292	21	lead_only
wiki:fextralife:page-22912:revision-757267	22912	757267	2026-08-21T21:20:52Z	84338b2476ccc7083f5b3042b5b8ea1613521a79	Knot Resin	https://eldenring.wiki.fextralife.com/Knot_Resin	https://eldenring.wiki.fextralife.com/Knot_Resin?oldid=757267	25	lead_only
wiki:fextralife:page-22950:revision-756678	22950	756678	2026-08-21T21:09:08Z	2a2b36f57f3c0aa8738a9d12887031bd51c70f11	Kukri	https://eldenring.wiki.fextralife.com/Kukri	https://eldenring.wiki.fextralife.com/Kukri?oldid=756678	23	lead_only
wiki:fextralife:page-23132:revision-757284	23132	757284	2026-08-21T21:21:12Z	85fc3320519e4f8f0cdfebe96a7e95e34f1ebe2f	Sanguine Amaryllis	https://eldenring.wiki.fextralife.com/Sanguine_Amaryllis	https://eldenring.wiki.fextralife.com/Sanguine_Amaryllis?oldid=757284	9	lead_only
wiki:fextralife:page-23162:revision-756630	23162	756630	2026-08-21T21:08:08Z	5d8e88f0df93507bfc95b5a5dc9b2a3f1235b093	Exalted Flesh	https://eldenring.wiki.fextralife.com/Exalted_Flesh	https://eldenring.wiki.fextralife.com/Exalted_Flesh?oldid=756630	13	lead_only
wiki:fextralife:page-23258:revision-758345	23258	758345	2026-08-21T21:44:58Z	cdacd3a79f8d30f8bb6baaeab89243097069badf	Great Omenkiller Cleaver	https://eldenring.wiki.fextralife.com/Great_Omenkiller_Cleaver	https://eldenring.wiki.fextralife.com/Great_Omenkiller_Cleaver?oldid=758345	72	lead_only
wiki:fextralife:page-23325:revision-756728	23325	756728	2026-08-21T21:10:07Z	0da8300b24acffb468b639a76498c247504c6e3b	Throwing Dagger	https://eldenring.wiki.fextralife.com/Throwing_Dagger	https://eldenring.wiki.fextralife.com/Throwing_Dagger?oldid=756728	23	lead_only
wiki:fextralife:page-23343:revision-756506	23343	756506	2026-08-21T21:05:40Z	a9b2e25cb56e01acb1f67bec5241528210baac1f	Explosive Ghostflame	https://eldenring.wiki.fextralife.com/Explosive_Ghostflame	https://eldenring.wiki.fextralife.com/Explosive_Ghostflame?oldid=756506	15	lead_only
wiki:fextralife:page-23374:revision-757246	23374	757246	2026-08-21T21:20:28Z	97005287fc04b30e0777e062be47f3437a32a56f	Eye of Yelough	https://eldenring.wiki.fextralife.com/Eye_of_Yelough	https://eldenring.wiki.fextralife.com/Eye_of_Yelough?oldid=757246	17	lead_only
wiki:fextralife:page-23421:revision-756930	23421	756930	2026-08-21T21:14:12Z	39d3d16df5e48af5e3fbe63d40476e1ab970524a	Ash of War: Troll's Roar	https://eldenring.wiki.fextralife.com/Ash_of_War:_Troll's_Roar	https://eldenring.wiki.fextralife.com/Ash_of_War:_Troll's_Roar?oldid=756930	7	lead_only
wiki:fextralife:page-23444:revision-756679	23444	756679	2026-08-21T21:09:09Z	3907239f0636b79131b306ef2e440c9170cb55b4	Large Glintstone Scrap	https://eldenring.wiki.fextralife.com/Large_Glintstone_Scrap	https://eldenring.wiki.fextralife.com/Large_Glintstone_Scrap?oldid=756679	8	lead_only
wiki:fextralife:page-23448:revision-757141	23448	757141	2026-08-21T21:18:25Z	5f974796aa4ab1d6e73630444c156bf874cd75f7	Celestial Dew	https://eldenring.wiki.fextralife.com/Celestial_Dew	https://eldenring.wiki.fextralife.com/Celestial_Dew?oldid=757141	19	lead_only
wiki:fextralife:page-23544:revision-759259	23544	759259	2026-08-31T19:58:59Z	15224a30cb49cec7235b307066f4b17f32899136	Great Stars	https://eldenring.wiki.fextralife.com/Great_Stars	https://eldenring.wiki.fextralife.com/Great_Stars?oldid=759259	72	lead_only
wiki:fextralife:page-23588:revision-754337	23588	754337	2026-08-17T19:34:45Z	968be503bba174c3d10fc1cb0f761d1845ab32f7	Larval Tear	https://eldenring.wiki.fextralife.com/Larval_Tear	https://eldenring.wiki.fextralife.com/Larval_Tear?oldid=754337	38	lead_only
wiki:fextralife:page-23632:revision-756631	23632	756631	2026-08-21T21:08:09Z	a946aec35e59cde3585871dabffbba487e8d4a46	Fan Daggers	https://eldenring.wiki.fextralife.com/Fan_Daggers	https://eldenring.wiki.fextralife.com/Fan_Daggers?oldid=756631	21	lead_only
wiki:fextralife:page-23704:revision-758000	23704	758000	2026-08-21T21:37:51Z	f19c780d56eaa151049fdf9299ca9952d87c85a5	Leather Arm Wraps	https://eldenring.wiki.fextralife.com/Leather_Arm_Wraps	https://eldenring.wiki.fextralife.com/Leather_Arm_Wraps?oldid=758000	6	lead_only
wiki:fextralife:page-23751:revision-758006	23751	758006	2026-08-21T21:37:58Z	425776e68040311aca48cff72e36529cc5dbfa43	Leather Leg Wraps	https://eldenring.wiki.fextralife.com/Leather_Leg_Wraps	https://eldenring.wiki.fextralife.com/Leather_Leg_Wraps?oldid=758006	5	lead_only
wiki:fextralife:page-23919:revision-757276	23919	757276	2026-08-21T21:21:03Z	396f7f6ba5bb812c6e6b1a0183cc383d2db12f8b	Old Fang	https://eldenring.wiki.fextralife.com/Old_Fang	https://eldenring.wiki.fextralife.com/Old_Fang?oldid=757276	21	lead_only
wiki:fextralife:page-24290:revision-756634	24290	756634	2026-08-21T21:08:13Z	71f613d5910b31ec1d6a2e3d420a196c53abebb7	Fire Grease	https://eldenring.wiki.fextralife.com/Fire_Grease	https://eldenring.wiki.fextralife.com/Fire_Grease?oldid=756634	14	lead_only
wiki:fextralife:page-24318:revision-753685	24318	753685	2026-08-14T17:19:32Z	6a2c58e2f6bac2c94936ebc50f00496c5e52bcdb	Trina's Lily	https://eldenring.wiki.fextralife.com/Trina's_Lily	https://eldenring.wiki.fextralife.com/Trina's_Lily?oldid=753685	71	lead_only
wiki:fextralife:page-24441:revision-757572	24441	757572	2026-08-21T21:26:50Z	10b9f4060eab59405140b33b9a7092a9132fc487	Serpent Arrow	https://eldenring.wiki.fextralife.com/Serpent_Arrow	https://eldenring.wiki.fextralife.com/Serpent_Arrow?oldid=757572	11	lead_only
wiki:fextralife:page-24541:revision-757301	24541	757301	2026-08-21T21:21:32Z	b5a177d7b22e5979124f7fb45ef77f6c61d8c149	Turtle Neck Meat	https://eldenring.wiki.fextralife.com/Turtle_Neck_Meat	https://eldenring.wiki.fextralife.com/Turtle_Neck_Meat?oldid=757301	7	lead_only
wiki:fextralife:page-24821:revision-757269	24821	757269	2026-08-21T21:20:54Z	92e62ea8f95ac6d5df1988a671ed330c34853f3a	Living Jar Shard	https://eldenring.wiki.fextralife.com/Living_Jar_Shard	https://eldenring.wiki.fextralife.com/Living_Jar_Shard?oldid=757269	10	lead_only
wiki:fextralife:page-24834:revision-756637	24834	756637	2026-08-21T21:08:18Z	2b1fd4b8e88f433f6afd14f2679a3c1b0829a1c5	Fireproof Pickled Liver	https://eldenring.wiki.fextralife.com/Fireproof_Pickled_Liver	https://eldenring.wiki.fextralife.com/Fireproof_Pickled_Liver?oldid=756637	14	lead_only
wiki:fextralife:page-25043:revision-756705	25043	756705	2026-08-21T21:09:40Z	32559b5c02cd545e030798f70877ea65ce51a829	Shadow Realm Rune (1)	https://eldenring.wiki.fextralife.com/Shadow_Realm_Rune_(1)	https://eldenring.wiki.fextralife.com/Shadow_Realm_Rune_(1)?oldid=756705	5	lead_only
wiki:fextralife:page-25050:revision-756706	25050	756706	2026-08-21T21:09:41Z	50ff5be2093b6287c616c91df202e79f03b7c01d	Shadow Realm Rune (2)	https://eldenring.wiki.fextralife.com/Shadow_Realm_Rune_(2)	https://eldenring.wiki.fextralife.com/Shadow_Realm_Rune_(2)?oldid=756706	5	lead_only
wiki:fextralife:page-25060:revision-756707	25060	756707	2026-08-21T21:09:43Z	f0b6f7514b4ff9c7dc66dd46f5cd650fe875b1f5	Shadow Realm Rune (3)	https://eldenring.wiki.fextralife.com/Shadow_Realm_Rune_(3)	https://eldenring.wiki.fextralife.com/Shadow_Realm_Rune_(3)?oldid=756707	7	lead_only
wiki:fextralife:page-25068:revision-756708	25068	756708	2026-08-21T21:09:44Z	a5b8b401a1f8f0a2f4c4685d9dd5190bcca16e1a	Shadow Realm Rune (4)	https://eldenring.wiki.fextralife.com/Shadow_Realm_Rune_(4)	https://eldenring.wiki.fextralife.com/Shadow_Realm_Rune_(4)?oldid=756708	6	lead_only
wiki:fextralife:page-25075:revision-756709	25075	756709	2026-08-21T21:09:45Z	33feefde9ce98752920b02e4ed20c26018d75861	Shadow Realm Rune (5)	https://eldenring.wiki.fextralife.com/Shadow_Realm_Rune_(5)	https://eldenring.wiki.fextralife.com/Shadow_Realm_Rune_(5)?oldid=756709	8	lead_only
wiki:fextralife:page-25090:revision-756711	25090	756711	2026-08-21T21:09:47Z	7d28cea00e5b5339abb35543aeca207503b7684e	Shadow Realm Rune (7)	https://eldenring.wiki.fextralife.com/Shadow_Realm_Rune_(7)	https://eldenring.wiki.fextralife.com/Shadow_Realm_Rune_(7)?oldid=756711	6	lead_only
wiki:fextralife:page-25098:revision-757286	25098	757286	2026-08-21T21:21:14Z	f00859809d5bdd3bb64a1085541c3266c1789654	Shadow Sunflower	https://eldenring.wiki.fextralife.com/Shadow_Sunflower	https://eldenring.wiki.fextralife.com/Shadow_Sunflower?oldid=757286	14	lead_only
wiki:fextralife:page-25360:revision-757573	25360	757573	2026-08-21T21:26:52Z	444966d649211b538799cc59244c2d40d0788065	Shattershard Arrow (Fletched)	https://eldenring.wiki.fextralife.com/Shattershard_Arrow_(Fletched)	https://eldenring.wiki.fextralife.com/Shattershard_Arrow_(Fletched)?oldid=757573	8	lead_only
wiki:fextralife:page-25391:revision-756712	25391	756712	2026-08-21T21:09:48Z	e8e5dc1447583828969bcd871ade03ce87d4b6ba	Shield Grease	https://eldenring.wiki.fextralife.com/Shield_Grease	https://eldenring.wiki.fextralife.com/Shield_Grease?oldid=756712	9	lead_only
wiki:fextralife:page-25470:revision-757201	25470	757201	2026-08-21T21:19:35Z	c659fe7386f26386b6da6be2bd07c39cb0da392a	Perfume Bottle	https://eldenring.wiki.fextralife.com/Perfume_Bottle	https://eldenring.wiki.fextralife.com/Perfume_Bottle?oldid=757201	20	lead_only
wiki:fextralife:page-25506:revision-757237	25506	757237	2026-08-21T21:20:17Z	631ff6be0d034fcc8bdd072c90185e9ebc6d0515	Congealed Putrescence	https://eldenring.wiki.fextralife.com/Congealed_Putrescence	https://eldenring.wiki.fextralife.com/Congealed_Putrescence?oldid=757237	12	lead_only
wiki:fextralife:page-25519:revision-757229	25519	757229	2026-08-21T21:20:08Z	bff40236bbdcab1eb4ed624c6797fed14356b411	Beast Blood	https://eldenring.wiki.fextralife.com/Beast_Blood	https://eldenring.wiki.fextralife.com/Beast_Blood?oldid=757229	18	lead_only
wiki:fextralife:page-25648:revision-758123	25648	758123	2026-08-21T21:40:16Z	c08165f77fa4dbd618136f7af8265e09e1a609f2	Shining Horned Headband	https://eldenring.wiki.fextralife.com/Shining_Horned_Headband	https://eldenring.wiki.fextralife.com/Shining_Horned_Headband?oldid=758123	7	lead_only
wiki:fextralife:page-25745:revision-757173	25745	757173	2026-08-21T21:19:02Z	e3bd047cbad999c94e0db7ac2bf06c7d129dc8f8	Lost Ashes of War	https://eldenring.wiki.fextralife.com/Lost_Ashes_of_War	https://eldenring.wiki.fextralife.com/Lost_Ashes_of_War?oldid=757173	23	lead_only
wiki:fextralife:page-25928:revision-757144	25928	757144	2026-08-21T21:18:28Z	ba1ca152a9ebe1d35c6b88442e0aba5361410885	Cracked Pot	https://eldenring.wiki.fextralife.com/Cracked_Pot	https://eldenring.wiki.fextralife.com/Cracked_Pot?oldid=757144	30	lead_only
wiki:fextralife:page-26062:revision-756690	26062	756690	2026-08-21T21:09:22Z	fcddc9cec5bf3719691253758753a78031314e09	Pickled Turtle Neck	https://eldenring.wiki.fextralife.com/Pickled_Turtle_Neck	https://eldenring.wiki.fextralife.com/Pickled_Turtle_Neck?oldid=756690	13	lead_only
wiki:fextralife:page-26065:revision-756714	26065	756714	2026-08-21T21:09:51Z	b7a2434781708dc2d18e5c70cce9cfcc810ee1ad	Silver-Pickled Fowl Foot	https://eldenring.wiki.fextralife.com/Silver-Pickled_Fowl_Foot	https://eldenring.wiki.fextralife.com/Silver-Pickled_Fowl_Foot?oldid=756714	25	lead_only
wiki:fextralife:page-26082:revision-756713	26082	756713	2026-08-21T21:09:49Z	ad50efe43730f96d059893daba1c05dcff8d42d6	Silver Horn Tender	https://eldenring.wiki.fextralife.com/Silver_Horn_Tender	https://eldenring.wiki.fextralife.com/Silver_Horn_Tender?oldid=756713	20	lead_only
wiki:fextralife:page-26213:revision-756685	26213	756685	2026-08-21T21:09:16Z	2ee6479bdb1c95791c7f60591afa796b3f5d38dd	Magic Grease	https://eldenring.wiki.fextralife.com/Magic_Grease	https://eldenring.wiki.fextralife.com/Magic_Grease?oldid=756685	21	lead_only
wiki:fextralife:page-26351:revision-757250	26351	757250	2026-08-21T21:20:32Z	ebbbe8c2d6bba2b9dc182f4e6da1fc3a825f6954	Formic Rock	https://eldenring.wiki.fextralife.com/Formic_Rock	https://eldenring.wiki.fextralife.com/Formic_Rock?oldid=757250	10	lead_only
wiki:fextralife:page-26401:revision-756691	26401	756691	2026-08-21T21:09:23Z	4c4282564b4cc7a83003ad10b3d299271b786997	Poison Grease	https://eldenring.wiki.fextralife.com/Poison_Grease	https://eldenring.wiki.fextralife.com/Poison_Grease?oldid=756691	13	lead_only
wiki:fextralife:page-26444:revision-757289	26444	757289	2026-08-21T21:21:18Z	48fa6a5e7d80337a28b5cc7d13d8710572d2b3d3	Slumbering Egg	https://eldenring.wiki.fextralife.com/Slumbering_Egg	https://eldenring.wiki.fextralife.com/Slumbering_Egg?oldid=757289	15	lead_only
wiki:fextralife:page-26445:revision-757264	26445	757264	2026-08-21T21:20:49Z	938819e3be811669ede21222ec06c7df53381956	Hefty Beast Bone	https://eldenring.wiki.fextralife.com/Hefty_Beast_Bone	https://eldenring.wiki.fextralife.com/Hefty_Beast_Bone?oldid=757264	20	lead_only
wiki:fextralife:page-26452:revision-757169	26452	757169	2026-08-21T21:18:57Z	a31c9b0ba91e995a02408b3440e80e5ec25efdf4	Hefty Cracked Pot	https://eldenring.wiki.fextralife.com/Hefty_Cracked_Pot	https://eldenring.wiki.fextralife.com/Hefty_Cracked_Pot?oldid=757169	27	lead_only
wiki:fextralife:page-26475:revision-756692	26475	756692	2026-08-21T21:09:24Z	d4ed8a07d248d085ca3257f1f148a394d1594b13	Poisonbone Dart	https://eldenring.wiki.fextralife.com/Poisonbone_Dart	https://eldenring.wiki.fextralife.com/Poisonbone_Dart?oldid=756692	15	lead_only
wiki:fextralife:page-26480:revision-756604	26480	756604	2026-08-21T21:07:37Z	3374693fa15f906f53dbb7032eae89c87dcdfe7a	Bewitching Branch	https://eldenring.wiki.fextralife.com/Bewitching_Branch	https://eldenring.wiki.fextralife.com/Bewitching_Branch?oldid=756604	83	lead_only
wiki:fextralife:page-26519:revision-757556	26519	757556	2026-08-21T21:26:31Z	1650e32a9cdb8bc7593137ba2bbc516042175959	Black-Key Bolt	https://eldenring.wiki.fextralife.com/Black-Key_Bolt	https://eldenring.wiki.fextralife.com/Black-Key_Bolt?oldid=757556	8	lead_only
wiki:fextralife:page-26597:revision-756640	26597	756640	2026-08-21T21:08:22Z	91689a59d9e7199b5dcf902e76a5787f99e9612f	Frenzyflame Stone	https://eldenring.wiki.fextralife.com/Frenzyflame_Stone	https://eldenring.wiki.fextralife.com/Frenzyflame_Stone?oldid=756640	17	lead_only
wiki:fextralife:page-26732:revision-757239	26732	757239	2026-08-21T21:20:19Z	6afa5feb66bced4cc324ec0b7829b545761b88e6	Crystal Bud	https://eldenring.wiki.fextralife.com/Crystal_Bud	https://eldenring.wiki.fextralife.com/Crystal_Bud?oldid=757239	12	lead_only
wiki:fextralife:page-26753:revision-756611	26753	756611	2026-08-21T21:07:45Z	01313c403bb70b9ff0bd110596e0c180aa0ab168	Crystal Dart	https://eldenring.wiki.fextralife.com/Crystal_Dart	https://eldenring.wiki.fextralife.com/Crystal_Dart?oldid=756611	22	lead_only
wiki:fextralife:page-26780:revision-756696	26780	756696	2026-08-21T21:09:29Z	563b5241066bef993c516a4b02d816008d3ac6a0	Preserving Boluses	https://eldenring.wiki.fextralife.com/Preserving_Boluses	https://eldenring.wiki.fextralife.com/Preserving_Boluses?oldid=756696	18	lead_only
wiki:fextralife:page-26810:revision-756666	26810	756666	2026-08-21T21:08:53Z	beb2f676b67ef2ce7343ec23ebb9e479cb11e869	Hero's Rune (2)	https://eldenring.wiki.fextralife.com/Hero's_Rune_(2)	https://eldenring.wiki.fextralife.com/Hero's_Rune_(2)?oldid=756666	9	lead_only
wiki:fextralife:page-26826:revision-757252	26826	757252	2026-08-21T21:20:35Z	5e8ac9f5a285198105b35c7bfa0f3ff6b9b4e9d0	Frozen Maggot	https://eldenring.wiki.fextralife.com/Frozen_Maggot	https://eldenring.wiki.fextralife.com/Frozen_Maggot?oldid=757252	10	lead_only
wiki:fextralife:page-26834:revision-756668	26834	756668	2026-08-21T21:08:56Z	886299defdb2daad9592472d34e0387b5a8d371b	Hero's Rune (5)	https://eldenring.wiki.fextralife.com/Hero's_Rune_(5)	https://eldenring.wiki.fextralife.com/Hero's_Rune_(5)?oldid=756668	10	lead_only
wiki:fextralife:page-26905:revision-756612	26905	756612	2026-08-21T21:07:46Z	bbfeee0b76775dccaae18cc4b3cc8faf6b555b6f	Cuckoo Glintstone	https://eldenring.wiki.fextralife.com/Cuckoo_Glintstone	https://eldenring.wiki.fextralife.com/Cuckoo_Glintstone?oldid=756612	17	lead_only
wiki:fextralife:page-26907:revision-757232	26907	757232	2026-08-21T21:20:11Z	3101e4d239f2260b21e789876e3033dc0c19a039	Black Pyrefly	https://eldenring.wiki.fextralife.com/Black_Pyrefly	https://eldenring.wiki.fextralife.com/Black_Pyrefly?oldid=757232	30	lead_only
wiki:fextralife:page-26919:revision-757603	26919	757603	2026-08-21T21:27:27Z	818edbe6489a29436b3085c8c4be3bd0b13ce3b8	Furlcalling Finger Remedy	https://eldenring.wiki.fextralife.com/Furlcalling_Finger_Remedy	https://eldenring.wiki.fextralife.com/Furlcalling_Finger_Remedy?oldid=757603	47	lead_only
wiki:fextralife:page-27019:revision-756729	27019	756729	2026-08-21T21:10:08Z	4126621c9346c7b21219e7a79aad08c13d7ffc34	Warming Stone	https://eldenring.wiki.fextralife.com/Warming_Stone	https://eldenring.wiki.fextralife.com/Warming_Stone?oldid=756729	28	lead_only
wiki:fextralife:page-27162:revision-757147	27162	757147	2026-08-21T21:18:32Z	fd080eb07dc6892952afcf71dc1d70ae338dded5	Cursemark of Death	https://eldenring.wiki.fextralife.com/Cursemark_of_Death	https://eldenring.wiki.fextralife.com/Cursemark_of_Death?oldid=757147	3	lead_only
wiki:fextralife:page-27254:revision-756669	27254	756669	2026-08-21T21:08:57Z	42b4a57ed1c244d0bc8e2d16aed63f7030d50fdb	Holy Grease	https://eldenring.wiki.fextralife.com/Holy_Grease	https://eldenring.wiki.fextralife.com/Holy_Grease?oldid=756669	18	lead_only
wiki:fextralife:page-27363:revision-757278	27363	757278	2026-08-21T21:21:05Z	7386baa3b2ee45fd3eca2c1e389a6cd18d02508a	Rada Fruit	https://eldenring.wiki.fextralife.com/Rada_Fruit	https://eldenring.wiki.fextralife.com/Rada_Fruit?oldid=757278	26	lead_only
wiki:fextralife:page-27371:revision-756715	27371	756715	2026-08-21T21:09:52Z	144c3a59f30f93fbc3615c6916522d18f8523fc9	Soap	https://eldenring.wiki.fextralife.com/Soap	https://eldenring.wiki.fextralife.com/Soap?oldid=756715	14	lead_only
wiki:fextralife:page-27378:revision-756716	27378	756716	2026-08-21T21:09:53Z	50a37aba25d5db2bfeb8739a84c482e9a3ba6230	Soft Cotton	https://eldenring.wiki.fextralife.com/Soft_Cotton	https://eldenring.wiki.fextralife.com/Soft_Cotton?oldid=756716	15	lead_only
wiki:fextralife:page-27567:revision-756686	27567	756686	2026-08-21T21:09:17Z	88fa5d8af8f60123f23487f2ea2061b3ad4c624a	Marika's Rune	https://eldenring.wiki.fextralife.com/Marika's_Rune	https://eldenring.wiki.fextralife.com/Marika's_Rune?oldid=756686	5	lead_only
wiki:fextralife:page-27577:revision-756717	27577	756717	2026-08-21T21:09:54Z	74e975bb3e525798f77173c4d972fb0e1e65f6df	Soporific Grease	https://eldenring.wiki.fextralife.com/Soporific_Grease	https://eldenring.wiki.fextralife.com/Soporific_Grease?oldid=756717	10	lead_only
wiki:fextralife:page-27595:revision-756606	27595	756606	2026-08-21T21:07:39Z	b2952590217e54d4430a299ee8a11577bb22e132	Blood Grease	https://eldenring.wiki.fextralife.com/Blood_Grease	https://eldenring.wiki.fextralife.com/Blood_Grease?oldid=756606	9	lead_only
wiki:fextralife:page-27711:revision-756697	27711	756697	2026-08-21T21:09:30Z	a99f4944e3aa36ea1b598823addd36fdf903d052	Rainbow Stone	https://eldenring.wiki.fextralife.com/Rainbow_Stone	https://eldenring.wiki.fextralife.com/Rainbow_Stone?oldid=756697	16	lead_only
wiki:fextralife:page-28016:revision-756730	28016	756730	2026-08-21T21:10:10Z	73ee30b07cd215d1e50bd82afdcab5687f6b65f2	Well-Pickled Turtle Neck	https://eldenring.wiki.fextralife.com/Well-Pickled_Turtle_Neck	https://eldenring.wiki.fextralife.com/Well-Pickled_Turtle_Neck?oldid=756730	14	lead_only
wiki:fextralife:page-28073:revision-757224	28073	757224	2026-08-21T21:20:02Z	02ec766fe55a0c360f5a20b571e05ebc81b05e22	Whetstone Knife	https://eldenring.wiki.fextralife.com/Whetstone_Knife	https://eldenring.wiki.fextralife.com/Whetstone_Knife?oldid=757224	5	lead_only
wiki:fextralife:page-28130:revision-753142	28130	753142	2026-08-14T16:59:18Z	49607a8333baf4b32768fe933421d79a69000bc0	Raw Meat Dumpling	https://eldenring.wiki.fextralife.com/Raw_Meat_Dumpling	https://eldenring.wiki.fextralife.com/Raw_Meat_Dumpling?oldid=753142	25	lead_only
wiki:fextralife:page-28191:revision-756718	28191	756718	2026-08-21T21:09:55Z	1b7dc57c5ab20ede7ab7afb6c6f0c9b35c699b23	Spellproof Dried Liver	https://eldenring.wiki.fextralife.com/Spellproof_Dried_Liver	https://eldenring.wiki.fextralife.com/Spellproof_Dried_Liver?oldid=756718	10	lead_only
wiki:fextralife:page-28196:revision-757542	28196	757542	2026-08-21T21:26:14Z	901e45d5bde88bf844189354240a09655f344e75	Igon's Greatbow	https://eldenring.wiki.fextralife.com/Igon's_Greatbow	https://eldenring.wiki.fextralife.com/Igon's_Greatbow?oldid=757542	12	lead_only
wiki:fextralife:page-28270:revision-757172	28270	757172	2026-08-21T21:19:01Z	d1495ac2b7b969a7e26ffdab7a90144855375d6d	Imbued Sword Key	https://eldenring.wiki.fextralife.com/Imbued_Sword_Key	https://eldenring.wiki.fextralife.com/Imbued_Sword_Key?oldid=757172	7	lead_only
wiki:fextralife:page-28291:revision-756672	28291	756672	2026-08-21T21:09:01Z	fdb32d1c0e01b98282512959ce25197bbb02a630	Immunizing Cured Meat	https://eldenring.wiki.fextralife.com/Immunizing_Cured_Meat	https://eldenring.wiki.fextralife.com/Immunizing_Cured_Meat?oldid=756672	14	lead_only
wiki:fextralife:page-28314:revision-757197	28314	757197	2026-08-21T21:19:30Z	78365953a970173f2c46a95f108e224e03e12fb4	Memory Stone	https://eldenring.wiki.fextralife.com/Memory_Stone	https://eldenring.wiki.fextralife.com/Memory_Stone?oldid=757197	15	lead_only
wiki:fextralife:page-28430:revision-757241	28430	757241	2026-08-21T21:20:22Z	4e64512a5e26d6fb5dc6e264227465595db52cce	Deep-Purple Lily	https://eldenring.wiki.fextralife.com/Deep-Purple_Lily	https://eldenring.wiki.fextralife.com/Deep-Purple_Lily?oldid=757241	13	lead_only
wiki:fextralife:page-28590:revision-744483	28590	744483	2026-08-10T19:04:51Z	2bfebd5651f0897423db74ca85f11f14d7a94601	Red Fulgurbloom	https://eldenring.wiki.fextralife.com/Red_Fulgurbloom	https://eldenring.wiki.fextralife.com/Red_Fulgurbloom?oldid=744483	9	lead_only
wiki:fextralife:page-28715:revision-756641	28715	756641	2026-08-21T21:08:23Z	f3ffb94c9630b539191e3081c81023e313b0a8ea	Glass Shard	https://eldenring.wiki.fextralife.com/Glass_Shard	https://eldenring.wiki.fextralife.com/Glass_Shard?oldid=756641	21	lead_only
wiki:fextralife:page-28745:revision-757280	28745	757280	2026-08-21T21:21:07Z	95546df1faf6541eafce090494ef82f2e273b9f4	Redflesh Mushroom	https://eldenring.wiki.fextralife.com/Redflesh_Mushroom	https://eldenring.wiki.fextralife.com/Redflesh_Mushroom?oldid=757280	24	lead_only
wiki:fextralife:page-28768:revision-757242	28768	757242	2026-08-21T21:20:23Z	6b4d3da534547cbb682fbeb2e706e9ac6d505adb	Dewgem	https://eldenring.wiki.fextralife.com/Dewgem	https://eldenring.wiki.fextralife.com/Dewgem?oldid=757242	20	lead_only
wiki:fextralife:page-28884:revision-757257	28884	757257	2026-08-21T21:20:40Z	5cf66ead7fa8a6069f114361065a8df57e18fe40	Glintstone Firefly	https://eldenring.wiki.fextralife.com/Glintstone_Firefly	https://eldenring.wiki.fextralife.com/Glintstone_Firefly?oldid=757257	21	lead_only
wiki:fextralife:page-28922:revision-757557	28922	757557	2026-08-21T21:26:32Z	c9ea7c3b4558d6d570d0f006c6acc8ab33a226fa	Bolt	https://eldenring.wiki.fextralife.com/Bolt	https://eldenring.wiki.fextralife.com/Bolt?oldid=757557	25	lead_only
wiki:fextralife:page-28942:revision-756687	28942	756687	2026-08-21T21:09:18Z	2b565af2f92b8289d4225a9c174d4c910865be04	Messmerfire Grease	https://eldenring.wiki.fextralife.com/Messmerfire_Grease	https://eldenring.wiki.fextralife.com/Messmerfire_Grease?oldid=756687	14	lead_only
wiki:fextralife:page-28953:revision-757291	28953	757291	2026-08-21T21:21:21Z	dacb7e7e6dd6f04f293d239d60aa4ef6e37d55e6	Spirit Calculus	https://eldenring.wiki.fextralife.com/Spirit_Calculus	https://eldenring.wiki.fextralife.com/Spirit_Calculus?oldid=757291	8	lead_only
wiki:fextralife:page-29053:revision-757292	29053	757292	2026-08-21T21:21:22Z	b8beac55702b0563ebad2b3525dc2740034d846a	Spiritgrave Stone	https://eldenring.wiki.fextralife.com/Spiritgrave_Stone	https://eldenring.wiki.fextralife.com/Spiritgrave_Stone?oldid=757292	11	lead_only
wiki:fextralife:page-29055:revision-756698	29055	756698	2026-08-21T21:09:32Z	cad4d112a675a47f08a8a124a6d85e93a2fa250c	Rejuvenating Boluses	https://eldenring.wiki.fextralife.com/Rejuvenating_Boluses	https://eldenring.wiki.fextralife.com/Rejuvenating_Boluses?oldid=756698	12	lead_only
wiki:fextralife:page-29065:revision-756644	29065	756644	2026-08-21T21:08:26Z	5d76508999fb38a97e9735f322e5c984410c6004	Glowstone	https://eldenring.wiki.fextralife.com/Glowstone	https://eldenring.wiki.fextralife.com/Glowstone?oldid=756644	12	lead_only
wiki:fextralife:page-29111:revision-757575	29111	757575	2026-08-21T21:26:54Z	bb7e38d05f2826086b554410d0b201f271e597c7	St. Trina's Arrow	https://eldenring.wiki.fextralife.com/St._Trina's_Arrow	https://eldenring.wiki.fextralife.com/St._Trina's_Arrow?oldid=757575	9	lead_only
