flag	map_id	item_lot_id	treasure_name
114	m14_00	14000960	宝箱006
9502	m12_03	4910	宝死体080 エルデンリングのパーツ（死）
9504	m35_00	4920	アイテム光000 エルデンリングのかけら
60020	m60_46_38	1046380300	エリクサー水盆：000
60130	m60_42_37	1042371010	宝箱001 遺跡1-4
60240	m60_42_40	1042400000	宝死体000：闘技場前
60260	m16_00	16000720	アイテム光00
60400	m60_45_33	1045330100	宝箱000：魔術師の塔_下
60410	m60_34_43	1034430100	宝箱000：魔術師の塔
60420	m60_35_47	1035470100	宝箱000：魔術師の塔2-2
60430	m60_34_50	1034500100	宝箱000：魔術師の塔2-3
60460	m60_52_41	1052410900	宝箱000
62010	m60_42_37	1042370200	objAct 地図票アイテム
62011	m60_44_32	1044320000	OBJ用宝箱情報 地図取得
62020	m60_38_41	1038410200	OBJ用宝箱情報 地図石碑
62021	m60_37_44	1037440210	OBJ用宝箱情報 地図石碑
62022	m60_34_48	1034480200	OBJ用宝箱情報 地図石碑
62031	m60_42_51	1042510500	OBJ用宝箱情報 地図取得
62032	m60_36_54	1036540500	OBJ用宝箱情報 地図取得
62040	m60_49_37	1049370500	宝OBJ用情報005 地図取得
62041	m60_49_40	1049400500	OBJ用宝箱情報 地図取得
62050	m60_49_53	1049530700	地図石碑000：地図断片1_遺跡5-1手前
62051	m60_52_54	1052540700	その他000：地図断片2_巨人墓場入り口
62052	m60_48_56	1048560700	地図石碑000：地図断片3_下層中央地帯
62060	m12_01	12010000	宝死体000 地図
62061	m12_01	12010010	宝死体001 地図
62062	m12_05	12050000	宝死体000 地図
62063	m12_02	12020060	宝死体006 地図
62064	m12_03	12030000	宝死体000 地図 マリカ遺跡 東屋
62081	m61_48	2048450500	地図石碑
62082	m61_48	2048370040	地図断片
62083	m61_46	2046450710	アイテム光001
62084	m61_52	2052410600	地図ポイント
65030	m60_44_53	1044530200	エリクサー 大樹3-2
65120	m60_44_53	1044530210	エリクサー 大墓地最奥
65150	m60_49_37	1049370000	OBJ用宝箱情報　エリクサー水盆
65200	m60_52_54	1052540790	その他009：エリクサー水盆
65240	m60_43_34	1043340020	OBJ用宝箱情報 エリクサー水盆
65610	m10_00	10000420	【宝死体】 42
65640	m60_51_36	1051360070	宝死体007
65680	m14_00	14000500	宝死体050
65720	m12_02	12020010	宝死体001 儀式場祭壇
66010	m10_00	10000770	【宝死体】 77 →壷系 アイテム光に修正【day1変更】
66020	m10_00	10000775	【宝死体】 壷系 アイテム光追加【day1追加】
66080	m60_39_44	1039440100	アイテム光000
66090	m60_39_44	1039440110	アイテム光001
66100	m60_39_44	1039440120	アイテム光002
66120	m14_00	14000780	宝 アイテム光  庭園 講堂側 壷系【day1追加】
66120	m14_00	14000780	宝死体078
66140	m30_13	30130100	アイテム光　空壺1
66150	m30_13	30130110	アイテム光　空壺2
66160	m30_13	30130120	アイテム光　空壺3
66170	m30_13	30130130	アイテム光　空壺4
66410	m14_00	14000900	宝箱000
66430	m60_39_44	1039440130	アイテム光003
66440	m60_39_44	1039440140	アイテム光004
66470	m30_13	30130140	アイテム光　上位空壺2
66480	m30_13	30130150	アイテム光　上位空壺1
66490	m35_00	35000610	宝死体061
66700	m16_00	16000110	宝死体011
66740	m60_36_52	1036520070	宝死体007 調香瓶アイテム光
66760	m60_39_51	1039510000	宝死体000 忌み子野営地
66780	m31_18	31180000	宝箱000
66790	m60_48_38	1048380010	宝死体001
66960	m61_50	2050440130	宝死体013
66970	m61_50	2050440110	宝死体011
67020	m60_46_36	1046360020	宝死体002：海辺の塔1-1
67030	m10_00	10000480	【宝死体】 48
67050	m60_40_39	1040390000	宝死体000
67060	m60_35_44	1035440200	宝死体001：教会2-3
67090	m60_49_54	1049540800	アイテム光000：ブリザードエリア
67120	m16_00	16000090	宝死体009
67130	m16_00	16000450	宝死体045
67200	m60_43_38	1043380000	宝死体000:北の傭兵の野営地
67250	m60_35_54	1035540030	宝死体　鍵部屋
67260	m60_51_36	1051360010	宝死体001：広場横倉庫
67300	m12_02	12020130	宝死体013
67310	m60_51_36	1051360120	宝死体012
67410	m60_38_40	1038400010	宝死体001 野営地
67420	m14_00	14000950	宝箱005
67430	m30_00	30000030	宝死体 スケルトン部屋
67450	m60_38_41	1038410000	宝死体000： 遺跡2-3
67480	m60_38_42	1038420100	宝箱000：塔2-1
67630	m12_02	12020020	宝死体002 ガーゴイルボス部屋前
67640	m60_43_50	1043500030	宝死体003 教会3-3入り口
67650	m60_46_40	1046400030	宝死体003
67860	m30_13	30130010	宝死体 B層トラップハウス内
67870	m60_46_40	1046400050	宝死体005
67890	m12_01	12010020	宝死体002 大毒沼小部屋
67890	m12_01	12010020	宝箱002 大毒沼小部屋
67910	m12_05	12050050	宝死体005
68020	m13_00	13000650	宝死体065
68030	m60_48_36	1048360000	宝死体000
68400	m60_38_48	1038480000	宝死体000：混沌の村家
68410	m35_00	35000800	宝死体 レシピ
68630	m61_49	2049430400	宝死体040　平原前半毒沼
68640	m61_44	2044460100	宝死体010
68670	m61_50	2050410000	宝死体000 終端
68680	m61_45	2045480700	アイテム光000
68710	m61_47	2047390030	宝死体003
68760	m61_48	2048370060	宝死体006
68820	m61_49	2049430510	宝箱001
68850	m61_49	2049380040	宝死体004
68890	m61_48	2048460020	宝死体002
68920	m61_49	2049380050	宝死体005
68940	m61_46	2046380060	宝死体006　ユニーク
68950	m61_47	2047350010	宝死体001
69740	m35_00	35000070	宝死体テント下②
69760	m60_38_48	1038480040	アイテム光004
580300	m60_43_36	80300	アイテム光006：絵描き死体
580320	m60_41_52	80320	絵画宝探し用報酬
580330	m60_50_56	80330	アイテム光001：上層 飛び地 絵画イベントの報酬
580340	m60_42_35	80340	アイテム光000：絵画イベント 教会1-2
580360	m60_51_40	80360	宝光　絵画イベント
580410	m61_46	80410	アイテム光002 {2}
580420	m61_53	80420	絵画報酬　ドラゴン山中腹
580600	m20_00	80600	宝死体072
580600	m61_46	80600	アイテム光004
580600	m61_48	80600	アイテム光 ヒント文章 ミケラ十字
580600	m61_48	80600	アイテム光003　「同士の置き手紙」
580600	m61_48	80600	アイテム光007　ミケラ十字　文書アイテム
580600	m61_50	80600	アイテム光001　「同士の置き手紙」
590210	m60_46_36	90210	アイテム光 ルーン断片
10007005	m10_00	10000005	【宝死体】0005 広場の櫓【day1追加】
10007015	m10_00	10000015	【宝死体】0015 ガーゴイル部屋①【day1追加】
10007025	m10_00	10000025	【宝死体】0025 ガーゴイル部屋②【day1追加】
10007030	m10_00	10000030	【宝死体】 03
10007035	m10_00	10000035	【宝死体】0035 城壁内部サブルート終端【day1追加】
10007040	m10_00	10000040	【宝死体】 04
10007050	m10_00	10000050	【宝死体】 05
10007060	m10_00	10000060	【宝死体】 06
10007080	m10_00	10000080	【宝死体】 08
10007090	m10_00	10000090	【宝死体】 09 下層ルート 倉庫【day1追加】
10007100	m10_00	10000100	【宝死体】 10 崖道 城壁に入る階段上【day1追加】
10007110	m10_00	10000110	【宝死体】 11
10007120	m10_00	10000120	【宝死体】 12
10007130	m10_00	10000130	【宝死体】 13
10007140	m10_00	10000140	【宝死体】 14
10007150	m10_00	10000150	【宝死体】 15
10007160	m10_00	10000160	【宝死体】 16
10007170	m10_00	10000170	【宝死体】 17
10007180	m10_00	10000180	【宝死体】 18
10007190	m10_00	10000190	【宝死体】 19
10007200	m10_00	10000200	【宝死体】 20
10007210	m10_00	10000210	【宝死体】 21
10007220	m10_00	10000220	【宝死体】 22
10007230	m10_00	10000230	【宝死体】 23　→9049が使用【day1調整】
10007240	m10_00	10000240	【宝死体】 24
10007250	m10_00	10000250	【宝死体】 25
10007260	m10_00	10000260	【宝死体】 26
10007270	m10_00	10000270	【宝死体】 27
10007280	m10_00	10000280	【宝死体】 28
10007290	m10_00	10000290	【宝死体】 29
10007300	m10_00	10000300	【宝死体】 30
10007310	m10_00	10000310	【宝死体】 31
10007320	m10_00	10000320	【宝死体】 32  城壁根元に向かう途中【day1追加】 ⇒98が使用
10007330	m10_00	10000330	【宝死体】 33
10007340	m10_00	10000340	【宝死体】 34 食堂 絵画前【day1追加】
10007350	m10_00	10000350	【宝死体】 35
10007360	m10_00	10000360	【宝死体】 36
10007370	m10_00	10000370	【宝死体】 37
10007380	m10_00	10000380	【宝死体】 38
10007390	m10_00	10000390	【宝死体】 39
10007400	m10_00	10000400	【宝死体】 40
10007410	m10_00	10000410	【宝死体】 41　→宝死体96
10007430	m10_00	10000430	【宝死体】 43
10007440	m10_00	10000440	【宝死体】 44
10007450	m10_00	10000450	【アイテム光】 イベントアイテム 兵舎中庭
10007450	m10_00	10000450	【宝死体】 45
10007460	m10_00	10000460	【宝死体】 46
10007470	m10_00	10000470	【宝死体】 47
10007500	m10_00	10000500	【宝死体】 50
10007510	m10_00	10000510	【宝死体】 51 ⇒99が使用中
10007520	m10_00	10000520	【宝死体】 52
10007530	m10_00	10000530	【宝死体】 53
10007540	m10_00	10000540	【宝死体】 54
10007550	m10_00	10000550	【宝死体】 55 大階段 城壁上【day1追加】
10007560	m10_00	10000560	【宝死体】 56 正門上 ベランダ【day1追加】
10007570	m10_00	10000570	【宝死体】 57
10007580	m10_00	10000580	【宝死体】 58
10007590	m10_00	10000590	【宝死体】 59
10007600	m10_00	10000600	【宝死体】 60
10007610	m10_00	10000610	【宝死体】 61
10007620	m10_00	10000620	【宝死体】 62
10007630	m10_00	10000630	【宝死体】 63
10007640	m10_00	10000640	【宝死体】 64
10007650	m10_00	10000650	【宝死体】 65
10007660	m10_00	10000660	【宝死体】 66
10007670	m10_00	10000670	【宝死体】 67
10007680	m10_00	10000680	【宝死体】 68
10007690	m10_00	10000690	【宝死体】 69
10007700	m10_00	10000700	【宝死体】 70
10007710	m10_00	10000710	【宝死体】 71
10007720	m10_00	10000720	【宝死体】 72
10007730	m10_00	10000730	【アイテム光】 世界樹の実 並木道脇
10007730	m10_00	10000730	【宝死体】 73
10007740	m10_00	10000740	【宝死体】 74
10007750	m10_00	10000750	【宝死体】 75
10007760	m10_00	10000760	【宝死体】 76
10007780	m10_00	10000780	【宝死体】 78 巨大敵破壊アセット宝
10007790	m10_00	10000790	【宝死体】 79
10007800	m10_00	10000800	【宝死体】 80
10007810	m10_00	10000810	【宝死体】 81
10007820	m10_00	10000820	【宝死体】 82
10007830	m10_00	10000830	【宝死体】 83
10007840	m10_00	10000840	【宝死体】 84
10007850	m10_00	10000850	【アイテム光】 イベントアイテム 出口側
10007850	m10_00	10000850	【宝死体】 85
10007860	m10_00	10000860	【宝死体】 86
10007870	m10_00	10000870	【宝死体】 87
10007880	m10_00	10000880	【宝死体】 88
10007890	m10_00	10000890	【宝死体】 89
10007900	m10_00	10000900	【宝死体】 90
10007910	m10_00	10000910	【宝死体】 91
10007920	m10_00	10000920	【宝死体】 92
10007930	m10_00	10000930	【宝死体】 93
10007940	m10_00	10000940	【宝死体】 94
10007950	m10_00	10000950	【宝死体】 95
10007960	m10_00	10000960	【宝箱】 00
10007965	m10_00	10000965	【宝箱】 兵舎地下ガーゴイル部屋【day1追加】
10007970	m10_00	10000970	【宝箱】 01
10007975	m10_00	10000975	【宝箱】 城壁内部 罠部屋【daｙ1追加】
10007980	m10_00	10000980	【宝箱】 02　→宝死体41
10007990	m10_00	10000990	【宝箱】 03
12017030	m12_01	12010030	宝死体003
12017040	m12_01	12010040	宝死体004
12017050	m12_01	12010050	宝死体005
12017060	m12_01	12010060	宝死体006
12017070	m12_01	12010070	宝死体007
12017080	m12_01	12010080	宝死体008
12017090	m12_01	12010090	宝死体009 大毒沼 レアA
12017100	m12_01	12010100	宝死体010 聖杯のかけら 世界樹の実
12017110	m12_01	12010110	宝死体011 大毒沼
12017120	m12_01	12010120	宝死体012 大毒沼
12017130	m12_01	12010130	宝死体013 大毒沼
12017140	m12_01	12010140	宝死体014 大毒沼
12017150	m12_01	12010150	宝死体015
12017160	m12_01	12010160	宝死体016
12017170	m12_01	12010170	宝死体017
12017180	m12_01	12010180	宝死体018
12017190	m12_01	12010190	宝死体019
12017200	m12_01	12010200	宝死体020
12017210	m12_01	12010210	宝死体021
12017220	m12_01	12010220	宝死体022
12017230	m12_01	12010230	宝死体023
12017240	m12_01	12010240	宝死体024
12017250	m12_01	12010250	宝死体025
12017260	m12_01	12010260	宝死体026
12017270	m12_01	12010270	宝死体027
12017280	m12_01	12010280	宝死体028
12017290	m12_01	12010290	宝死体029
12017300	m12_01	12010300	宝死体030
12017310	m12_01	12010310	宝死体031
12017320	m12_01	12010320	宝死体032
12017330	m12_01	12010330	宝死体033
12017340	m12_01	12010340	宝死体034
12017350	m12_01	12010350	宝死体035
12017360	m12_01	12010360	宝死体036
12017370	m12_01	12010370	宝死体037 大毒沼湖
12017380	m12_01	12010380	宝死体038 大毒沼湖
12017390	m12_01	12010390	宝死体039
12017400	m12_01	12010400	宝死体040
12017410	m12_01	12010410	宝死体041
12017420	m12_01	12010420	宝死体042
12017430	m12_01	12010430	宝死体043
12017440	m12_01	12010440	宝死体044
12017450	m12_01	12010450	宝死体045 大毒沼湖
12017460	m12_01	12010460	宝死体046 大毒沼湖
12017470	m12_01	12010470	宝死体047 大毒沼湖
12017480	m12_01	12010480	宝死体048 大毒沼
12017490	m12_01	12010490	宝死体049 大毒沼
12017500	m12_01	12010500	宝死体050
12017510	m12_01	12010510	宝死体051
12017520	m12_01	12010520	宝死体052
12017530	m12_01	12010530	宝死体053
12017540	m12_01	12010540	宝死体054
12017550	m12_01	12010550	宝死体055
12017560	m12_01	12010560	宝死体056
12017570	m12_01	12010570	宝死体057
12017580	m12_01	12010580	宝死体058 宝死体 三角湖 ルーンを食う花
12017590	m12_01	12010590	宝死体059 三角湖
12017600	m12_01	12010600	宝死体060 マリカ遺跡 橋の下
12017610	m12_01	12010610	宝死体061
12017620	m12_01	12010620	宝死体062 マリカ遺跡 地上 男がいるとこ
12017630	m12_01	12010630	宝死体063
12017640	m12_01	12010640	宝死体064
12017650	m12_01	12010650	宝死体065
12017660	m12_01	12010660	宝死体066
12017670	m12_01	12010670	宝死体067 マリカ遺跡 マザースライム出発地点
12017680	m12_01	12010680	宝死体068
12017690	m12_01	12010690	宝箱069 マリカ遺跡４番目の部屋
12017700	m12_01	12010700	宝箱070 マリカ遺跡５番目の部屋
12017710	m12_01	12010710	宝死体071
12017720	m12_01	12010720	宝死体072
12017730	m12_01	12010730	宝死体073
12017740	m12_01	12010740	宝死体074
12017750	m12_01	12010750	宝死体075
12017760	m12_01	12010760	宝死体076
12017770	m12_01	12010770	宝死体077
12017780	m12_01	12010780	宝死体078
12017790	m12_01	12010790	宝死体079
12017800	m12_01	12010800	宝死体080
12017810	m12_01	12010810	宝死体081
12017820	m12_01	12010820	宝死体082
12017830	m12_01	12010830	宝死体083
12017840	m12_01	12010840	宝死体084
12017850	m12_01	12010850	宝死体085
12017860	m12_01	12010860	宝死体086
12017870	m12_01	12010870	宝死体087
12017880	m12_01	12010880	宝死体088
12017890	m12_01	12010890	宝死体089 大毒沼
12017900	m12_01	12010900	宝箱090 遺跡島
12017910	m12_01	12010910	宝箱091 ボス部屋
12017920	m12_01	12010920	宝箱092 大回廊
12017930	m12_01	12010930	宝箱093 三角湖最後
12017940	m12_01	12010940	宝箱094 マリカ遺跡小部屋
12017950	m12_01	12010950	宝箱095 水門横の部屋
12017960	m12_01	12010960	宝箱096 マリカ遺跡てっぺん
12017970	m12_01	12010970	宝箱097 マリカ遺跡最初の部屋
12017980	m12_01	12010980	宝箱098 マリカ遺跡２番目の部屋
12017990	m12_01	12010990	宝箱099 マリカ遺跡３番目の部屋
12027000	m12_02	12020000	宝死体000
12027030	m12_02	12020030	宝死体003
12027040	m12_02	12020040	宝死体004 聖杯の欠片 世界樹の実
12027050	m12_02	12020050	宝死体005
12027070	m12_02	12020070	宝箱 水道橋内部
12027080	m12_02	12020080	宝箱 マリカ遺跡２
12027090	m12_02	12020090	宝箱 地底森外れの遺跡
12027100	m12_02	12020100	宝死体010
12027110	m12_02	12020110	宝死体011
12027120	m12_02	12020120	宝死体012
12027140	m12_02	12020140	宝死体014
12027140	m12_02	12020140	宝死体014 水没林崖上キャンプ跡
12027150	m12_02	12020150	宝死体015
12027160	m12_02	12020160	宝死体016
12027170	m12_02	12020170	宝死体017
12027180	m12_02	12020180	宝死体018
12027190	m12_02	12020190	宝死体019
12027200	m12_02	12020200	宝死体020
12027210	m12_02	12020210	宝死体021
12027220	m12_02	12020220	宝死体022
12027230	m12_02	12020230	宝死体023
12027240	m12_02	12020240	宝死体024
12027250	m12_02	12020250	宝死体025
12027260	m12_02	12020260	宝死体026
12027270	m12_02	12020270	宝死体027
12027280	m12_02	12020280	宝死体028
12027290	m12_02	12020290	宝死体029
12027300	m12_02	12020300	宝死体030
12027310	m12_02	12020310	宝死体031
12027320	m12_02	12020320	宝死体032
12027320	m12_02	12020320	宝死体032 祖霊死体遺跡下
12027330	m12_02	12020330	宝死体033
12027340	m12_02	12020340	宝死体034
12027350	m12_02	12020350	宝死体035
12027360	m12_02	12020360	宝死体036
12027370	m12_02	12020370	宝死体037
12027380	m12_02	12020380	宝死体038
12027390	m12_02	12020390	宝死体039
12027400	m12_02	12020400	宝死体040
12027410	m12_02	12020410	宝死体041
12027420	m12_02	12020420	宝死体042
12027430	m12_02	12020430	宝死体043
12027440	m12_02	12020440	宝死体044
12027450	m12_02	12020450	宝死体045
12027450	m12_02	12020450	宝死体045 マリカ遺跡３下の宝
12027460	m12_02	12020460	宝死体046
12027470	m12_02	12020470	宝死体047
12027480	m12_02	12020480	宝死体048
12027490	m12_02	12020490	宝死体048 {2}
12027500	m12_02	12020500	宝死体050
12027510	m12_02	12020510	宝死体051
12027520	m12_02	12020520	宝死体052
12027530	m12_02	12020530	宝死体053
12027540	m12_02	12020540	宝死体054
12027550	m12_02	12020550	宝死体055
12027560	m12_02	12020560	宝死体056
12027570	m12_02	12020570	宝死体057
12027580	m12_02	12020580	宝死体058
12027590	m12_02	12020590	宝死体059
12027600	m12_02	12020600	宝死体060
12027610	m12_02	12020610	宝死体061
12027620	m12_02	12020620	宝死体062
12027630	m12_02	12020630	宝死体063
12027640	m12_02	12020640	宝死体064
12027650	m12_02	12020650	宝死体065
12027660	m12_02	12020660	宝死体066
12027670	m12_02	12020670	宝死体067
12027680	m12_02	12020680	宝死体068
12027690	m12_02	12020690	宝死体069
12027710	m12_02	12020710	宝死体071
12027720	m12_02	12020720	宝死体072
12027730	m12_02	12020730	宝死体073
12027740	m12_02	12020740	宝死体074
12027750	m12_02	12020750	宝死体075
12027760	m12_02	12020760	宝死体076
12027770	m12_02	12020770	宝死体077
12027780	m12_02	12020780	宝死体078
12027790	m12_02	12020790	宝死体079
12027800	m12_02	12020800	宝死体080
12027810	m12_02	12020810	宝死体081
12027820	m12_02	12020820	宝死体082
12027830	m12_02	12020830	宝死体083
12027850	m12_02	12020850	宝死体085
12027860	m12_02	12020860	宝死体086
12027870	m12_02	12020870	宝死体087
12027880	m12_02	12020880	宝死体088
12027880	m12_02	12020880	宝箱 ガーゴイル封鎖地域
12027890	m12_02	12020890	宝死体089
12027900	m12_02	12020900	宝死体090
12027910	m12_02	12020910	宝死体091
12027920	m12_02	12020920	宝死体092
12027930	m12_02	12020930	宝死体093
12027940	m12_02	12020940	宝死体094
12027950	m12_02	12020950	宝死体095
12027950	m12_02	12020950	宝死体095 {2}
12027960	m12_02	12020960	宝死体096
12027960	m12_02	12020960	宝死体096 {2}
12027970	m12_02	12020970	宝死体097
12027970	m12_02	12020970	宝死体097 {2}
12027980	m12_02	12020980	宝死体098
12027980	m12_02	12020980	宝死体098 {2}
12027990	m12_02	12020990	宝死体099
12027990	m12_02	12020990	宝死体099 {2}
12037010	m12_03	12030010	宝死体001
12037020	m12_03	12030020	宝死体002
12037030	m12_03	12030030	宝死体003
12037040	m12_03	12030040	宝死体004
12037050	m12_03	12030050	宝死体005
12037060	m12_03	12030060	宝死体006
12037070	m12_03	12030070	宝死体007
12037080	m12_03	12030080	宝死体008
12037090	m12_03	12030090	宝死体009
12037100	m12_03	12030100	宝死体010
12037110	m12_03	12030110	宝死体011
12037120	m12_03	12030120	宝死体012
12037130	m12_03	12030130	宝死体013
12037140	m12_03	12030140	宝死体014
12037150	m12_03	12030150	宝死体015
12037160	m12_03	12030160	宝死体016
12037170	m12_03	12030170	宝死体017
12037180	m12_03	12030180	宝死体018
12037190	m12_03	12030190	宝死体019
12037200	m12_03	12030200	宝死体020
12037210	m12_03	12030210	宝死体021
12037220	m12_03	12030220	宝死体022
12037230	m12_03	12030230	宝死体023
12037240	m12_03	12030240	宝死体024
12037250	m12_03	12030250	宝死体025
12037260	m12_03	12030260	宝死体026
12037270	m12_03	12030270	宝死体027
12037280	m12_03	12030280	宝死体028
12037290	m12_03	12030290	宝死体029
12037300	m12_03	12030300	宝死体030
12037310	m12_03	12030310	宝死体031
12037320	m12_03	12030320	宝死体032
12037330	m12_03	12030330	宝死体033
12037340	m12_03	12030340	宝死体034
12037350	m12_03	12030350	宝死体035
12037360	m12_03	12030360	宝死体036
12037370	m12_03	12030370	宝死体037
12037380	m12_03	12030380	宝死体038
12037390	m12_03	12030390	宝死体039
12037400	m12_03	12030400	宝死体040 棺桶エリア
12037410	m12_03	12030410	宝死体041 棺桶エリア
12037420	m12_03	12030420	宝死体042 棺桶エリア
12037430	m12_03	12030430	宝死体043 棺桶エリア
12037440	m12_03	12030440	宝死体044 棺桶エリア
12037450	m12_03	12030450	宝死体045 棺桶エリア
12037460	m12_03	12030460	宝死体046 棺桶エリア
12037470	m12_03	12030470	宝死体047 棺桶エリア
12037480	m12_03	12030480	宝死体048
12037490	m12_03	12030490	宝死体049 篝火横の東屋
12037500	m12_03	12030500	宝死体050
12037510	m12_03	12030510	宝死体051
12037520	m12_03	12030520	宝死体052
12037530	m12_03	12030530	宝死体053
12037540	m12_03	12030540	宝死体054
12037550	m12_03	12030550	宝死体055 壷蟻洞窟
12057010	m12_05	12050010	宝死体001 宝死体 祭壇下崖
12057010	m12_05	12050010	聖杯の欠片
12057020	m12_05	12050020	宝死体002
12057030	m12_05	12050030	宝死体003
12057040	m12_05	12050040	宝死体004
12057060	m12_05	12050060	宝死体006
12057070	m12_05	12050070	宝死体007
12057080	m12_05	12050080	宝死体008
12057090	m12_05	12050090	宝死体009
12057100	m12_05	12050100	宝死体010
12057110	m12_05	12050110	宝死体011
12057120	m12_05	12050120	宝死体012
12057130	m12_05	12050130	宝死体013
12057140	m12_05	12050140	宝死体014
12057150	m12_05	12050150	宝死体015
12057160	m12_05	12050160	宝死体016
12057170	m12_05	12050170	宝死体017
12057180	m12_05	12050180	宝死体018
12057190	m12_05	12050190	宝死体019
12057210	m12_05	12050210	宝死体021
12057290	m12_05	12050290	宝死体029
12057300	m12_05	12050300	宝死体030
12057310	m12_05	12050310	宝死体031
12057320	m12_05	12050320	宝死体032
12057330	m12_05	12050330	宝死体033
12057340	m12_05	12050340	宝死体034
12057350	m12_05	12050350	宝死体035
12057360	m12_05	12050360	宝死体036
12057370	m12_05	12050370	宝死体037
12057590	m12_05	12050590	宝死体059
12057600	m12_05	12050600	宝死体060
12057610	m12_05	12050610	宝死体061
12057620	m12_05	12050620	宝死体062
12057630	m12_05	12050630	宝死体063
12057640	m12_05	12050640	宝死体064
12057650	m12_05	12050650	宝死体065
12057670	m12_05	12050670	宝死体067
12057680	m12_05	12050680	宝死体068
12057690	m12_05	12050690	宝死体069
12057700	m12_05	12050700	宝死体070
12057900	m12_05	12050900	宝箱000
12077000	m12_07	12070000	宝死体000
12077010	m12_07	12070010	宝死体001
12077020	m12_07	12070020	宝死体002
12077030	m12_07	12070030	宝死体003
12077040	m12_07	12070040	宝死体004
12077050	m12_07	12070050	宝死体005
12077060	m12_07	12070060	宝死体006
12077070	m12_07	12070070	宝死体007
12077080	m12_07	12070080	宝死体008
12077090	m12_07	12070090	宝死体009
12077100	m12_07	12070100	宝死体010
12077110	m12_07	12070110	宝死体011
12077120	m12_07	12070120	宝死体012
12077130	m12_07	12070130	宝死体013
12077140	m12_07	12070140	宝死体014
12077150	m12_07	12070150	宝死体015
12077160	m12_07	12070160	宝死体016
12077170	m12_07	12070170	宝死体017
12077180	m12_07	12070180	宝死体018
12077300	m12_07	12070300	宝死体030
12077310	m12_07	12070310	宝死体031
12077320	m12_07	12070320	宝死体032
12077330	m12_07	12070330	宝死体033
12077340	m12_07	12070340	宝死体034
12077350	m12_07	12070350	宝死体035
12077360	m12_07	12070360	宝死体036
12077370	m12_07	12070370	宝死体037
12077380	m12_07	12070380	宝死体038
12077390	m12_07	12070390	宝死体039
12077400	m12_07	12070400	宝死体040
12077410	m12_07	12070410	宝死体041
12077420	m12_07	12070420	宝死体042
12077430	m12_07	12070430	宝死体043
12077440	m12_07	12070440	宝死体044
12077450	m12_07	12070450	宝死体045
12077460	m12_07	12070460	宝死体046
12077470	m12_07	12070470	宝死体047
12077480	m12_07	12070480	宝死体048
12077490	m12_07	12070490	宝死体049
12077500	m12_07	12070500	宝死体050
13007000	m13_00	13000000	宝死体000
13007005	m13_00	13000005	【day1追加】 宝0005 下層庭園 祠 アイテム光
13007010	m13_00	13000010	宝死体001
13007015	m13_00	13000015	【day1追加】 宝0015 断面遺跡前半 上層 左回廊終端
13007020	m13_00	13000020	宝死体002
13007025	m13_00	13000025	【day1追加】 宝0025 崩落城壁下層 隠しルート終端
13007030	m13_00	13000030	宝死体003
13007035	m13_00	13000035	【day1追加】 宝0035 神殿 上層奥
13007040	m13_00	13000040	宝死体004
13007050	m13_00	13000050	宝死体005
13007060	m13_00	13000060	宝死体006
13007070	m13_00	13000070	宝死体007
13007080	m13_00	13000080	宝死体008
13007090	m13_00	13000090	宝死体009
13007100	m13_00	13000100	宝死体010
13007110	m13_00	13000110	宝死体011
13007120	m13_00	13000120	宝死体012
13007130	m13_00	13000130	宝死体013
13007140	m13_00	13000140	宝死体014
13007150	m13_00	13000150	宝死体015
13007160	m13_00	13000160	宝死体016
13007170	m13_00	13000170	宝死体017
13007180	m13_00	13000180	宝死体018
13007190	m13_00	13000190	宝死体019
13007200	m13_00	13000200	宝死体020
13007210	m13_00	13000210	宝死体021
13007220	m13_00	13000220	宝死体022
13007230	m13_00	13000230	宝死体023
13007240	m13_00	13000240	宝死体024
13007250	m13_00	13000250	宝死体025
13007260	m13_00	13000260	宝死体026
13007270	m13_00	13000270	宝死体027
13007280	m13_00	13000280	宝死体028
13007290	m13_00	13000290	宝死体029
13007300	m13_00	13000300	宝死体030
13007310	m13_00	13000310	宝死体031
13007320	m13_00	13000320	宝死体032
13007330	m13_00	13000330	宝死体033
13007340	m13_00	13000340	宝死体034
13007350	m13_00	13000350	宝死体035
13007360	m13_00	13000360	宝死体036
13007370	m13_00	13000370	宝死体037
13007380	m13_00	13000380	宝死体038
13007390	m13_00	13000390	宝死体039
13007400	m13_00	13000400	宝死体040
13007410	m13_00	13000410	宝死体041
13007420	m13_00	13000420	宝死体042
13007430	m13_00	13000430	宝死体043
13007440	m13_00	13000440	宝死体044
13007450	m13_00	13000450	宝死体045
13007460	m13_00	13000460	宝死体046
13007470	m13_00	13000470	宝死体047
13007480	m13_00	13000480	宝死体048
13007490	m13_00	13000490	宝死体049
13007500	m13_00	13000500	宝死体050
13007510	m13_00	13000510	宝死体051
13007520	m13_00	13000520	宝死体052
13007530	m13_00	13000530	宝死体053
13007540	m13_00	13000540	宝死体054
13007550	m13_00	13000550	宝死体055
13007560	m13_00	13000560	宝死体056
13007570	m13_00	13000570	宝死体057
13007580	m13_00	13000580	宝死体058
13007590	m13_00	13000590	宝死体059
13007600	m13_00	13000600	宝死体060
13007610	m13_00	13000610	宝死体061
13007620	m13_00	13000620	宝死体062
13007630	m13_00	13000630	宝死体063
13007640	m13_00	13000640	宝死体064
13007660	m13_00	13000660	宝死体066
13007670	m13_00	13000670	宝死体067
13007680	m13_00	13000680	宝死体068
13007690	m13_00	13000690	宝死体069
13007700	m13_00	13000700	宝死体070
13007710	m13_00	13000710	宝死体071
13007720	m13_00	13000720	宝死体072
13007730	m13_00	13000730	宝死体073
13007740	m13_00	13000740	宝死体074
13007750	m13_00	13000750	宝死体075
13007760	m13_00	13000760	宝死体076
13007770	m13_00	13000770	宝死体077
13007780	m13_00	13000780	宝死体078
13007790	m13_00	13000790	宝死体079
13007800	m13_00	13000800	宝死体080
13007810	m13_00	13000810	宝死体081
13007820	m13_00	13000820	宝死体082
13007830	m13_00	13000830	宝死体083
13007850	m13_00	13000850	宝 アイテム光000
13007860	m13_00	13000860	宝 アイテム光001
13007870	m13_00	13000870	宝 アイテム光002
13007880	m13_00	13000880	宝 アイテム光003
13007890	m13_00	13000890	宝 アイテム光004
13007900	m13_00	13000900	宝 アイテム光005
13007900	m13_00	13000900	宝箱000
13007910	m13_00	13000910	宝 アイテム光006
13007910	m13_00	13000910	宝箱001
13007920	m13_00	13000920	宝箱002
13007930	m13_00	13000930	宝箱003
13007940	m13_00	13000940	宝箱004
13007950	m13_00	13000950	宝箱005
13007980	m13_00	13000980	宝 アイテム光007
13007990	m13_00	13000990	宝 アイテム光008
14007000	m14_00	14000000	宝死体000
14007015	m14_00	14000015	宝死体 隠しルート室外追加 輝石蟹から移設
14007020	m14_00	14000020	宝死体002
14007030	m14_00	14000030	宝死体003
14007040	m14_00	14000040	宝死体004
14007070	m14_00	14000070	宝死体007
14007090	m14_00	14000090	宝死体009
14007120	m14_00	14000120	宝死体012
14007150	m14_00	14000150	宝死体015
14007160	m14_00	14000160	宝死体016
14007190	m14_00	14000190	宝死体019
14007200	m14_00	14000200	宝死体020
14007220	m14_00	14000220	宝死体022
14007250	m14_00	14000250	宝死体025
14007280	m14_00	14000280	宝死体028
14007290	m14_00	14000290	宝死体029
14007300	m14_00	14000300	宝死体030
14007320	m14_00	14000320	宝死体032
14007330	m14_00	14000330	宝死体033
14007350	m14_00	14000350	宝死体035
14007360	m14_00	14000360	宝死体036
14007370	m14_00	14000370	宝死体037
14007380	m14_00	14000380	宝死体038
14007390	m14_00	14000390	宝死体039
14007410	m14_00	14000410	宝死体041
14007420	m14_00	14000420	宝死体042
14007430	m14_00	14000430	宝死体043
14007440	m14_00	14000440	宝死体044
14007450	m14_00	14000450	宝死体045
14007460	m14_00	14000460	宝死体046
14007470	m14_00	14000470	宝死体047
14007480	m14_00	14000480	宝死体048
14007490	m14_00	14000490	宝死体049
14007510	m14_00	14000510	宝死体051
14007520	m14_00	14000520	宝死体052
14007530	m14_00	14000530	宝死体053
14007540	m14_00	14000540	宝死体054
14007560	m14_00	14000560	宝死体056
14007600	m14_00	14000600	宝死体060
14007620	m14_00	14000620	宝死体062
14007630	m14_00	14000630	宝死体063
14007660	m14_00	14000660	宝死体066
14007670	m14_00	14000670	宝死体067
14007710	m14_00	14000710	宝死体071
14007720	m14_00	14000720	宝死体072
14007740	m14_00	14000740	宝死体074
14007750	m14_00	14000750	宝死体075
14007760	m14_00	14000760	宝死体076
14007770	m14_00	14000770	宝死体077
14007840	m14_00	14000840	宝 アイテム光 魔術師玉
14007850	m14_00	14000850	宝 アイテム光001
14007860	m14_00	14000860	宝 アイテム光002
14007870	m14_00	14000870	宝 アイテム光003
14007880	m14_00	14000880	宝 アイテム光 隠し部屋上層 →宝箱に変更中
14007890	m14_00	14000890	宝 アイテム光 隠し部屋終端
14007910	m14_00	14000910	宝箱001
14007920	m14_00	14000920	宝箱002
14007930	m14_00	14000930	宝箱003 →宝死体の変更中
14007940	m14_00	14000940	宝箱004
14007970	m14_00	14000970	宝箱007 望楼頂上追加
14007990	m14_00	14000990	宝 アイテム光000 世界樹の実
15007000	m15_00	15000000	宝死体000
15007010	m15_00	15000010	宝死体001
15007020	m15_00	15000020	宝死体002
15007030	m15_00	15000030	宝死体003
15007040	m15_00	15000040	宝死体004
15007050	m15_00	15000050	宝死体005
15007060	m15_00	15000060	宝死体006
15007070	m15_00	15000070	宝死体007
15007080	m15_00	15000080	宝死体008
15007090	m15_00	15000090	宝死体009
15007100	m15_00	15000100	宝死体010
15007110	m15_00	15000110	宝死体011
15007120	m15_00	15000120	宝死体012
15007130	m15_00	15000130	宝死体013
15007140	m15_00	15000140	宝死体014
15007150	m15_00	15000150	宝死体015
15007160	m15_00	15000160	宝死体016
15007170	m15_00	15000170	宝死体017 / アイテム光005
15007180	m15_00	15000180	宝死体018
15007190	m15_00	15000190	宝死体019
15007200	m15_00	15000200	宝死体020
15007210	m15_00	15000210	宝死体021
15007220	m15_00	15000220	宝死体022
15007230	m15_00	15000230	宝死体023
15007240	m15_00	15000240	宝死体024
15007250	m15_00	15000250	宝死体025
15007260	m15_00	15000260	宝死体026
15007270	m15_00	15000270	宝死体027
15007280	m15_00	15000280	宝死体028
15007290	m15_00	15000290	宝死体029
15007300	m15_00	15000300	宝死体030
15007310	m15_00	15000310	宝死体031
15007320	m15_00	15000320	宝死体032
15007330	m15_00	15000330	宝死体033
15007340	m15_00	15000340	宝死体034
15007350	m15_00	15000350	宝死体035 / 宝箱000
15007360	m15_00	15000360	宝死体036
15007370	m15_00	15000370	宝死体037
15007380	m15_00	15000380	宝死体038
15007390	m15_00	15000390	宝死体039
15007400	m15_00	15000400	宝死体040
15007410	m15_00	15000410	宝死体041
15007420	m15_00	15000420	宝死体042
15007430	m15_00	15000430	宝死体043
15007440	m15_00	15000440	宝死体044
15007450	m15_00	15000450	宝死体045
15007460	m15_00	15000460	宝死体046 / 宝箱001
15007470	m15_00	15000470	宝死体047
15007480	m15_00	15000480	宝死体048
15007490	m15_00	15000490	宝死体049
15007500	m15_00	15000500	宝死体050
15007510	m15_00	15000510	宝死体051
15007520	m15_00	15000520	宝死体052
15007530	m15_00	15000530	宝死体053 / アイテム光004
15007540	m15_00	15000540	宝死体054
15007550	m15_00	15000550	宝死体055
15007560	m15_00	15000560	宝死体056 / 宝箱005
15007570	m15_00	15000570	宝死体057
15007580	m15_00	15000580	宝死体058 / 宝箱002
15007590	m15_00	15000590	宝死体059 / 宝箱006
15007600	m15_00	15000600	宝死体060
15007610	m15_00	15000610	宝死体061
15007620	m15_00	15000620	宝死体062
15007630	m15_00	15000630	宝死体063
15007640	m15_00	15000640	宝死体064
15007650	m15_00	15000650	宝死体065
15007660	m15_00	15000660	宝死体066
15007670	m15_00	15000670	宝死体067
15007680	m15_00	15000680	宝死体068
15007690	m15_00	15000690	宝死体069
15007700	m15_00	15000700	宝死体070
15007710	m15_00	15000710	宝死体071
15007720	m15_00	15000720	宝死体072
15007730	m15_00	15000730	宝死体073
15007740	m15_00	15000740	宝死体074
15007750	m15_00	15000750	宝死体075
15007760	m15_00	15000760	宝死体076
15007770	m15_00	15000770	宝死体077
15007780	m15_00	15000780	宝死体078
15007790	m15_00	15000790	宝死体079
15007800	m15_00	15000800	宝死体080 / アイテム光003
15007810	m15_00	15000810	宝死体081
15007820	m15_00	15000820	宝死体082
15007830	m15_00	15000830	宝死体083
15007840	m15_00	15000840	宝死体084
15007850	m15_00	15000850	宝死体085
15007860	m15_00	15000860	宝死体086 / 宝箱007
15007870	m15_00	15000870	宝死体087
15007880	m15_00	15000880	宝死体088
15007890	m15_00	15000890	宝死体089
15007900	m15_00	15000900	宝死体090
15007910	m15_00	15000910	宝死体091
15007920	m15_00	15000920	宝死体092
15007930	m15_00	15000930	宝死体093 / 宝箱004
15007940	m15_00	15000940	宝死体094
15007950	m15_00	15000950	宝死体095
15007960	m15_00	15000960	宝死体096
15007970	m15_00	15000970	宝死体097
15007980	m15_00	15000980	宝死体098 / アイテム光008
15007990	m15_00	15000990	宝死体099
16007000	m16_00	16000000	宝死体000
16007010	m16_00	16000010	宝死体001
16007020	m16_00	16000020	宝死体002
16007020	m16_00	16000020	宝死体002 {2}
16007030	m16_00	16000030	宝死体003
16007040	m16_00	16000040	宝死体004
16007050	m16_00	16000050	宝死体005
16007060	m16_00	16000060	宝死体006
16007070	m16_00	16000070	宝死体007
16007080	m16_00	16000080	宝死体008
16007100	m16_00	16000100	宝死体010
16007120	m16_00	16000120	宝死体012
16007130	m16_00	16000130	宝死体013
16007140	m16_00	16000140	宝死体014
16007150	m16_00	16000150	宝死体015
16007160	m16_00	16000160	宝死体016
16007170	m16_00	16000170	宝死体017
16007190	m16_00	16000190	宝死体019
16007200	m16_00	16000200	宝死体020
16007210	m16_00	16000210	宝死体021
16007220	m16_00	16000220	宝死体022
16007230	m16_00	16000230	宝死体023
16007240	m16_00	16000240	宝死体024
16007250	m16_00	16000250	宝死体025
16007270	m16_00	16000270	宝死体027
16007280	m16_00	16000280	宝死体028
16007290	m16_00	16000290	宝死体029
16007310	m16_00	16000310	宝死体031
16007320	m16_00	16000320	宝死体032
16007330	m16_00	16000330	宝死体033
16007350	m16_00	16000350	宝死体035
16007360	m16_00	16000360	宝死体036
16007380	m16_00	16000380	宝死体038
16007390	m16_00	16000390	宝死体039
16007400	m16_00	16000400	宝死体040
16007410	m16_00	16000410	宝死体041
16007420	m16_00	16000420	宝死体042
16007430	m16_00	16000430	宝死体043
16007440	m16_00	16000440	宝死体044
16007480	m16_00	16000480	宝死体048
16007490	m16_00	16000490	宝死体049
16007500	m16_00	16000500	宝死体050
16007510	m16_00	16000510	宝死体051
16007520	m16_00	16000520	宝死体052
16007530	m16_00	16000530	宝死体053
16007540	m16_00	16000540	宝死体054
16007550	m16_00	16000550	宝死体055
16007560	m16_00	16000560	宝死体056
16007610	m16_00	16000610	宝死体061 【day1追加】
16007620	m16_00	16000620	宝死体062 【day1追加】
16007700	m16_00	16000700	椅子宝死体00
16007710	m16_00	16000710	アイテム光01
16007730	m16_00	16000730	アイテム光02
20007000	m20_00	20000000	宝死体000
20007010	m20_00	20000010	宝死体001
20007020	m20_00	20000020	宝死体002
20007030	m20_00	20000030	宝死体003
20007040	m20_00	20000040	宝死体004
20007050	m20_00	20000050	宝死体005
20007060	m20_00	20000060	宝死体006
20007070	m20_00	20000070	宝死体007
20007080	m20_00	20000080	宝死体008
20007090	m20_00	20000090	宝死体009
20007100	m20_00	20000100	宝死体010
20007110	m20_00	20000110	宝死体011
20007120	m20_00	20000120	宝死体012
20007130	m20_00	20000130	宝死体013
20007140	m20_00	20000140	宝死体014
20007150	m20_00	20000150	宝死体015
20007160	m20_00	20000160	宝死体016
20007170	m20_00	20000170	宝死体017
20007180	m20_00	20000180	宝死体018
20007190	m20_00	20000190	宝死体019
20007200	m20_00	20000200	宝死体020
20007210	m20_00	20000210	宝死体021
20007220	m20_00	20000220	宝死体022
20007230	m20_00	20000230	宝死体023
20007240	m20_00	20000240	宝死体024
20007250	m20_00	20000250	宝死体025
20007260	m20_00	20000260	宝死体026
20007270	m20_00	20000270	宝死体027
20007280	m20_00	20000280	宝死体028
20007290	m20_00	20000290	宝死体029
20007300	m20_00	20000300	宝死体030
20007310	m20_00	20000310	宝死体031
20007320	m20_00	20000320	宝死体032
20007330	m20_00	20000330	宝死体033
20007340	m20_00	20000340	宝死体034
20007350	m20_00	20000350	宝死体035
20007360	m20_00	20000360	宝死体036
20007370	m20_00	20000370	宝死体037
20007380	m20_00	20000380	宝死体038
20007390	m20_00	20000390	宝死体039
20007400	m20_00	20000400	宝死体040
20007410	m20_00	20000410	宝死体041
20007420	m20_00	20000420	宝死体042
20007430	m20_00	20000430	宝死体043
20007440	m20_00	20000440	宝死体044
20007450	m20_00	20000450	宝死体045
20007460	m20_00	20000460	宝死体046
20007470	m20_00	20000470	宝死体047
20007480	m20_00	20000480	宝死体048
20007490	m20_00	20000490	宝死体049
20007500	m20_00	20000500	宝死体050
20007510	m20_00	20000510	宝死体051
20007520	m20_00	20000520	宝死体052
20007530	m20_00	20000530	宝死体053
20007540	m20_00	20000540	宝死体054
20007550	m20_00	20000550	宝死体055
20007560	m20_00	20000560	宝死体056
20007570	m20_00	20000570	宝死体057
20007580	m20_00	20000580	宝死体058
20007590	m20_00	20000590	宝死体059
20007600	m20_00	20000600	宝死体060
20007610	m20_00	20000610	宝死体061
20007620	m20_00	20000620	宝死体062
20007630	m20_00	20000630	宝死体063
20007640	m20_00	20000640	宝死体064
20007650	m20_00	20000650	宝死体065
20007660	m20_00	20000660	宝死体066
20007670	m20_00	20000670	宝死体067
20007680	m20_00	20000680	宝死体068
20007690	m20_00	20000690	宝死体069
20007700	m20_00	20000700	宝死体070
20007710	m20_00	20000710	宝死体071
20007730	m20_00	20000730	宝死体073
20007740	m20_00	20000740	宝死体074
20007750	m20_00	20000750	宝死体075
20007760	m20_00	20000760	宝死体076
20007770	m20_00	20000770	宝死体077
20007780	m20_00	20000780	宝死体078
20007790	m20_00	20000790	宝死体079
20007800	m20_00	20000800	宝死体080
20007810	m20_00	20000810	宝死体081
20007820	m20_00	20000820	宝死体082
20007830	m20_00	20000830	宝死体083
20017000	m20_01	20010000	宝死体000
20017010	m20_01	20010010	宝死体001
20017020	m20_01	20010020	宝死体002
20017030	m20_01	20010030	宝死体003
20017040	m20_01	20010040	宝死体004
20017050	m20_01	20010050	宝死体005
20017060	m20_01	20010060	宝死体006
20017070	m20_01	20010070	宝死体007
20017080	m20_01	20010080	宝死体008
20017090	m20_01	20010090	宝死体009
20017100	m20_01	20010100	宝死体010
20017110	m20_01	20010110	宝死体011
20017120	m20_01	20010120	宝死体012
20017130	m20_01	20010130	宝死体013
20017140	m20_01	20010140	宝死体014
20017150	m20_01	20010150	宝死体015
20017160	m20_01	20010160	宝死体016
20017170	m20_01	20010170	宝死体017
20017180	m20_01	20010180	宝死体018
20017190	m20_01	20010190	宝死体019
20017200	m20_01	20010200	宝死体020
20017210	m20_01	20010210	宝死体021
20017220	m20_01	20010220	宝死体022
20017230	m20_01	20010230	宝死体023
20017240	m20_01	20010240	宝死体024
20017250	m20_01	20010250	宝死体025
20017260	m20_01	20010260	宝死体026
20017270	m20_01	20010270	宝死体027
20017280	m20_01	20010280	宝死体028
20017290	m20_01	20010290	宝死体029
20017300	m20_01	20010300	宝死体030
20017310	m20_01	20010310	宝死体031
20017320	m20_01	20010320	宝死体032
20017330	m20_01	20010330	宝死体033
20017340	m20_01	20010340	宝死体034
20017350	m20_01	20010350	宝死体035
20017360	m20_01	20010360	宝死体036
20017370	m20_01	20010370	宝死体037
20017380	m20_01	20010380	宝死体038
20017390	m20_01	20010390	宝死体039
20017400	m20_01	20010400	宝死体040
20017410	m20_01	20010410	宝死体041
20017420	m20_01	20010420	宝死体042
20017430	m20_01	20010430	宝死体043
20017440	m20_01	20010440	宝死体044
20017450	m20_01	20010450	宝死体045
20017460	m20_01	20010460	宝死体046
20017470	m20_01	20010470	宝死体047
20017480	m20_01	20010480	宝死体048
20017490	m20_01	20010490	宝死体049
20017500	m20_01	20010500	宝死体050
20017510	m20_01	20010510	宝死体051
20017520	m20_01	20010520	宝死体052
20017530	m20_01	20010530	宝死体053
20017540	m20_01	20010540	宝死体054
20017550	m20_01	20010550	宝死体055
20017560	m20_01	20010560	宝死体056
20017570	m20_01	20010570	宝死体057
20017580	m20_01	20010580	宝死体058
20017590	m20_01	20010590	宝死体059
20017600	m20_01	20010600	宝死体060
20017610	m20_01	20010610	宝死体061
20017620	m20_01	20010620	宝死体062
20017630	m20_01	20010630	宝死体063
20017640	m20_01	20010640	宝死体064
20017650	m20_01	20010650	宝死体065
20017660	m20_01	20010660	宝死体066
28007000	m28_00	28000000	宝死体000
28007010	m28_00	28000010	宝死体001
28007020	m28_00	28000020	宝死体002
28007030	m28_00	28000030	宝死体003
28007040	m28_00	28000040	宝死体004
28007050	m28_00	28000050	宝死体005
30007010	m30_00	30000010	宝死体 火炎通路上
30007020	m30_00	30000020	宝死体 火吹き像↑
30007040	m30_00	30000040	宝死体 火吹き像突き当り部屋
30037000	m30_03	30030000	宝死体001
30037010	m30_03	30030010	宝箱000
30037020	m30_03	30030020	宝死体002
30037030	m30_03	30030030	宝死体003
30037040	m30_03	30030040	宝死体003 {2}
30057000	m30_05	30050000	宝死体000 宝物庫
30057010	m30_05	30050010	宝死体001 下層
30057030	m30_05	30050030	宝箱001
30057040	m30_05	30050040	宝死体002 ギロチン
30137020	m30_13	30130020	宝死体 C層大部屋上
30137030	m30_13	30130030	宝死体 D層行き止まり
30137040	m30_13	30130040	宝死体 C層偽帰り道
31007000	m31_00	31000000	宝箱000
31007010	m31_00	31000010	宝箱001
31007030	m31_00	31000030	宝箱003
31017000	m31_01	31010000	宝死体000
31017010	m31_01	31010010	宝死体001
31017020	m31_01	31010020	宝死体002
31017030	m31_01	31010030	宝死体003
31017040	m31_01	31010040	宝死体004
31017060	m31_01	31010100	宝箱010
31047000	m31_04	31040000	宝死体000
31047010	m31_04	31040010	宝死体001
31047020	m31_04	31040020	宝死体002
31047030	m31_04	31040030	宝死体003
31047040	m31_04	31040040	宝死体004
31047050	m31_04	31040050	宝死体005
31047060	m31_04	31040060	宝死体006
31057000	m31_05	31050000	宝死体000
31057010	m31_05	31050010	宝死体001
31057020	m31_05	31050020	宝死体002
31057030	m31_05	31050030	宝死体003
31057040	m31_05	31050040	宝死体004
31057050	m31_05	31050050	宝死体005
31057060	m31_05	31050060	宝死体006
31057070	m31_05	31050070	宝箱002
31057100	m31_05	31050100	宝箱000
31157010	m31_15	31150010	宝死体000 洞窟１－５
31157020	m31_15	31150020	宝死体001 洞窟１－５
31177010	m31_17	31170010	宝死体001
31177020	m31_17	31170020	宝死体002
31177030	m31_17	31170030	宝死体004
31177040	m31_17	31170040	宝死体003
31177050	m31_17	31170050	宝死体005
31177060	m31_17	31170060	宝死体006
31177070	m31_17	31170070	宝死体007
31177080	m31_17	31170080	宝死体008
31187020	m31_18	31180020	宝箱002
31187030	m31_18	31180030	宝死体003
31187040	m31_18	31180040	宝死体004
31187050	m31_18	31180050	宝死体005
31187060	m31_18	31180060	宝死体006
31187070	m31_18	31180070	宝死体007
31187080	m31_18	31180080	宝死体008
31197000	m31_19	31190000	宝箱000
31197010	m31_19	31190010	宝箱001
31197030	m31_19	31190030	宝箱003
31197040	m31_19	31190040	宝箱004
31197050	m31_19	31190050	宝箱005
31197060	m31_19	31190060	宝箱006
31197080	m31_19	31190080	宝箱008
31197090	m31_19	31190090	宝箱009
31197100	m31_19	31190100	宝箱010
31197110	m31_19	31190110	宝箱011
31197120	m31_19	31190120	宝箱012
31197130	m31_19	31190130	宝箱013
31197200	m31_19	31190200	宝死体020
31197210	m31_19	31190210	宝死体021
31207000	m31_20	31200000	宝死体000
31207010	m31_20	31200010	宝死体001
31207020	m31_20	31200020	宝死体002
31207030	m31_20	31200030	宝死体003
31217000	m31_21	31210000	宝死体000
31217030	m31_21	31210030	宝死体003
31217040	m31_21	31210040	宝死体004
31217070	m31_21	31210070	宝死体007
31217080	m31_21	31210080	宝死体008
31217090	m31_21	31210090	宝死体009
31217100	m31_21	31210100	宝死体010
31217110	m31_21	31210110	宝死体011
31217120	m31_21	31210120	宝死体012
31217140	m31_21	31210140	宝死体014
31217150	m31_21	31210150	宝死体015
31217160	m31_21	31210160	宝死体016
31217190	m31_21	31210190	宝死体019
31217200	m31_21	31210200	宝箱020
31217210	m31_21	31210210	宝死体021
31217350	m31_21	31210350	OBJ用宝箱情報 アイテム光035：オープン接続部
31217400	m31_21	31210400	貴人宝箱040
31227000	m31_22	31220000	宝死体000
31227010	m31_22	31220010	宝死体001
31227020	m31_22	31220020	宝死体002
31227030	m31_22	31220030	宝死体003
31227040	m31_22	31220040	宝死体004
31227050	m31_22	31220050	宝死体005
31227060	m31_22	31220060	宝死体006
31227070	m31_22	31220070	宝死体007
31227080	m31_22	31220080	宝死体008
32007000	m32_00	32000000	宝死体000
32007010	m32_00	32000010	宝死体001
32007020	m32_00	32000020	宝死体002
32007030	m32_00	32000030	宝死体003
32007060	m32_00	32000060	宝死体006
32007070	m32_00	32000070	宝死体007
32007900	m32_00	32000900	宝箱000 イベントアイテム
32017000	m32_01	32010000	宝死体000
32017010	m32_01	32010010	宝死体001
32017020	m32_01	32010020	宝死体002
32017030	m32_01	32010030	宝死体003
32017040	m32_01	32010040	宝死体004
32027000	m32_02	32020000	宝死体000 ※貴人宝箱に変更
32027010	m32_02	32020010	宝死体001
32027020	m32_02	32020020	宝死体002
32027030	m32_02	32020030	宝死体003
32027040	m32_02	32020040	宝死体004
32027060	m32_02	32020060	宝死体006
32027070	m32_02	32020070	宝死体007
32027900	m32_02	32020900	宝箱000
32047000	m32_04	32040000	宝死体000
32047010	m32_04	32040010	宝死体001
32047020	m32_04	32040020	宝死体002
32047030	m32_04	32040030	宝死体003
32047040	m32_04	32040040	宝死体004 サブ小屋 【day1追加】
32047050	m32_04	32040050	宝死体005 下層屋内【day1追加】
32057000	m32_05	32050000	宝死体000
32057010	m32_05	32050010	宝死体001
32057020	m32_05	32050020	宝死体002
32057030	m32_05	32050030	宝死体003
32057040	m32_05	32050040	宝死体004
32057900	m32_05	32050900	【ダミー化中】宝箱000
32057910	m32_05	32050910	宝箱001 ※貴人宝箱
32077000	m32_07	32070000	宝死体000
32077000	m32_07	32070000	宝死体000 {2}
32077010	m32_07	32070010	宝死体001
32077010	m32_07	32070010	宝死体001 {2}
32077020	m32_07	32070020	宝死体002
32077030	m32_07	32070030	宝死体003
32077060	m32_07	32070060	宝死体006
32077070	m32_07	32070070	宝死体007
32087000	m32_08	32080000	宝死体000
32087020	m32_08	32080020	宝死体002
32087030	m32_08	32080030	宝死体003
32087050	m32_08	32080050	宝死体005
32087060	m32_08	32080060	宝死体006
32087070	m32_08	32080070	宝死体007
32087100	m32_08	32080100	宝死体010
32087110	m32_08	32080110	宝死体011
32087120	m32_08	32080120	宝死体012
32087900	m32_08	32080900	宝箱000
32087910	m32_08	32080910	宝箱001
32117000	m32_11	32110000	宝死体000
32117020	m32_11	32110020	宝死体002
32117030	m32_11	32110030	宝死体003
32117040	m32_11	32110040	宝死体004
32117060	m32_11	32110060	宝死体006
32117080	m32_11	32110080	宝死体008
34107000	m34_10	34100000	宝死体000
34107010	m34_10	34100010	宝死体001
34107070	m34_10	34100070	宝死体007
34107080	m34_10	34100080	宝死体008
34107090	m34_10	34100090	宝死体009
34107100	m34_10	34100100	宝死体010 入口の門脇【day1追加】
34107110	m34_10	34100110	宝死体011 断面【day1追加】
34117010	m34_11	34110010	宝死体001
34117060	m34_11	34110060	宝死体006
34117080	m34_11	34110080	宝死体008
34117100	m34_11	34110100	宝死体010
34117110	m34_11	34110110	宝死体011
34117120	m34_11	34110120	宝死体012
34117200	m34_11	34110200	宝 アイテム光000
34117500	m34_11	34110500	宝 アイテム光001 イベントアイテム ラニの聖痕
34127010	m34_12	34120010	宝死体001
34127020	m34_12	34120020	宝死体002
34127030	m34_12	34120030	宝死体003
34127040	m34_12	34120040	宝死体004
34127050	m34_12	34120050	宝死体005
34127060	m34_12	34120060	宝死体006
34127070	m34_12	34120070	宝死体007
34127080	m34_12	34120080	宝死体008
34127090	m34_12	34120090	宝死体009
34127100	m34_12	34120100	宝死体010
34127110	m34_12	34120110	宝死体011
34127120	m34_12	34120120	宝死体012
34127130	m34_12	34120130	宝死体013 巨大敵破壊アセット宝
34127140	m34_12	34120140	宝死体014
34127150	m34_12	34120150	宝死体015
34127160	m34_12	34120160	宝死体016
34127900	m34_12	34120900	宝箱000
34137000	m34_13	34130000	宝死体000
34137010	m34_13	34130010	宝死体001
34137020	m34_13	34130020	宝死体002
34137900	m34_13	34130900	宝箱000
34147000	m34_14	34140000	宝死体000
34147010	m34_14	34140010	宝死体001神の塔 書室の前
34147020	m34_14	34140020	宝死体002
34147800	m34_14	34140800	アイテム光000
34147810	m34_14	34140810	アイテム光001
35007000	m35_00	35000000	宝死体000
35007000	m35_00	35000000	宝死体002
35007030	m35_00	35000030	宝死体003
35007040	m35_00	35000040	OBJ用宝箱情報 アイテム光04：忌み子積み荷① メイン通り
35007040	m35_00	35000040	宝死体004
35007050	m35_00	35000050	OBJ用宝箱情報 アイテム光05：忌み子積み荷② メイン通り
35007060	m35_00	35000060	宝死体テント下①
35007080	m35_00	35000080	宝死体008
35007090	m35_00	35000090	宝死体009
35007110	m35_00	35000110	宝死体 偽ボス部屋
35007120	m35_00	35000120	宝死体012
35007130	m35_00	35000130	宝死体013
35007150	m35_00	35000150	宝死体015
35007160	m35_00	35000160	宝死体016
35007170	m35_00	35000170	宝死体017
35007180	m35_00	35000180	宝死体018
35007190	m35_00	35000190	宝死体019
35007200	m35_00	35000200	宝死体020
35007210	m35_00	35000210	宝死体021
35007220	m35_00	35000220	OBJ用宝箱情報 アイテム光22：ショートカット部屋
35007240	m35_00	35000240	宝死体024
35007250	m35_00	35000250	宝死体025
35007260	m35_00	35000260	宝死体026
35007270	m35_00	35000270	宝死体027
35007280	m35_00	35000280	宝死体028
35007300	m35_00	35000300	宝死体030
35007310	m35_00	35000310	アイテム光イベント
35007310	m35_00	35000310	宝死体031
35007320	m35_00	35000320	宝死体032
35007330	m35_00	35000330	宝死体033
35007340	m35_00	35000340	OBJ用宝箱情報 アイテム光34：死体だまり
35007350	m35_00	35000350	宝死体035
35007370	m35_00	35000370	宝死体037
35007380	m35_00	35000380	宝死体038
35007390	m35_00	35000390	宝死体039
35007400	m35_00	35000400	宝死体040
35007410	m35_00	35000410	宝死体041
35007420	m35_00	35000420	宝死体042
35007430	m35_00	35000430	宝死体043
35007450	m35_00	35000450	宝死体045
35007460	m35_00	35000460	宝死体046
35007470	m35_00	35000470	宝死体047
35007480	m35_00	35000480	宝死体048
35007500	m35_00	35000500	宝死体050
35007510	m35_00	35000510	宝死体051
35007530	m35_00	35000530	宝死体053
35007540	m35_00	35000540	宝死体054
35007550	m35_00	35000550	宝死体055
35007560	m35_00	35000560	宝死体056
35007570	m35_00	35000570	宝死体057
35007590	m35_00	35000590	宝死体059
35007600	m35_00	35000600	宝死体060
35007630	m35_00	35000630	宝死体063
35007650	m35_00	35000650	宝死体065
35007660	m35_00	35000660	宝死体066
35007670	m35_00	35000670	宝死体067
35007680	m35_00	35000680	宝死体068
35007700	m35_00	35000700	宝箱　グレーターデーモン幻影終端報酬
35007710	m35_00	35000710	宝死体096
35007720	m35_00	35000720	アイテム光 狂いの火の受領ゾーン
35007730	m35_00	35000730	宝死体097
35007740	m35_00	35000740	宝死体099
35007770	m35_00	35000770	宝箱077
35007780	m35_00	35000780	宝箱078
35007900	m35_00	35000900	宝死体 三周目祭壇
35007910	m35_00	35000910	宝死体 地下墓地レアC
35007930	m35_00	35000930	宝死体 宝死体 レバー横
35007940	m35_00	35000940	アイテム光 祭壇部屋
35007950	m35_00	35000950	宝死体 地下墓地壁裏
42037100	m42_03	42030100	宝死体000
42037110	m42_03	42030110	宝死体001
42037120	m42_03	42030120	宝死体002
42037130	m42_03	42030130	宝死体003
42037140	m42_03	42030140	宝死体004
42037150	m42_03	42030150	宝死体005
42037160	m42_03	42030160	宝死体006
42037170	m42_03	42030170	宝死体007
42037180	m42_03	42030180	宝死体008
1033407100	m60_33_40	1033400100	宝箱000：魔術師の塔
1033417000	m60_33_41	1033410000	宝箱000 祠
1033417010	m60_33_41	1033410010	宝箱001 祠
1033417020	m60_33_41	1033410020	宝箱002 祠
1034427000	m60_34_42	1034420000	宝死体000 遺跡2-4
1034427010	m60_34_42	1034420010	宝死体001 遺跡2-4
1034427020	m60_34_42	1034420020	宝死体002
1034427030	m60_34_42	1034420030	宝死体003
1034427040	m60_34_42	1034420040	宝死体004 遺跡2-4
1034427050	m60_34_42	1034420050	宝死体005
1034427060	m60_34_42	1034420060	宝死体006
1034427100	m60_34_42	1034420100	宝箱000 遺跡2-4
1034437000	m60_34_43	1034430000	宝死体000：魔術師の塔
1034437300	m60_34_43	1034430300	アイテム光000：魔術師の塔
1034447000	m60_34_44	1034440000	アイテム光000：水没遺跡 ウルフライダーの死体
1034447010	m60_34_44	1034440010	アイテム光001：湖の像
1034447900	m60_34_44	1034440900	宝死体000
1034457010	m60_34_45	1034450010	宝死体001：ワイバーンの巣
1034457020	m60_34_45	1034450020	宝死体002：ワイバーンの巣
1034457100	m60_34_45	1034450100	アイテム光000：ワイバーンの巣
1034467100	m60_34_46	1034460100	アイテム光000：湖の像 蛇後ろ
1034477000	m60_34_47	1034470000	宝死体000：鐘楼群下
1034477110	m60_34_47	1034471010	棺_宝死体001：鐘楼群下
1034477120	m60_34_47	1034471020	棺_宝死体002：鐘楼群下
1034477130	m60_34_47	1034471030	棺_宝死体003：鐘楼群下
1034477140	m60_34_47	1034471040	棺_宝死体004：鐘楼群下
1034477150	m60_34_47	1034471050	棺_宝死体005：鐘楼群下
1034477160	m60_34_47	1034471060	棺_宝死体006：鐘楼群下
1034477170	m60_34_47	1034471070	棺_宝死体007：鐘楼群下
1034477180	m60_34_47	1034471080	棺_宝死体008：鐘楼群下
1034477190	m60_34_47	1034471090	棺_宝死体009：鐘楼群下
1034477200	m60_34_47	1034471100	棺_宝死体010：鐘楼群下
1034477210	m60_34_47	1034471110	棺_宝死体011：鐘楼群下
1034477220	m60_34_47	1034471120	棺_宝死体012：鐘楼群下
1034477500	m60_34_47	1034471500	棺_宝死体000：鐘楼群下
1034487000	m60_34_48	1034480000	宝死体000：遺跡2-2
1034487010	m60_34_48	1034480010	宝死体001：遺跡2-2
1034487100	m60_34_48	1034480100	宝箱000：遺跡地下室
1034497010	m60_34_49	934490010	(敵レビュー用)宝死体
1034507010	m60_34_50	1034500010	棺_宝死体001：砦分かれ道
1034507020	m60_34_50	1034500020	棺_宝死体002：砦分かれ道
1034507030	m60_34_50	1034500030	棺_宝死体003：砦分かれ道
1034507040	m60_34_50	1034500040	棺_宝死体004：砦分かれ道
1034507050	m60_34_50	1034500050	棺_宝死体005：砦分かれ道
1034507060	m60_34_50	1034500060	棺_宝死体006：砦分かれ道
1034507070	m60_34_50	1034500070	棺_宝死体007：砦分かれ道
1034507080	m60_34_50	1034500080	棺_宝死体008：砦分かれ道
1034507090	m60_34_50	1034500090	宝死体009
1034517900	m60_34_51	1034510900	宝箱000
1035417000	m60_35_41	1035410000	宝死体000 遺跡2-5
1035417010	m60_35_41	1035410010	宝死体001 遺跡2-5
1035417100	m60_35_41	1035410100	宝箱000 遺跡2-5
1035417110	m60_35_41	1035410110	宝箱001  遺跡2-6
1035437010	m60_35_43	1035430010	宝死体001：岩陰 椅子死体
1035447000	m60_35_44	1035440000	宝死体000：水没遺跡ガンメン前
1035447010	m60_35_44	1035440010	棺_宝死体001：水没都市付近
1035447020	m60_35_44	1035440020	棺_宝死体002：水没都市付近
1035447030	m60_35_44	1035440030	棺_宝死体003：水没都市付近
1035447040	m60_35_44	1035440040	棺_宝死体004：水没都市付近
1035447050	m60_35_44	1035440050	棺_宝死体005：水没都市付近
1035447060	m60_35_44	1035440060	棺_宝死体006：水没都市付近
1035447070	m60_35_44	1035440070	棺_宝死体007：水没都市付近
1035447080	m60_35_44	1035440080	棺_宝死体008：水没都市付近
1035447090	m60_35_44	1035440090	棺_宝死体009：水没都市付近
1035447100	m60_35_44	1035440100	棺_宝死体010：水没都市付近
1035447110	m60_35_44	1035440110	アイテム光001：ルーン花地帯祠
1035447120	m60_35_44	1035440120	宝死体012
1035477010	m60_35_47	1035470010	アイテム光000：フォーリ建物
1035487010	m60_35_48	1035480010	宝死体001：下り遺跡_1
1035487020	m60_35_48	1035480020	宝死体002：下り遺跡_2
1035487030	m60_35_48	1035480030	宝死体003：遺跡横浜辺
1035527010	m60_35_52	1035520010	アイテム光 棺地帯
1035527020	m60_35_52	1035520020	アイテム光 棺地帯 {2}
1035527030	m60_35_52	1035520030	アイテム光 棺地帯 {3}
1035527040	m60_35_52	1035520040	アイテム光 棺地帯 {4}
1035537000	m60_35_53	1035530000	宝死体 信徒の集まる焚火
1035537010	m60_35_53	1035530010	宝死体　マグマ地帯１
1035537030	m60_35_53	1035530030	宝死体　マグマ地帯２
1035537040	m60_35_53	1035530040	宝死体　マグマ地帯３
1035537050	m60_35_53	1035530050	宝死体　マグマ地帯４
1035547000	m60_35_54	1035540000	宝死体 罠崖
1035547010	m60_35_54	1035540010	宝死体 ユビムシの森海側
1035547020	m60_35_54	1035540020	宝死体　墓地木下
1035547050	m60_35_54	1035540050	アイテム光 海辺塔隠し足場
1035547060	m60_35_54	1035540060	アイテム光 海辺塔頂上兵士死体1
1035547070	m60_35_54	1035540070	アイテム光 海辺塔頂上兵士死体2
1036417000	m60_36_41	1036410000	宝死体000：火の僧兵野営地
1036417010	m60_36_41	1036410010	宝死体001：火の僧兵野営地_テント内
1036417020	m60_36_41	1036410020	宝死体002：洞窟後
1036487000	m60_36_48	1036480000	宝死体000：街道
1036527000	m60_36_52	1036520000	宝 彫像型宝箱
1036527010	m60_36_52	1036520010	宝死体001 調香遺跡宝箱
1036527020	m60_36_52	1036520020	宝死体002 調香遺跡 右入り口
1036527030	m60_36_52	1036520030	宝死体003 調香遺跡 ルーンを喰う花奥
1036527040	m60_36_52	1036520040	宝死体 三つ家地帯一番上
1036527050	m60_36_52	1036520050	宝死体 隠者のボロ家
1036527060	m60_36_52	1036520060	AEG099_620 宝死体 職人のボロ家
1036537000	m60_36_53	1036530000	宝死体 間欠泉川おわり
1036547000	m60_36_54	1036540000	宝死体 火山牢前崖上
1036547010	m60_36_54	1036540010	宝死体 森側崖下
1036547020	m60_36_54	1036540020	宝死体　人形兵の潜む崖下
1036547030	m60_36_54	1036540030	宝死体 磔地帯１
1036547040	m60_36_54	1036540040	アイテム光 頂上広場星見台
1036547050	m60_36_54	1036540050	宝死体 間欠泉ゾーン
1036547400	m60_36_54	1036540400	アイテム光 エストのかけら
1037417010	m60_37_41	1037410010	宝死体001：崩れた馬車前
1037447000	m60_37_44	1037440000	宝死体000
1037447010	m60_37_44	1037440010	宝死体001
1037467000	m60_37_46	1037460000	宝箱000：教会
1037467010	m60_37_46	1037460010	宝死体001
1037477000	m60_37_47	1037470000	宝死体000：終端墓地
1037477010	m60_37_47	1037470010	宝死体_椅子002：迷路地帯森
1037477020	m60_37_47	1037470020	宝死体002
1037477030	m60_37_47	1037470030	宝死体003
1037487000	m60_37_48	1037480000	宝死体000：崖上
1037487010	m60_37_48	1037480010	棺_宝死体001：混沌村奥
1037487020	m60_37_48	1037480020	棺_宝死体002：混沌村奥
1037487030	m60_37_48	1037480030	棺_宝死体003：混沌村奥
1037487040	m60_37_48	1037480040	棺_宝死体004：混沌村奥
1037487050	m60_37_48	1037480050	棺_宝死体005：混沌村奥
1037487060	m60_37_48	1037480060	棺_宝死体006：混沌村奥
1037487070	m60_37_48	1037480070	棺_宝死体007：混沌村奥
1037487080	m60_37_48	1037480080	棺_宝死体008：混沌村奥
1037497000	m60_37_49	1037490000	宝死体000：野営地
1037497010	m60_37_49	1037490010	宝死体001
1037497020	m60_37_49	1037490020	宝死体002：街道脇 椅子死体
1037497030	m60_37_49	1037490030	アイテム光002
1037497100	m60_37_49	1037490100	アイテム光000：教会2-6
1037497200	m60_37_49	1037490200	宝箱000：王軍野営地
1037507000	m60_37_50	1037500000	宝死体000
1037507100	m60_37_50	1037500100	アイテム光000：世界樹の実 断崖坑道前
1037517000	m60_37_51	1037510000	宝死体000 馬車の隙間
1037517010	m60_37_51	1037510010	宝死体001 右手の馬車上
1037517020	m60_37_51	1037510020	宝死体002 リトライポイント付近
1037527020	m60_37_52	1037520020	宝死体002　岩上
1037527030	m60_37_52	1037520030	宝死体003　木の陰
1037527040	m60_37_52	1037520040	宝死体004　屋根上
1037527050	m60_37_52	1037520050	宝死体005　村中
1037527060	m60_37_52	1037520060	宝死体006 大湖の奥
1037527070	m60_37_52	1037520070	宝死体 村中の家　副葬の声_母の声アイテム
1037527080	m60_37_52	1037520080	アイテム光 亜人村裏の星見台
1037527090	m60_37_52	1037520090	宝死体007 亜人村家裏
1037527100	m60_37_52	1037520100	宝死体 亜人村家内部
1037537000	m60_37_53	1037530000	宝死体　ルーンウルフ前
1037537010	m60_37_53	1037530010	宝死体 岩橋
1037537020	m60_37_53	1037530020	宝死体 第一間欠泉ゾーン終わり
1037537400	m60_37_53	1037530400	アイテム光 エストのかけら
1037547000	m60_37_54	1037540000	宝死体 壊れた橋のうえ
1037547010	m60_37_54	1037540010	宝死体 壊れた橋のした
1037547020	m60_37_54	1037540020	宝死体 接ぎ木野営地
1037547030	m60_37_54	1037540030	宝死体 川亡者地帯
1037547040	m60_37_54	1037540040	宝死体 罹患野営地
1037547050	m60_37_54	1037540050	アイテム光 世界樹裏
1037547060	m60_37_54	1037540060	宝死体 バジリスクの巣手前①
1037547070	m60_37_54	1037540070	宝死体 バジリスクの巣
1037547080	m60_37_54	1037540080	宝死体 バジリスクの巣手前②
1037547090	m60_37_54	1037540090	宝死体 バジリスクの巣手前③
1037547100	m60_37_54	1037540100	宝死体 共食い野営地最奥
1037547110	m60_37_54	1037540110	宝死体 段々崖2段め
1037547120	m60_37_54	1037540120	アイテム光 大樹3-3周辺死体その１
1037547130	m60_37_54	1037540130	アイテム光 大樹3-3周辺死体その２
1037547140	m60_37_54	1037540140	アイテム光 大樹3-3周辺死体その３
1037547150	m60_37_54	1037540150	宝死体 接ぎ木野営地その2
1037557000	m60_37_55	1037550000	宝死体 亜人洞窟前
1038397000	m60_38_39	1038390000	宝死体000 墓場外れ
1038407000	m60_38_40	1038400000	宝死体000 野営地
1038417010	m60_38_41	1038410010	宝死体001
1038427000	m60_38_42	1038420000	アイテム光000：湖の像 陸ほや発生
1038427010	m60_38_42	1038420010	宝死体001：塔前野営地
1038427020	m60_38_42	1038420020	宝死体002
1038437000	m60_38_43	1038430000	宝死体000：崩壊橋下
1038437010	m60_38_43	1038430010	宝死体001：キャンプ地跡
1038437020	m60_38_43	1038430020	宝死体002：水没都市前
1038447030	m60_38_44	1038440030	椅子_宝死体003：ルーンの花水没林
1038447040	m60_38_44	1038440040	宝死体004
1038457000	m60_38_45	1038450000	宝死体000：野営地3
1038457010	m60_38_45	1038450010	宝死体001：野営地3
1038457020	m60_38_45	1038450020	宝死体_椅子002：家2-3外
1038467000	m60_38_46	1038460000	宝死体000：迷路地帯前
1038487020	m60_38_48	1038480020	宝死体002：混沌村の裏 隠しスポット
1038487030	m60_38_48	1038480030	宝死体003：混沌村壁上
1038487100	m60_38_48	1038480100	宝死体010：混沌村の終端
1038487120	m60_38_48	1038480120	宝死体_椅子002 混沌村前
1038487130	m60_38_48	1038480130	宝死体_椅子003 混沌村前
1038507000	m60_38_50	1038500000	宝死体000：家内
1038507010	m60_38_50	1038500010	宝死体001
1038527000	m60_38_52	1038520000	宝箱　遺跡地下
1038527010	m60_38_52	1038520010	宝死体　遺跡
1038527020	m60_38_52	1038520020	宝死体　遺跡その２
1038527030	m60_38_52	1038520030	宝死体　遺跡その３
1038527040	m60_38_52	1038520040	宝死体　遺跡その４
1038527050	m60_38_52	1038520050	宝死体　遺跡その５
1038527060	m60_38_52	1038520060	宝死体　遺跡その６
1038527070	m60_38_52	1038520070	宝死体　遺跡その７
1038547000	m60_38_54	1038540000	宝死体 人攫い野営地そと
1038547010	m60_38_54	1038540010	宝死体 人攫い野営地なか１
1038547020	m60_38_54	1038540020	宝死体 人攫い野営地なか２
1038547030	m60_38_54	1038540030	宝死体 攻城塔最上
1038547050	m60_38_54	1038540050	宝死体 家3-3 9323武器職人のレシピ
1038547060	m60_38_54	1038540060	宝死体 人攫い兵器交戦地帯
1038547070	m60_38_54	1038540070	宝死体 人攫い兵器野営地 草むら
1038547080	m60_38_54	1038540080	アイテム光 人攫い野営地真中
1038547090	m60_38_54	1038540090	宝死体 彫像捨て場
1038547110	m60_38_54	1038540110	宝死体 攻城塔上_室内
1039397000	m60_39_39	1039390000	アイテム光000：教会2-1
1039407000	m60_39_40	1039400000	宝死体000：墓場
1039427000	m60_39_42	1039420000	宝死体000：遺跡2-1
1039427010	m60_39_42	1039420010	宝死体001：戦場跡街道
1039427020	m60_39_42	1039420020	宝死体002：戦場跡街道
1039427030	m60_39_42	1039420030	宝死体003：戦場跡街道
1039427040	m60_39_42	1039420040	宝死体004：下り遺跡OBＪ上
1039427050	m60_39_42	1039420050	宝死体005
1039437010	m60_39_43	1039430010	棺_宝死体001：壺村奥
1039437020	m60_39_43	1039430020	棺_宝死体002：壺村奥
1039437030	m60_39_43	1039430030	棺_宝死体003：壺村奥
1039437040	m60_39_43	1039430040	棺_宝死体004：壺村奥
1039437050	m60_39_43	1039430050	棺_宝死体005：壺村奥
1039437060	m60_39_43	1039430060	棺_宝死体006：壺村奥
1039437100	m60_39_43	1039430100	アイテム光000：星見台
1039447000	m60_39_44	1039440000	宝死体000：ルーンウルフの森
1039447010	m60_39_44	1039440010	宝死体001：墓地地帯
1039447020	m60_39_44	1039440020	宝死体002：眷属付近
1039447030	m60_39_44	1039440030	宝死体003：壺村家上
1039447040	m60_39_44	1039440040	宝死体004：壺村家屋
1039487000	m60_39_48	1039480000	宝死体000：魔術師の塔 裏
1039487100	m60_39_48	1039480100	宝箱000：魔術師の塔
1039517010	m60_39_51	1039510010	宝死体001 大野営地 右奥野営地
1039517020	m60_39_51	1039510020	宝死体002 宝箱 大野営地 左奥野営地
1039517030	m60_39_51	1039510030	宝死体003 大野営地 中央野営地
1039517040	m60_39_51	1039510040	宝死体004 大野営地付近の王軍小キャンプ
1039517400	m60_39_51	1039510400	世界樹の実(エストのかけら) 街道脇
1039537000	m60_39_53	1039530000	宝死体000 集会丘上
1039537010	m60_39_53	1039530010	宝死体001 アイテム光 捨てられた馬車裏
1039537020	m60_39_53	1039530020	宝死体002 砦方面への道 岩の先端
1039537030	m60_39_53	1039530030	宝死体003 デラシネの森 墓石前
1039537040	m60_39_53	1039530040	宝死体004 吊り橋下
1039537050	m60_39_53	1039530050	宝死体005 魔術師の塔
1039537060	m60_39_53	1039530060	宝死体006 椅子宝死体 魔術師の塔内
1039537070	m60_39_53	1039530070	宝死体007 魔術師の塔横道
1040387000	m60_40_38	1040380000	宝死体000：霊クラゲ森の墓
1040507000	m60_40_50	1040500000	宝死体000 隕石跡地①
1040517000	m60_40_51	1040510000	宝死体000 大剣地帯
1040517010	m60_40_51	1040510010	宝死体001 街道沿いの祭壇
1040517020	m60_40_51	1040510020	宝死体002 教箱隅 3-1宝箱
1040517030	m60_40_51	1040510030	宝死体003 街道沿いの王軍小キャンプ
1040517040	m60_40_51	1040510040	宝死体004 教会3-1
1040517400	m60_40_51	1040510400	世界樹の実(不死の遺骨) 教会3-1
1040537000	m60_40_53	1040530000	宝死体000 遺跡 仮置き
1040537010	m60_40_53	1040530010	宝死体001 遺跡地下ボス部屋 宝箱
1040537020	m60_40_53	1040530020	宝死体002 集会するデラシネ
1040537030	m60_40_53	1040530030	宝死体003 橋下王軍の側
1040537040	m60_40_53	1040530040	宝死体004 デラシネの森_最初の橋上
1040537050	m60_40_53	1040530050	宝死体005 デラシネの森_瓦礫上
1040537060	m60_40_53	1040530060	宝死体006 橋下ナメクジ
1040547010	m60_40_54	1040540010	宝死体001 キャラバン街道横_墓石前
1040547030	m60_40_54	1040540030	宝死体003 崩れた橋
1040547090	m60_40_54	1040540090	宝死体009 デラシネの森 崩落した橋終端
1040557000	m60_40_55	1040550000	宝死体000 風車小屋3-1_小屋内
1041327000	m60_41_32	1041320000	宝000 棺地帯 緑南 終端
1041327010	m60_41_32	1041320010	宝001 棺地帯 緑南 終端
1041327020	m60_41_32	1041320020	宝002 棺地帯 緑南 終端
1041327030	m60_41_32	1041320030	宝003 棺地帯 緑南 終端
1041327040	m60_41_32	1041320040	宝004 棺地帯 緑南 終端
1041327050	m60_41_32	1041320050	宝005 棺地帯 緑南 終端
1041517000	m60_41_51	1041510000	宝死体000 地上の墓地帯奥
1041517010	m60_41_51	1041510010	宝死体001 地上の墓地帯手前
1041517020	m60_41_51	1041510020	宝死体002 地上の墓地帯 奥の墓石前
1041517030	m60_41_51	1041510030	宝死体003 隕石跡地②
1041527000	m60_41_52	1041520000	宝死体000 棺地帯 英雄墓への道脇
1041527010	m60_41_52	1041520010	宝死体001 棺地帯 英雄墓への道脇
1041527020	m60_41_52	1041520020	宝死体002 棺地帯 英雄墓への道脇
1041527030	m60_41_52	1041520030	宝死体003 棺地帯 英雄墓への道脇
1041527040	m60_41_52	1041520040	宝死体004 棺地帯 英雄墓への道脇
1041527070	m60_41_52	1041520070	宝死体007 橋前の王軍小キャンプ
1041527080	m60_41_52	1041520080	宝死体008 崖裏の王軍小キャンプ
1041527090	m60_41_52	1041520090	宝死体009 崖上祭壇
1042327000	m60_42_32	1042320000	磔死体000
1042327020	m60_42_32	1042320020	宝死体002
1042327100	m60_42_32	1042320100	宝箱000 ※無効中
1042337000	m60_42_33	1042330000	宝死体000
1042347000	m60_42_34	1042340000	宝死体000 教会磔死体
1042347010	m60_42_34	1042340010	宝死体001：遺跡1
1042347020	m60_42_34	1042340020	宝死体002：海岸
1042347030	m60_42_34	1042340030	宝死体003
1042347100	m60_42_34	1042340100	宝箱000：遺跡1-2地下室
1042357000	m60_42_35	1042350000	宝死体000：蟹砂浜
1042357010	m60_42_35	1042350010	宝死体001：滝上の遺跡裏の崖下
1042357020	m60_42_35	1042350020	宝死体002：教会裏
1042357030	m60_42_35	1042350030	宝死体003
1042367010	m60_42_36	1042360010	宝死体001：大滝そば 隠し宝
1042367030	m60_42_36	1042360030	OBJ用宝箱情報 磔死体 最初の教会
1042367040	m60_42_36	1042360040	OBJ用宝箱情報 磔死体 最初の森
1042367050	m60_42_36	1042360050	宝死体003：チュートリアル穴
1042367060	m60_42_36	1042360060	OBJ用宝箱情報 アイテム光 教会内鍛冶場台上
1042377000	m60_42_37	1042370000	宝死体000：遺跡6
1042377010	m60_42_37	1042370010	宝死体001：林
1042377060	m60_10_09	942370060	m60_42_37_00-馬車宝002
1042377070	m60_10_09	942370070	m60_42_37_00-馬車宝001
1042377300	m60_42_37	1042371300	宝箱000 関所上
1042387000	m60_42_38	1042380000	宝死体000：トロルに襲われたキャンプ
1042387010	m60_42_38	1042380010	宝死体001：関所前
1042387020	m60_42_38	1042380020	宝死体002：崩れた荷馬車
1042387030	m60_42_38	1042380030	宝死体003：棺地帯00
1042387040	m60_42_38	1042380040	宝死体004：棺地帯01
1042387050	m60_42_38	1042380050	宝死体005：棺地帯02
1042387070	m60_42_38	1042380070	宝死体007：棺地帯03
1042387080	m60_42_38	1042380080	宝死体008：棺地帯04
1042387090	m60_42_38	1042380090	宝死体009：棺地帯05
1042387100	m60_42_38	1042380100	宝死体010：棺地帯06
1042387110	m60_42_38	1042380110	宝死体011：棺地帯07
1042387120	m60_42_38	1042380120	宝死体012：関所上の下り遺跡OBJ
1042387140	m60_42_38	1042380140	宝死体014：関所先
1042387200	m60_42_38	1042382000	異邦人死体
1042387600	m60_42_38	1042380600	アイテム光014：巨大敵オブジェ
1042397010	m60_10_09	1042390010	m60_42_39_00-世界樹の実　平原へ行く街道脇
1042517000	m60_42_51	1042510000	宝死体000 城壁内祭壇
1042517400	m60_42_51	1042510400	世界樹の実 城壁内広場
1042517410	m60_42_51	1042510410	世界樹の実 城壁内広場 {2}
1043307000	m60_43_30	1043300000	宝死体000 ※異邦人
1043307010	m60_43_30	1043300010	宝死体001 ※異邦人
1043317000	m60_43_31	1043310000	宝死体000
1043317010	m60_43_31	1043310010	宝死体001
1043317020	m60_43_31	1043310020	宝死体002
1043317030	m60_43_31	1043310030	宝死体003
1043317040	m60_43_31	1043310040	宝死体004
1043317050	m60_43_31	1043310050	宝死体005
1043317060	m60_43_31	1043310060	宝死体006
1043317070	m60_43_31	1043310070	宝死体007
1043317080	m60_43_31	1043310080	宝死体008
1043317090	m60_43_31	1043310090	宝死体009
1043317100	m60_43_31	1043310100	宝死体010
1043317110	m60_43_31	1043310110	宝死体011
1043317120	m60_43_31	1043310120	宝死体012
1043317130	m60_43_31	1043310130	宝死体013
1043317140	m60_43_31	1043310140	宝死体014
1043317150	m60_43_31	1043310150	宝死体015
1043317160	m60_43_31	1043310160	宝死体016
1043317170	m60_43_31	1043310170	宝死体017
1043317180	m60_43_31	1043310180	宝死体018
1043317190	m60_43_31	1043310190	宝死体019
1043317200	m60_43_31	1043310200	宝死体020
1043317210	m60_43_31	1043310210	宝死体021
1043317220	m60_43_31	1043310220	宝死体022
1043317230	m60_43_31	1043310230	宝死体023
1043317240	m60_43_31	1043310240	宝死体024
1043317250	m60_43_31	1043310250	宝死体025
1043317260	m60_43_31	1043310260	宝死体026
1043317270	m60_43_31	1043310270	宝死体027
1043317280	m60_43_31	1043310280	宝死体028
1043317290	m60_43_31	1043310290	宝死体029
1043317300	m60_43_31	1043310300	宝死体030
1043317310	m60_43_31	1043310310	宝死体031
1043317320	m60_43_31	1043310320	宝死体032
1043317330	m60_43_31	1043310330	宝死体033
1043317340	m60_43_31	1043310340	宝死体034
1043317350	m60_43_31	1043310350	宝死体035 ※異邦人
1043317360	m60_43_31	1043310360	宝死体036 ※異邦人
1043317370	m60_43_31	1043310370	宝死体037
1043317400	m60_43_31	1043310400	磔死体000
1043317900	m60_43_31	1043310900	宝箱000
1043317910	m60_43_31	1043310910	宝箱001
1043347000	m60_43_34	1043340000	宝死体000：遺跡1-3
1043347040	m60_43_34	1043340040	宝死体004：亜人擬態箇所1
1043347050	m60_43_34	1043340050	宝死体005：亜人擬態箇所1
1043347100	m60_43_34	1043340100	宝箱000：遺跡1-3地下
1043357000	m60_43_35	1043350000	宝死体000：柱遺跡小キャンプ
1043357010	m60_43_35	1043350010	宝死体001：岩場上
1043357030	m60_43_35	1043350030	宝死体003：下り遺跡OBJ上
1043357100	m60_43_35	1043350100	アイテム光000：教会1-2
1043367010	m60_43_36	1043360010	宝死体001：遺跡5
1043367020	m60_43_36	1043360020	宝死体002：遺跡5
1043367040	m60_43_36	1043360040	宝死体004：遺跡5
1043367070	m60_43_36	1043360070	宝死体007：大棺上
1043367110	m60_43_36	1043361010	宝箱000：遺跡1-5地下室(隠し：ワイバーン破壊)
1043387010	m60_43_38	1043380010	宝死体001：トロル下
1043387020	m60_43_38	1043380020	宝死体002：オオカミ大群
1043407000	m60_43_40	1043400000	宝死体000：朽ちた巨人たちのそば
1043407010	m60_43_40	1043400010	宝死体001
1043507000	m60_43_50	1043500000	宝死体000 教会3-3 大樹前
1043507010	m60_43_50	1043500010	宝死体001 教会3-3横 墓石前
1043527000	m60_43_52	1043520000	宝死体000 城壁内の街道 大扉前
1043527030	m60_43_52	1043520030	宝死体003 大戦場跡 コウモリの近く
1043527400	m60_43_52	1043520400	世界樹の実(エストのかけら) 城壁内広場上側①
1043527410	m60_43_52	1043520410	世界樹の実(エストのかけら) 城壁内広場上側②
1044317010	m60_44_31	1044310010	磔死体000 毒沼
1044317020	m60_44_31	1044310020	宝死体002 椅子死体
1044317030	m60_44_31	1044310030	宝死体003 椅子死体
1044327010	m60_44_32	1044320010	宝死体001：城壁裏
1044327020	m60_44_32	1044320020	世界樹の実_アイテム光002：砦道中
1044327030	m60_44_32	1044320030	宝死体003
1044327040	m60_44_32	1044320040	宝死体002：櫓上
1044337000	m60_44_33	1044330000	宝死体000：村1
1044337020	m60_44_33	1044330020	磔死体000：小湖
1044337030	m60_44_33	1044330030	宝死体003 停泊地 1-1
1044337040	m60_44_33	1044330040	宝死体004 停泊地 1-2
1044337050	m60_44_33	1044330050	宝死体005 停泊地 1-3
1044337060	m60_44_33	1044330060	宝死体006 停泊地 1-4
1044337070	m60_44_33	1044330070	宝死体007 壁前1-1
1044337080	m60_44_33	1044330080	宝死体008
1044337100	m60_44_33	1044330100	アイテム光000 教会1-3
1044337200	m60_44_33	1044330200	宝死体010
1044367000	m60_44_36	1044360000	宝死体000：遺跡１－４
1044367010	m60_44_36	1044360010	宝死体001:遺跡：１－４
1044367020	m60_44_36	1044360020	宝死体002：遺跡１－４
1044367030	m60_44_36	1044360030	宝死体003：街道脇
1044367040	m60_44_36	1044360040	宝死体004：小橋後 椅子死体
1044367100	m60_44_36	1044360100	宝死体005：遺跡壁上
1044367300	m60_44_36	1044360300	棺死体000：関所上平原
1044367310	m60_44_36	1044360310	棺死体001：関所上平原
1044367320	m60_44_36	1044360320	棺死体002：関所上平原
1044367330	m60_44_36	1044360330	棺死体003：関所上平原
1044367340	m60_44_36	1044360340	棺死体004：関所上平原
1044377010	m60_44_37	1044370010	宝死体001：亜人シチュエーション
1044377020	m60_44_37	1044370020	宝死体002：墓地
1044377200	m60_44_37	1044372000	異邦人死体
1044387010	m60_44_38	1044380010	宝死体001：家1-2
1044387040	m60_44_38	1044380040	宝死体004：川道
1044387100	m60_44_38	1044380100	磔死体000：上流崖上
1044397010	m60_44_39	944390010	レビュー用宝死体
1044527000	m60_44_52	1044520000	宝死体000 王都街道 ガーディアン地帯
1044527010	m60_44_52	1044520010	宝死体001 城壁内の池(街道横)奥
1044527020	m60_44_52	1044520020	宝死体002 大墓地前_林の奥
1044537010	m60_44_53	1044530010	宝死体001 崖下 アーチ状の墓前
1045337000	m60_45_33	1045330000	OBJ用宝箱情報 アイテム光 星見台
1045527000	m60_11_13	1045520000	m60_45_52_00-宝死体000 王都前橋下
1045527010	m60_45_52	1045520010	宝死体001 王都前 門の裏
1045527020	m60_45_52	1045520020	宝死体002 巨大敵で壊せる石像
1045527030	m60_45_52	1045520030	宝死体003 ガーディアン地帯
1046367000	m60_46_36	1046360000	宝死体000:海辺の塔1-1
1046367010	m60_46_36	1046360010	宝死体001:海辺の塔1-1
1046367030	m60_46_36	1046360030	宝死体003：海辺の塔1-1
1046367100	m60_46_36	1046360100	OBJ用宝箱情報 世界樹の実
1046367500	m60_46_36	1046360500	宝箱000:海辺の塔1-1
1046377000	m60_46_37	1046370000	宝死体000：霧の森の教会そばの浜辺
1046387010	m60_46_38	1046380010	宝死体001：崩れた馬車
1046387100	m60_46_38	1046380100	アイテム光000 第三マリカ教会
1046397000	m60_46_39	1046390000	宝棺000
1046397010	m60_46_39	1046390010	宝棺001
1046397020	m60_46_39	1046390020	宝棺002
1046407000	m60_46_40	1046400000	宝死体000
1046407010	m60_46_40	1046400010	宝死体001
1046407020	m60_46_40	1046400020	宝死体002
1046407040	m60_46_40	1046400040	宝死体004
1046407060	m60_46_40	1046400060	宝死体006
1046577300	m60_46_57	1046570300	貴人宝死体000
1046577800	m60_46_57	1046570800	アイテム光000：枯れ古代樹の森_巨大敵が壊せる像
1047377000	m60_47_37	1047370000	宝棺000
1047377010	m60_47_37	1047370010	宝棺001
1047377020	m60_47_37	1047370020	宝棺002
1047377030	m60_47_37	1047370030	宝棺003
1047377040	m60_47_37	1047370040	宝死体004
1047377050	m60_47_37	1047370050	宝情報005 星光の欠片
1047387010	m60_47_38	1047380020	宝死体002
1047387030	m60_47_38	1047380030	宝死体003
1047387040	m60_47_38	1047380040	宝死体004
1047387070	m60_47_38	1047380070	宝死体007
1047387080	m60_47_38	1047380080	宝死体008
1047387100	m60_47_38	1047380100	宝死体010
1047387110	m60_47_38	1047380110	宝死体011
1047387120	m60_47_38	1047380120	宝死体012
1047387130	m60_47_38	1047380130	宝死体013
1047387900	m60_47_38	1047380900	宝箱000
1047387910	m60_47_38	1047380910	宝箱001
1047387920	m60_47_38	1047380920	宝箱002
1047517000	m60_47_51	1047510000	市民_宝死体000
1047517010	m60_47_51	1047510010	市民_宝死体001
1047517300	m60_47_51	1047510300	貴人_宝死体000
1047557000	m60_47_55	1047550000	市民_宝死体000：仮_遺跡5-3
1047557010	m60_47_55	1047550010	市民_宝死体001：仮_遺跡5-3
1047557020	m60_47_55	1047550020	市民_宝死体002：仮_遺跡5-3
1047557030	m60_47_55	1047550030	市民_宝死体003：仮_遺跡5-3
1047557900	m60_47_55	1047550900	宝箱000：仮_遺跡5-3地下室
1047567300	m60_47_56	1047560300	貴人宝死体000：仮_古代樹の森
1047567310	m60_47_56	1047560310	貴人宝死体001：仮_古代樹の森
1047567330	m60_47_56	1047560330	貴人宝死体003：仮_古代樹の森
1047577300	m60_47_57	1047570300	貴人_宝死体000：仮_魔法霊廟
1047577310	m60_47_57	1047570310	貴人_宝死体001：仮_魔法霊廟
1047587000	m60_47_58	1047580000	市民_宝死体000：仮_椅子死体
1047587800	m60_47_58	1047580800	アイテム光000：教会5-3
1048377000	m60_48_37	1048370000	宝死体000
1048377020	m60_48_37	1048370020	宝死体002
1048377030	m60_48_37	1048370030	宝死体003
1048387000	m60_48_38	1048380000	宝死体000
1048387010	m60_48_38	948380010	（レビュー用配置）宝死体
1048387020	m60_48_38	948380020	（レビュー用配置）宝死体 {2}
1048387020	m60_48_38	1048380020	宝死体002
1048387030	m60_48_38	948380030	（レビュー用配置）宝死体 {3}
1048397000	m60_48_39	1048390000	宝死体000
1048397010	m60_48_39	1048390010	宝死体001
1048397040	m60_48_39	1048390040	宝死体004
1048397050	m60_48_39	1048390050	宝死体005
1048397900	m60_48_39	1048390900	宝箱000
1048517000	m60_48_51	1048510000	宝死体000
1048547800	m60_48_54	1048540800	アイテム光000：吹雪地帯 石棺
1048547810	m60_48_54	1048540810	アイテム光001：吹雪地帯 石棺
1048547820	m60_48_54	1048540820	アイテム光002：吹雪地帯 石棺
1048547830	m60_48_54	1048540830	アイテム光003：吹雪地帯 石棺
1048547840	m60_48_54	1048540840	アイテム光004：吹雪地帯 石棺
1048557300	m60_48_55	1048550300	貴人_宝死体000：仮_スカラベ古代樹エリア
1048557600	m60_48_55	1048550600	異邦人_宝死体000；スカラベ双古代樹エリア
1048557900	m60_12_13	1048550900	m60_48_55_00-宝箱000：キャラバン
1048567300	m60_48_56	1048560300	貴人_宝死体000：仮_椅子死体
1048577000	m60_48_57	1048570000	市民_宝死体000：仮_雪街
1048577010	m60_48_57	1048570010	市民_宝死体001：仮_雪街
1048577020	m60_48_57	1048570020	市民_宝死体002：仮_雪街
1048577030	m60_48_57	1048570030	市民_宝死体003：仮_雪街
1048577040	m60_48_57	1048570040	市民_宝死体004：仮_雪街
1048577050	m60_48_57	1048570050	市民_宝死体005：仮_雪街
1048577060	m60_48_57	1048570060	市民_宝死体006：仮_雪街
1048577070	m60_48_57	1048570070	市民_宝死体007：仮_雪街
1048577080	m60_48_57	1048570080	市民_宝死体008：仮_雪街
1048577090	m60_48_57	1048570090	市民_宝死体009：仮_雪街
1048577300	m60_48_57	1048570300	貴人_宝死体000：仮_雪街
1048577310	m60_48_57	1048570310	貴人_宝死体001：仮_雪街
1048577800	m60_48_57	1048570800	アイテム光000
1048577810	m60_48_57	1048570810	アイテム光001
1048587300	m60_48_58	1048580300	貴人_宝死体000：仮_教会5-3
1049367000	m60_49_36	1049360000	宝死体000
1049367010	m60_49_36	1049360010	宝死体001
1049377010	m60_49_37	1049370010	宝死体001
1049377020	m60_49_37	1049370020	宝情報　002　黄金の種子
1049377050	m60_49_37	1049370050	宝死体005
1049377070	m60_49_37	1049370070	宝死体007
1049407000	m60_49_40	1049400000	宝死体000
1049407010	m60_49_40	1049400010	宝死体001
1049407020	m60_49_40	1049400020	宝死体002
1049407040	m60_49_40	1049400040	宝情報004　壊せる彫像の中
1049417040	m60_49_41	1049410040	宝死体004
1049417070	m60_49_41	1049410070	宝死体007
1049417080	m60_49_41	1049410080	宝死体008
1049417090	m60_49_41	1049410090	宝死体009
1049417100	m60_49_41	1049410100	宝死体010
1049527000	m60_49_52	1049520000	宝死体000
1049527800	m60_49_52	1049520800	アイテム光000
1049537000	m60_49_53	1049530000	市民_宝死体000
1049537010	m60_49_53	1049530010	市民_宝死体001
1049537020	m60_49_53	1049530020	市民_宝死体002
1049537030	m60_49_53	1049530030	市民_宝死体003
1049537300	m60_49_53	1049530300	貴人_宝死体000
1049537900	m60_49_53	1049530900	宝箱000：仮_遺跡5-1地下室
1049547300	m60_49_54	1049540300	貴人_宝死体000：仮_吹雪地帯入り口横
1049547310	m60_49_54	1049540310	貴人_宝死体001：仮_吹雪地帯
1049547900	m60_12_13	1049540900	m60_49_54_00-宝箱000：キャラバン
1050367000	m60_50_36	1050360000	宝死体000
1050367900	m60_50_36	1050360900	宝箱000
1050387000	m60_50_38	1050380000	宝死体000
1050387010	m60_50_38	1050380010	宝死体001
1050387020	m60_50_38	1050380020	宝アイテム光　002　不死の遺骨
1050397000	m60_50_39	1050390000	宝死体000
1050397010	m60_50_39	1050390010	宝死体001
1050397020	m60_50_39	1050390020	宝死体002
1050397030	m60_50_39	1050390030	宝死体003
1050397040	m60_50_39	1050390040	宝死体004
1050397050	m60_50_39	1050390050	宝死体005
1050397060	m60_50_39	1050390060	宝情報006　星光の欠片
1050397070	m60_50_39	1050390070	宝死体007
1050397090	m60_50_39	1050390090	宝死体009
1050397100	m60_50_39	1050390100	世界樹の実010
1050397900	m60_50_39	1050390900	宝箱000
1050397910	m60_50_39	1050390910	宝箱001
1050537000	m60_50_53	1050530000	市民_宝死体000：英雄墓地手前
1050537300	m60_50_53	1050530300	貴人_宝死体000：仮_大尾根手前
1050547000	m60_50_54	1050540000	宝死体000：椅子死体
1050547800	m60_50_54	1050540800	アイテム光000：仮_大尾根手前
1050547810	m60_50_54	1050540810	アイテム光001：仮_大尾根手前
1050557300	m60_50_55	1050550300	貴人_宝死体000：_吹雪地帯
1050557310	m60_50_55	1050550310	貴人_宝死体001：_吹雪地帯
1050557320	m60_50_55	1050550320	貴人_宝死体002：_吹雪地帯
1050557800	m60_50_55	1050550800	アイテム光000：墓の頂上
1050557900	m60_50_55	1050550900	貴人宝箱000
1050567300	m60_50_56	1050560300	貴人_宝死体000：仮_大樹5-2
1050567500	m60_50_56	1050560500	亜人_宝死体000：峡谷サブルート終端
1050567510	m60_50_56	1050560510	亜人_宝死体001：峡谷サブルート終端
1050567520	m60_50_56	1050560520	亜人_宝死体002：峡谷サブルート終端
1050567600	m60_50_56	1050560600	異邦人_宝死体000：仮_凍った川の峡谷最奥
1050567620	m60_50_56	1050560620	異邦人_宝死体002：家5-1
1050567800	m60_50_56	1050560800	アイテム光000：下層峡谷_巨大敵が壊せるアセット
1050567820	m60_50_56	1050560820	アイテム光002：魔術師の塔5-2
1050577300	m60_50_57	1050570300	貴人_宝死体000：仮_大樹5-2
1050577800	m60_50_57	1050570800	アイテム光000：星見台
1051357000	m60_51_35	1051350000	宝死体000
1051367000	m60_51_36	1051360000	宝死体000
1051367020	m60_51_36	1051360020	宝死体002：攻城塔
1051367030	m60_51_36	1051360030	宝死体003：攻城塔裏
1051367040	m60_51_36	1051360040	宝死体004
1051367050	m60_51_36	1051360050	宝死体005：サブ部屋
1051367060	m60_51_36	1051360060	宝死体006：サブ部屋二階塔
1051367080	m60_51_36	1051360080	宝死体008
1051367090	m60_51_36	1051360090	宝死体009
1051367100	m60_51_36	1051360100	宝死体010
1051367110	m60_51_36	1051360110	宝死体011
1051367130	m60_51_36	1051360130	宝死体013
1051367910	m60_51_36	1051360910	宝箱001
1051387000	m60_51_38	1051380000	宝死体000
1051387010	m60_51_38	1051380010	宝死体001
1051387020	m60_51_38	1051380020	宝死体002
1051397040	m60_51_39	1051390040	宝死体004
1051397050	m60_51_39	1051390050	宝死体005
1051397060	m60_51_39	1051390060	宝死体006
1051397900	m60_51_39	1051390900	宝箱000
1051407040	m60_51_40	1051400040	宝死体004
1051537000	m60_51_53	1051530000	市民_宝死体000：巨人墓場
1051537010	m60_51_53	1051530010	市民_宝死体000：仮_巨人墓場 巨大ユビムシシチュ
1051537300	m60_51_53	1051530300	貴人_宝死体000：巨人墓場
1051537600	m60_51_53	1051530600	異邦人_宝死体000：巨人の頭
1051537800	m60_51_53	1051530800	アイテム光：000
1051537810	m60_51_53	1051530810	アイテム光：001
1051547000	m60_51_54	1051540000	宝死体000
1051547800	m60_51_54	1051540800	アイテム光：000
1051557300	m60_51_55	1051550300	貴人_宝死体000
1051557310	m60_51_55	1051550310	貴人_宝死体001
1051557320	m60_51_55	1051550320	貴人_宝死体002
1051557330	m60_51_55	1051550330	貴人_宝死体003
1051567020	m60_51_56	1051560020	市民_宝死体002：飛び地アーチ
1051567030	m60_51_56	1051560030	市民_宝死体003：遺跡5-2
1051567300	m60_51_56	1051560300	貴人_宝死体000：大峡谷入口右手
1051567310	m60_51_56	1051560310	貴人_宝死体001：大尾根終わり
1051567320	m60_51_56	1051560320	貴人_宝死体002：飛び地小世界樹帯
1051567800	m60_51_56	1051560800	アイテム光000：遺跡5-2
1051567810	m60_51_56	1051560810	アイテム光001：遺跡5-2
1051567900	m60_51_56	1051560900	宝箱000：遺跡x_x地下室
1051577000	m60_51_57	1051570000	市民_宝死体000：砦
1051577010	m60_51_57	1051570010	市民_宝死体001：砦
1051577020	m60_51_57	1051570020	市民_宝死体002：砦
1051577030	m60_51_57	1051570030	市民_宝死体003：砦
1051577040	m60_51_57	1051570040	市民_宝死体004：砦
1051577050	m60_51_57	1051570050	市民_宝死体005：砦
1051577060	m60_51_57	1051570060	市民_宝死体006：砦
1051577070	m60_51_57	1051570070	市民_宝死体007：砦
1051577080	m60_51_57	1051570080	市民_宝死体008：砦
1051577090	m60_51_57	1051570090	市民_宝死体009：砦
1051577100	m60_51_57	1051570100	市民_宝死体010：砦
1051577110	m60_51_57	1051570110	市民_宝死体011：砦外
1051577120	m60_51_57	1051570120	市民_宝死体012：サブルート墓地帯
1051577130	m60_51_57	1051570130	市民_宝死体013：サブルート墓地帯
1051577140	m60_51_57	1051570140	市民_宝死体014：サブルート墓地帯
1051577150	m60_51_57	1051570150	市民_宝死体015：
1051577160	m60_51_57	1051570160	市民_宝死体016：
1051577170	m60_51_57	1051570170	市民_宝死体017：
1051577180	m60_51_57	1051570180	市民_宝死体018：
1051577190	m60_51_57	1051570190	市民_宝死体019：
1051577200	m60_51_57	1051570200	市民_宝死体020：
1051577210	m60_51_57	1051570210	市民_宝死体021：
1051577220	m60_51_57	1051570220	市民_宝死体021： {2}
1051577230	m60_51_57	1051570230	宝死体023
1051577300	m60_51_57	1051570300	貴人_宝死体000：砦
1051577600	m60_51_57	1051570600	異邦人_宝死体000：砦
1052417000	m60_52_41	1052410000	宝棺000
1052417010	m60_52_41	1052410010	宝棺001
1052417020	m60_52_41	1052410020	宝棺002
1052417030	m60_52_41	1052410030	宝棺003
1052437000	m60_52_43	1052430000	宝情報000　星光の欠片
1052537000	m60_52_53	1052530000	宝死体000
1052537800	m60_52_53	1052530800	アイテム光000
1052547000	m60_52_54	1052540000	市民_宝死体000
1052547010	m60_52_54	1052540010	市民_宝死体001
1052547020	m60_52_54	1052540020	市民_宝死体002
1052547800	m60_52_54	1052540800	アイテム光000：星見台
1052557000	m60_52_55	1052550000	市民_宝死体000：海辺の塔5-1
1052557010	m60_52_55	1052550010	市民_宝死体001：海辺の塔5-1
1052557020	m60_52_55	1052550020	市民_宝死体002：海辺の塔5-1
1052557030	m60_52_55	1052550030	市民_宝死体003：海辺の塔5-1
1052557300	m60_52_55	1052550300	貴人_宝死体000：海辺の塔5-1
1052557310	m60_52_55	1052550310	貴人_宝死体001：海辺の塔5-1
1052557800	m60_52_55	1052550800	アイテム光000：仮_海辺の塔5-1
1052557900	m60_52_55	1052550900	宝箱000
1052567300	m60_52_56	1052560300	貴人_宝死体000：仮_教会5-1～魔術師の塔
1052567310	m60_52_56	1052560310	貴人_宝死体001：小世界樹5-1
1053567300	m60_53_56	1053560300	貴人_宝死体000
1053567310	m60_53_56	1053560310	貴人_宝死体001
1053567800	m60_53_56	1053560800	アイテム光000： 棺地帯 教会5-1付近
1053567810	m60_53_56	1053560810	アイテム光001： 棺地帯 教会5-1付近
1053577300	m60_53_57	1053570300	貴人_宝死体000
1054557000	m60_54_55	1054550000	市民_宝死体000：椅子死体
1054557310	m60_54_55	1054550310	貴人_宝死体001：教会5-1
1054557800	m60_54_55	1054550800	アイテム光：000
2044417000	m61_44	2044410000	宝死体000
2044457000	m61_44	2044450000	アイテム光000
2044457010	m61_44	2044450010	宝死体001
2044457020	m61_44	2044450020	宝死体002
2044457900	m61_44	2044450900	宝箱000
2044467000	m61_44	2044460000	アイテム光000
2044467000	m61_44	2044460000	宝死体000
2044467010	m61_44	2044460010	宝死体001
2044467020	m61_44	2044460020	宝死体002
2044467030	m61_44	2044460030	宝死体003
2044467040	m61_44	2044460040	宝死体004
2044467050	m61_44	2044460050	宝死体005
2044467060	m61_44	2044460060	宝死体006
2044467070	m61_44	2044460070	宝死体007
2044467080	m61_44	2044460080	宝死体008
2044467110	m61_44	2044460110	宝死体011
2045417000	m61_45	2045410000	宝死体000
2045417010	m61_45	2045410010	宝死体001
2045417020	m61_45	2045410020	宝死体002
2045417030	m61_45	2045410030	宝死体003
2045417040	m61_45	2045410040	宝死体004
2045417050	m61_45	2045410050	宝死体005
2045417700	m61_45	2045410700	アイテム光000 DLCレベルアップアイテム_バディ強化 即身仏
2045417710	m61_45	2045410710	アイテム光001
2045417800	m61_45	2045410800	宝箱000
2045417900	m61_45	2045410900	宝死体 光る墓
2045467000	m61_45	2045460000	宝死体000
2045467020	m61_45	2045460020	宝死体002
2045467040	m61_45	2045460040	宝死体004
2045467050	m61_45	2045460050	宝死体005
2045467060	m61_45	2045460060	宝死体006
2045467070	m61_45	2045460070	宝死体007
2045467080	m61_45	2045460080	宝死体008 モヘンジョダロ直下　中身は仮
2045467090	m61_45	2045460090	宝死体009 モヘンジョダロ直下　中身は仮
2045467900	m61_45	2045460900	宝箱000
2045467910	m61_45	2045460910	宝箱001
2045477010	m61_45	2045470010	宝死体001
2045477020	m61_45	2045470020	宝死体002
2045477040	m61_45	2045470040	宝死体004
2045477050	m61_45	2045470050	宝死体005
2045477060	m61_45	2045470060	宝死体006
2045477070	m61_45	2045470070	宝死体007
2045487000	m61_45	2045480000	宝死体000
2046387000	m61_46	2046380000	宝死体000
2046387010	m61_46	2046380010	宝死体001
2046387020	m61_46	2046380020	宝死体002
2046387030	m61_46	2046380030	宝死体003
2046387040	m61_46	2046380040	宝死体004
2046387050	m61_46	2046380050	宝死体005
2046387070	m61_46	2046380070	宝死体007　ユニーク
2046457000	m61_46	2046450000	宝死体000
2046457020	m61_46	2046450020	宝死体002
2046457030	m61_46	2046450030	宝死体003
2046457040	m61_46	2046450040	宝死体004
2046457050	m61_46	2046450050	宝死体005
2046457060	m61_46	2046450060	宝死体006
2046457070	m61_46	2046450070	宝死体007
2046457720	m61_46	2046450720	アイテム光002
2046457910	m61_46	2046450910	宝箱001
2046457920	m61_46	2046450920	宝箱002
2046477000	m61_46	2046470000	宝死体000
2046477010	m61_46	2046470010	宝死体001
2046477020	m61_46	2046470020	宝死体002
2046477030	m61_46	2046470030	宝死体003
2046477060	m61_46	2046470060	宝死体006
2046477070	m61_46	2046470070	宝死体007
2046477090	m61_46	2046470090	宝死体009
2046477100	m61_46	2046470100	宝死体010
2046477120	m61_46	2046470120	宝死体012
2046477130	m61_46	2046470130	宝死体013
2046477140	m61_46	2046470140	宝死体014
2046477150	m61_46	2046470150	アイテム光003
2046477160	m61_46	2046470160	宝死体016
2046477720	m61_46	2046470720	アイテム光002
2046477750	m61_46	2046470750	アイテム光005
2046487000	m61_46	2046480000	宝死体000
2046487010	m61_46	2046480010	宝死体001
2047357000	m61_47	2047350000	宝死体000
2047367000	m61_47	2047360000	アイテム光000　箱舟　大穴への道途中
2047367010	m61_47	2047360010	宝死体001
2047397000	m61_47	2047390000	宝死体000
2047397040	m61_47	2047390040	宝死体004
2047397050	m61_47	2047390050	宝死体005
2047397080	m61_47	2047390080	アイテム光008　箱舟　青平原入り口②
2047397090	m61_47	2047390090	宝死体006
2047437000	m61_47	2047430000	宝死体000
2047437010	m61_47	2047430010	宝死体001
2047437020	m61_47	2047430020	宝死体002
2047437030	m61_47	2047430030	宝死体003
2047437040	m61_47	2047430040	宝死体004
2047437050	m61_47	2047430050	宝死体005
2047437700	m61_47	2047430700	アイテム光000
2047477000	m61_46	2046470700	アイテム光000
2048377010	m61_48	2048370010	アイテム光001　箱舟　ミケラ十字付近①
2048377020	m61_48	2048370020	アイテム光002　箱舟　ミケラ十字付近②
2048377030	m61_48	2048370030	アイテム光003　箱舟　大穴への道手前
2048377050	m61_48	2048370050	アイテム光　DLC強化アイテム
2048387000	m61_48	2048380000	宝死体000
2048387010	m61_48	2048380010	アイテム光001　箱舟　海岸からの引き返し道
2048387030	m61_48	2048380030	アイテム光003　箱舟　隠し墓地からの飛び降り
2048397000	m61_48	2048390000	宝死体000
2048397010	m61_48	2048390010	宝死体001
2048397020	m61_48	2048390020	宝死体002
2048397030	m61_48	2048390030	宝死体003
2048397040	m61_48	2048390040	宝死体004
2048397050	m61_48	2048390050	宝死体005
2048407000	m61_48	2048400000	宝死体000　大羊の森
2048407010	m61_48	2048400010	宝死体001　死の鳥水場奥
2048407020	m61_48	2048400020	ヤドリギ用　アイテム光002　川の終端岩場 003
2048417000	m61_48	2048410000	宝死体000
2048417010	m61_48	2048410010	宝死体001
2048417030	m61_48	2048410030	宝死体003
2048417700	m61_48	2048410700	アイテム光000 DLCレベルアップアイテム_PC強化 滝教会
2048417800	m61_48	2048410800	宝箱000
2048437000	m61_48	2048430000	宝死体000
2048437010	m61_48	2048430010	宝死体001
2048437020	m61_48	2048430020	宝死体002
2048437030	m61_48	2048430030	宝死体003
2048437700	m61_48	2048430700	アイテム光000 DLCレベルアップアイテム_PC強化 ミケラ十字
2048447000	m61_48	2048440000	宝死体000　街道砦　隠し洞窟A
2048447010	m61_48	2048440010	宝死体001
2048447020	m61_48	2048440020	宝死体002
2048447030	m61_48	2048440030	宝死体003　街道砦　城内橋の傍
2048447040	m61_48	2048440040	宝死体004
2048447050	m61_48	2048440050	宝死体005　街道砦　城壁出っ張りB
2048447060	m61_48	2048440060	宝死体006　街道砦　城壁出っ張りA
2048447070	m61_48	2048440070	宝死体007　街道砦　城主の部屋
2048447080	m61_48	2048440080	宝死体008
2048447500	m61_48	2048440500	アイテム光000　ミケラ十字（街道砦後）
2048447800	m61_48	2048440800	宝箱000　街道砦　城壁部屋
2048447810	m61_48	2048440810	宝箱001　街道砦　離れの塔
2048457000	m61_48	2048450000	宝死体000　レシピ
2048457510	m61_48	2048450510	アイテム光001
2048457520	m61_48	2048450520	アイテム光002
2048467010	m61_48	2048460010	宝死体001
2048467030	m61_48	2048460030	宝死体003
2048467040	m61_48	2048460040	宝死体004
2048467050	m61_48	2048460050	宝死体005
2048467060	m61_48	2048460060	宝死体006
2048467090	m61_48	2048460090	宝死体009
2048467500	m61_48	2048460500	アイテム光000
2048467510	m61_48	2048460510	アイテム光001　PC強化
2049377000	m61_49	2049370000	宝死体 000
2049387000	m61_49	2049380000	宝死体000
2049387010	m61_49	2049380010	宝死体001
2049387020	m61_49	2049380020	宝死体002
2049387030	m61_49	2049380030	宝死体003
2049387060	m61_49	2049380060	宝死体006
2049437000	m61_49	2049430000	宝死体000（墓地ドラゴン）
2049437200	m61_49	2049430200	宝死体000
2049437210	m61_49	2049430210	宝死体001
2049437220	m61_49	2049430220	宝死体002
2049437230	m61_49	2049430230	宝死体003
2049437240	m61_49	2049430240	宝死体004
2049437250	m61_49	2049430250	宝死体005
2049437260	m61_49	2049430260	宝死体006
2049437270	m61_49	2049430270	宝死体007 (宝箱)
2049437280	m61_49	2049430280	宝死体008
2049437290	m61_49	2049430290	宝死体009
2049437300	m61_49	2049430300	宝死体010
2049437310	m61_49	2049430310	宝死体011
2049437320	m61_49	2049430320	宝死体012
2049437330	m61_49	2049430330	宝死体013
2049437340	m61_49	2049430340	宝死体014
2049437350	m61_49	2049430350	宝死体015
2049437360	m61_49	2049430360	宝死体016
2049437370	m61_49	2049430370	宝死体017
2049437380	m61_49	2049430380	宝死体018
2049437500	m61_49	2049430500	宝箱000
2049437520	m61_49	2049430520	宝箱002
2049437600	m61_49	2049430600	宝死体020
2049437620	m61_49	2049430620	宝死体022
2050387000	m61_50	2050380000	宝死体000
2050387010	m61_50	2050380010	アイテム光001　箱舟　指遺跡手前
2050417010	m61_50	2050410010	宝死体001 フォグトンネル
2050437000	m61_50	2050430000	宝死体000
2050437010	m61_50	2050430010	宝死体001 サブルート終端
2050437040	m61_50	2050430040	宝死体004 サブルート終端
2050437220	m61_50	2050430220	宝死体002 崖の塔
2050437500	m61_50	2050430500	アイテム光000　ミケラ十字（崖の塔側）
2050437720	m61_50	2050430720	アイテム光002 隠れ集落
2050447000	m61_50	2050440000	宝死体000 堀
2050447010	m61_50	2050440010	宝死体001
2050447020	m61_50	2050440020	宝死体002
2050447030	m61_50	2050440030	宝死体003
2050447040	m61_50	2050440040	宝死体004
2050447050	m61_50	2050440050	宝死体005
2050447060	m61_50	2050440060	宝死体006
2050447070	m61_50	2050440070	宝死体007 腐肉の水路
2050447090	m61_50	2050440090	宝死体009
2050447100	m61_50	2050440100	宝死体010
2050447120	m61_50	2050440120	宝死体012 腐肉の水路
2050447140	m61_50	2050440140	宝死体014 隠れ集落
2050447500	m61_50	2050440500	アイテム光000
2050447710	m61_50	2050440710	アイテム光001
2050447720	m61_50	2050440720	宝死体000 滝行
2050447730	m61_50	2050440730	アイテム光003 壺用
2050467000	m61_50	2050460000	宝死体000
2050467020	m61_50	2050460020	宝死体002
2050467030	m61_50	2050460030	宝死体003
2050467040	m61_50	2050460040	宝死体004
2050467700	m61_50	2050460700	アイテム光000
2050467710	m61_50	2050460710	アイテム光001 ウィッカーマン捨て場 レア素材
2050467720	m61_50	2050460720	アイテム光002 ウィッカーマン捨て場 レア素材
2050467730	m61_50	2050460730	アイテム光003 ウィッカーマン捨て場 レア素材
2050467800	m61_50	2050460800	アイテム光 光る墓
2050467900	m61_50	2050460900	宝箱000
2050467910	m61_50	2050460910	宝箱001
2052407010	m61_52	2052400010	宝死体001 奈落の森
2052417000	m61_52	2052410000	宝死体000
2052417010	m61_52	2052410010	宝死体001
2053397000	m61_54	2054390000	宝死体000
2053397010	m61_53	2053390010	宝死体001
2053397020	m61_53	2053390020	宝死体002　DLC強化アイテム_PC
2053407000	m61_53	2053400000	宝死体000
2053417000	m61_53	2053410000	宝死体000
2053417020	m61_53	2053410020	宝死体002
2053417500	m61_53	2053410500	アイテム光000 廃教会
2053487000	m61_53	2053480000	宝死体000
2053487010	m61_53	2053480010	宝死体001
