# AUTO-GENERATED by tools/datamine_msb_gated_treasures.py -- DO NOT EDIT, re-emit.
# MSB Event/Treasure records with StartDisabled=1: the pickup is NOT in the world
# at map load. CANDIDATE SET for access-rule review -- NOT a verdict. This field
# says a pickup starts absent; it does not say what enables it, and some are
# enabled immediately by their own map setup.
# MEASURED THIS RUN: 3894 treasure records, 163 gated w/ lot, 158 resolved to a flag,
#   155 rows = 136 DISTINCT live AP checks (rows > checks: treasure records share
#   lots). Gated-but-no-lot: 0. Unreadable: 0.
map_id	treasure_name	item_lot_id	treasure_part	entity_id	flag	is_live_check	is_corpse
m10_00_00_00	【宝死体】 78 巨大敵破壊アセット宝	10000780	AEG099_635_9000	0	10007780	1	1
m10_00_00_00	【宝箱】 00	10000960	AEG099_630_9000	0	10007960	1	0
m10_00_00_00	【宝箱】 01	10000970	AEG099_630_9001	0	10007970	1	0
m10_00_00_00	【宝箱】 03	10000990	AEG099_630_9003	0	10007990	1	0
m10_00_00_00	【宝箱】 兵舎地下ガーゴイル部屋【day1追加】	10000965	AEG099_630_9004	0	10007965	1	0
m10_00_00_00	【宝箱】 城壁内部 罠部屋【daｙ1追加】	10000975	AEG099_630_9005	0	10007975	1	0
m10_01_00_00	宝箱 000	10010900	AEG099_630_9000	0	10017900	1	0
m11_00_00_00	【day1追加】宝0015 大樹聖堂 2階 宝箱	11000015	AEG099_630_9005	0	11007015	1	0
m11_00_00_00	宝死体013　→調香詰所の宝箱004に変更	11000130	AEG099_630_9004	0	66710	0	1
m11_00_00_00	宝箱002	11000980	AEG099_630_9002	0	11007980	1	0
m11_00_00_00	宝箱003	11001020	AEG099_630_9003	0	11007994	1	0
m11_10_00_00	宝死体070	11100700	AEG099_630_9000	0	11107700	1	1
m11_10_00_00	宝死体071	11100710	AEG099_630_9001	0	11107710	1	1
m13_00_00_00	宝箱000	13000900	AEG099_632_9000	0	13007900	1	0
m13_00_00_00	宝箱001	13000910	AEG099_632_9001	0	13007910	1	0
m13_00_00_00	宝箱002	13000920	AEG099_632_9002	0	13007920	1	0
m13_00_00_00	宝箱003	13000930	AEG099_632_9003	0		0	0
m13_00_00_00	宝箱004	13000940	AEG099_632_9004	0	13007940	1	0
m13_00_00_00	宝箱005	13000950	AEG099_632_9005	0	13007950	1	0
m14_00_00_00	宝 アイテム光 隠し部屋上層 →宝箱に変更中	14000880	AEG099_630_9003	0	14007880	1	0
m14_00_00_00	宝箱000	14000900	AEG099_630_9000	0	66410	1	0
m14_00_00_00	宝箱001	14000910	AEG099_630_9001	0	14007910	1	0
m14_00_00_00	宝箱002	14000920	AEG099_630_9002	0	14007920	1	0
m14_00_00_00	宝箱004	14000940	AEG099_630_9004	0	14007940	1	0
m14_00_00_00	宝箱005	14000950	AEG099_630_9005	0	67420	1	0
m14_00_00_00	宝箱006	14000960	AEG099_630_9006	0	114	1	0
m14_00_00_00	宝箱007 望楼頂上追加	14000970	AEG099_630_9007	0	14007970	1	0
m15_00_00_00	宝死体099	15000990	AEG099_990_9000	0	15007990	1	1
m16_00_00_00	アイテム光01	16000710	AEG099_990_9001	0	16007710	1	0
m30_03_00_00	宝箱000	30030010	AEG099_630_9000	0	30037010	1	0
m30_09_00_00	宝箱 ボス部屋	30090000	AEG099_630_9000	0	30097000	1	0
m30_09_00_00	宝箱　マグマロード最奥	30090010	AEG099_630_9001	0	30097010	1	0
m30_11_00_00	宝箱 ボス部屋	30110000	AEG099_630_9000	0	30117000	1	0
m30_16_00_00	宝箱004	30160040	AEG099_013_9000	0	30167040	1	0
m30_18_00_00	宝箱 最下層最奥	30180070	AEG099_630_9000	0	30187070	1	0
m31_01_00_00	宝箱010	31010100	AEG099_633_9010	0	31017060	1	0
m31_18_00_00	宝箱000	31180000	AEG099_630_9000	0	66780	1	0
m31_18_00_00	宝箱001	31180010		0		0	0
m31_18_00_00	宝箱002	31180020	AEG099_630_9002	0	31187020	1	0
m31_19_00_00	宝箱000	31190000	AEG099_630_9000	0	31197000	1	0
m31_19_00_00	宝箱001	31190010	AEG099_630_9001	0	31197010	1	0
m31_19_00_00	宝箱003	31190030	AEG099_630_9003	0	31197030	1	0
m31_19_00_00	宝箱004	31190040	AEG099_630_9004	0	31197040	1	0
m31_19_00_00	宝箱005	31190050	AEG099_630_9005	0	31197050	1	0
m31_19_00_00	宝箱006	31190060	AEG099_630_9006	0	31197060	1	0
m31_19_00_00	宝箱008	31190080	AEG099_630_9008	0	31197080	1	0
m31_19_00_00	宝箱009	31190090	AEG099_630_9009	0	31197090	1	0
m31_19_00_00	宝箱010	31190100	AEG099_630_9010	0	31197100	1	0
m31_19_00_00	宝箱011	31190110	AEG099_630_9011	0	31197110	1	0
m31_19_00_00	宝箱012	31190120	AEG099_630_9012	0	31197120	1	0
m31_19_00_00	宝箱013	31190130	AEG099_630_9013	0	31197130	1	0
m31_21_00_00	宝箱020	31210200	AEG099_630_9030	0	31217200	1	0
m31_21_00_00	貴人宝箱040	31210400	AEG099_633_9040	0	31217400	1	0
m32_00_00_00	宝箱000 イベントアイテム	32000900	AEG099_630_9000	0	32007900	1	0
m32_02_00_00	宝死体000 ※貴人宝箱に変更	32020000	AEG099_633_9000	0	32027000	1	1
m32_02_00_00	宝箱000	32020900	AEG099_630_9000	0	32027900	1	0
m32_05_00_00	【ダミー化中】宝箱000	32050900		0	32057900	1	0
m32_05_00_00	宝箱001 ※貴人宝箱	32050910	AEG099_633_9000	0	32057910	1	0
m32_08_00_00	宝箱000	32080900	AEG099_630_9000	0	32087900	1	0
m32_08_00_00	宝箱001	32080910	AEG099_630_9001	0	32087910	1	0
m34_12_00_00	宝死体013 巨大敵破壊アセット宝	34120130	AEG099_635_9000	0	34127130	1	1
m34_12_00_00	宝箱000	34120900	AEG099_630_9000	0	34127900	1	0
m34_13_00_00	宝箱000	34130900	AEG099_630_9000	0	34137900	1	0
m40_00_00_00	宝箱000	40000900	AEG099_630_9000	0	40007900	1	0
m40_01_00_00	宝箱000	40010900	AEG099_630_9000	0	68780	1	0
m40_02_00_00	宝箱000	40020020	AEG099_630_9000	0	40027020	1	0
m40_02_00_00	宝箱001 ダミー	40020140	AEG099_013_9001	0	40027140	1	0
m40_02_00_00	宝箱002	40020220	AEG099_630_9002	0	40027220	1	0
m41_00_00_00	宝箱000（宝死体014枠）	41000140	AEG099_630_9000	0	66900	0	1
m41_02_00_00	宝箱000	41020000	AEG099_630_9000	0	41027000	1	0
m41_02_00_00	宝箱001	41020320	AEG099_630_9001	0	41027320	1	0
m60_09_12_02	m60_38_51_00-宝死体003 大野営地群 馬車宝箱	1038510030	m60_38_51_00-AEG100_101_3000	0	1038517030	1	1
m60_09_12_02	m60_39_51_00-馬車宝箱	1038510090	m60_39_51_00-AEG100_101_3000	0	1038517090	1	0
m60_10_09_02	m60_42_37_00-馬車宝001	942370070	m60_42_37_00-AEG100_101_1000	0	1042377070	1	0
m60_10_09_02	m60_42_37_00-馬車宝002	942370060	m60_42_37_00-AEG100_101_1001	0	1042377060	1	0
m60_10_10_02	m60_40_40_00-馬車宝箱：000	1040400000	m60_40_40_00-AEG100_101_1000	0	1040407000	1	0
m60_10_12_02	m60_42_50_00-宝死体000 馬車宝箱	1042500000	m60_42_50_00-AEG100_101_1000	0	1042507000	1	1
m60_11_10_02	m60_47_40_00-宝箱002（馬車）	1047400920	m60_47_40_00-AEG100_101_1001	0	1047407920	1	0
m60_11_14_02	m60_47_56_00-宝箱000 霊廟	1047560000		0		0	0
m60_33_47_00	宝箱002	1033470900	AEG099_630_9002	0	1033477900	1	0
m60_33_47_00	宝箱003	1033470910	AEG099_630_9003	0	1033477910	1	0
m60_34_43_00	アイテム光000：魔術師の塔	1034430300	AEG099_090_9010	0	1034437300	1	0
m60_34_43_00	宝箱000：魔術師の塔	1034430100	AEG099_630_9000	0	60410	1	0
m60_34_44_00	宝死体000	1034440900	AEG099_630_9000	0	1034447900	1	1
m60_34_51_00	宝箱000	1034510900	AEG099_630_9000	0	1034517900	1	0
m60_35_50_00	宝箱000	1035500900	AEG099_630_9001	0	1035507900	1	0
m60_36_52_00	宝 彫像型宝箱	1036520000	AEG099_635_9000	0	1036527000	1	0
m60_37_42_00	宝箱000：遺跡2-3地下室	1037420900	AEG099_630_9000	0	1037427900	1	0
m60_38_49_00	宝箱000	1038490900	AEG099_630_9000	0	1038497900	1	0
m60_38_52_00	宝箱　遺跡地下	1038520000	AEG099_630_9000	0	1038527000	1	0
m60_39_53_00	宝死体005 魔術師の塔	1039530050	AEG099_630_9000	1039533501	1039537050	1	1
m60_39_53_00	宝死体006 椅子宝死体 魔術師の塔内	1039530060	AEG099_620_9000	1039533502	1039537060	1	1
m60_39_54_00	宝箱00	1039540300	AEG099_630_9000	0	1039547300	1	0
m60_40_53_00	宝死体001 遺跡地下ボス部屋 宝箱	1040530010	AEG099_630_9000	0	1040537010	1	1
m60_42_37_00	宝箱000 関所上	1042371300	AEG099_630_9000	0	1042377300	1	0
m60_42_37_00	宝箱001 遺跡1-4	1042371010	AEG099_630_9001	0	60130	1	0
m60_42_38_00	アイテム光014：巨大敵オブジェ	1042380600	AEG099_635_9000	0	1042387600	1	0
m60_42_39_00	宝箱000	1042390900	AEG099_630_9000	0	1042397900	1	0
m60_43_31_00	宝箱000	1043310900	AEG099_630_9000	0	1043317900	1	0
m60_43_31_00	宝箱001	1043310910	AEG099_630_9001	0	1043317910	1	0
m60_44_35_00	宝箱000 野営地	1044350900	AEG099_630_9000	0	1044357900	1	0
m60_45_52_00	宝死体002 巨大敵で壊せる石像	1045520020	AEG099_635_9000	0	1045527020	1	1
m60_46_57_00	アイテム光000：枯れ古代樹の森_巨大敵が壊せる像	1046570800	AEG099_635_9000	0	1046577800	1	0
m60_47_38_00	宝箱000	1047380900	AEG099_630_9000	0	1047387900	1	0
m60_47_38_00	宝箱001	1047380910	AEG099_630_9001	0	1047387910	1	0
m60_47_38_00	宝箱002	1047380920	AEG099_630_9002	0	1047387920	1	0
m60_47_38_10	宝箱000	1047380900	AEG099_630_9000	0	1047387900	1	0
m60_47_38_10	宝箱001	1047380910	AEG099_630_9001	0	1047387910	1	0
m60_47_38_10	宝箱002	1047380920	AEG099_630_9002	0	1047387920	1	0
m60_47_39_00	宝箱008	1047390080	AEG099_630_9000	0	1047397080	1	0
m60_47_39_10	宝箱008	1047390080	AEG099_630_9000	0	1047397080	1	0
m60_47_40_00	宝箱000	1047400900	AEG099_630_9000	0	1047407900	1	0
m60_47_40_00	宝箱001	1047400910	AEG099_630_9001	0	1047407910	1	0
m60_48_39_00	宝箱000	1048390900	AEG099_630_9000	0	1048397900	1	0
m60_48_40_00	宝箱000　遺跡4－4地下室	1048400900	AEG099_630_9000	0	1048407900	1	0
m60_49_39_00	宝箱000	1049390900	AEG099_630_9000	0	1049397900	1	0
m60_49_39_00	宝箱001	1049390910	AEG099_630_9001	0	1049397910	1	0
m60_49_40_00	宝情報004　壊せる彫像の中	1049400040	AEG099_635_9000	0	1049407040	1	0
m60_50_36_00	宝箱000	1050360900	AEG099_630_9000	0	1050367900	1	0
m60_50_39_00	宝箱000	1050390900	AEG099_630_9000	0	1050397900	1	0
m60_50_39_00	宝箱001	1050390910	AEG099_630_9001	0	1050397910	1	0
m60_50_55_00	貴人宝箱000	1050550900	AEG099_633_9000	0	1050557900	1	0
m60_50_56_00	アイテム光000：下層峡谷_巨大敵が壊せるアセット	1050560800	AEG099_635_9000	0	1050567800	1	0
m60_50_56_00	アイテム光002：魔術師の塔5-2	1050560820	AEG099_990_9002	0	1050567820	0	0
m60_52_41_00	宝箱000	1052410900	AEG099_630_9000	0	60460	1	0
m60_52_57_00	アイテム光001：峡谷終端_巨大敵が壊せる像	1052570810	AEG099_635_9000	0	1052577810	1	0
m61_44_45_00	宝箱000	2044450900	AEG099_630_9000	0	2044457900	1	0
m61_44_45_10	宝箱000	2044450900	AEG099_630_9000	0	2044457900	1	0
m61_45_46_00	宝箱000	2045460900	AEG099_630_9000	0	2045467900	1	0
m61_45_46_00	宝箱001	2045460910	AEG099_630_9001	0	2045467910	1	0
m61_45_46_10	宝箱000	2045460900	AEG099_630_9000	0	2045467900	1	0
m61_45_46_10	宝箱001	2045460910	AEG099_630_9001	0	2045467910	1	0
m61_46_45_00	宝箱000	2046450900	AEG099_630_9000	0		0	0
m61_46_45_00	宝箱001	2046450910	AEG099_630_9001	0	2046457910	1	0
m61_46_45_00	宝箱002	2046450920	AEG099_630_9002	0	2046457920	1	0
m61_46_45_10	宝箱000	2046450900	AEG099_630_9000	0		0	0
m61_46_45_10	宝箱001	2046450910	AEG099_630_9001	0	2046457910	1	0
m61_46_45_10	宝箱002	2046450920	AEG099_630_9002	0	2046457920	1	0
m61_46_47_00	アイテム光004	80600	AEG099_090_9004	0	580600	1	0
m61_46_47_00	アイテム光005	2046470750	AEG099_090_9005	0	2046477750	1	0
m61_46_47_10	アイテム光004	80600	AEG099_090_9004	0	580600	1	0
m61_46_47_10	アイテム光005	2046470750	AEG099_090_9005	0	2046477750	1	0
m61_47_44_00	アイテム光005　砦外野営地	2047440750	AEG099_090_9006	0	2047447750	1	0
m61_47_44_00	アイテム光008　街道砦　アイテム光　ミケラ十字傍２	80600	AEG099_090_9008	0	580600	1	0
m61_47_44_00	宝箱000　街道砦　前半見張り塔	2047440800	AEG099_630_9000	0	2047447800	1	0
m61_47_44_00	宝箱001　街道砦　城門前部屋	2047440810	AEG099_630_9001	0	68790	1	0
m61_47_44_00	宝箱002　街道砦　城門の上	2047440820	AEG099_630_9002	0	2047447820	1	0
m61_47_44_00	宝箱003　街道砦　教会地下室	2047440830	AEG099_630_9003	0	2047447830	1	0
m61_47_44_00	宝箱004　砦外 野営地_調香師エリア	2047440840	AEG099_630_9004	0	2047447840	1	0
m61_47_44_10	アイテム光005　砦外野営地	2047440750	AEG099_090_9006	0	2047447750	1	0
m61_47_44_10	アイテム光008　街道砦　アイテム光　ミケラ十字傍２	80600	AEG099_090_9008	0	580600	1	0
m61_47_44_10	宝箱000　街道砦　前半見張り塔	2047440800	AEG099_630_9000	0	2047447800	1	0
m61_47_44_10	宝箱001　街道砦　城門前部屋	2047440810	AEG099_630_9001	0	68790	1	0
m61_47_44_10	宝箱002　街道砦　城門の上	2047440820	AEG099_630_9002	0	2047447820	1	0
m61_47_44_10	宝箱003　街道砦　教会地下室	2047440830	AEG099_630_9003	0	2047447830	1	0
m61_47_44_10	宝箱004　砦外 野営地_調香師エリア	2047440840	AEG099_630_9004	0	2047447840	1	0
m61_48_44_00	宝箱000　街道砦　城壁部屋	2048440800	AEG099_630_9000	0	2048447800	1	0
m61_48_44_00	宝箱001　街道砦　離れの塔	2048440810	AEG099_630_9001	0	2048447810	1	0
m61_49_43_00	宝死体007 (宝箱)	2049430270	AEG099_630_9003	0	2049437270	1	1
m61_49_43_00	宝箱000	2049430500	AEG099_630_9000	0	2049437500	1	0
m61_49_43_00	宝箱001	2049430510	AEG099_630_9001	0	68820	1	0
m61_49_43_00	宝箱002	2049430520	AEG099_630_9002	0	2049437520	1	0
m61_50_46_00	宝箱000	2050460900	AEG099_630_9000	0	2050467900	1	0
