# AUTO-GENERATED by tools/datamine_spare_goods.py -- EquipParamGoods rows that EXIST,
# have an FMG ENTRY whose text is a PLACEHOLDER (not a real name -- an empty `[ERROR]`
# entry is the ideal shape), and are referenced by NO lot/shop/recipe. The pool
# for features/shops._LOCK_PREVIEW_SPARE_GOODS (region-lock + foreign-item previews).
# floor id=8852, cap id=999999, excludes reserved placeholder 8852.
goods_id
8853
8854
8914
8949
8950
9314
9315
9316
9317
9318
9319
9332
9333
9334
9335
9336
9337
9338
9339
9349
9350
9351
9352
9353
9354
9355
9356
9357
9358
9359
9366
9367
9368
9369
9370
9394
9395
9396
9397
9398
9399
9404
9405
9406
9407
9408
9409
9410
9424
9425
9426
9427
9428
9429
9430
9442
9443
9444
9445
9446
9447
9448
9449
9450
51760
