# AUTO-GENERATED by tools/sweep_unnamed_items.py -- DO NOT EDIT, re-emit.
# One row per UNNAMED item-lot row, recording every corpus that was searched
# for it. A '-' means SEARCHED AND ABSENT, not 'not looked at'.
# 🛑 msb_searched is NO for every row: the witchy'd MSBs stay on the Windows
#    box. That half is a NAMED GAP, not a silence.
# data.py inputs_hash at sweep time: sha256:9a95a94a640b533050b78d694b549f1b78ea205291995b86bf60e8d3883d0f8f
# Re-run: python tools/gen_inputs.py --extract && python tools/sweep_unnamed_items.py
# ✅ ZERO unnamed item-lot rows remain. This is the SOLVED state, not a
#    failed emit: gen_data.py derives these names via tools/item_naming.py
#    (the same three rules this tool uses), so a lot that can be named is
#    named in the world and never reaches this worklist. If rows reappear,
#    a new lot shape has arrived that item_naming cannot resolve yet.

