10000450	m10_00_00_00
10000850	m10_00_00_00
10000730	m10_00_00_00
10000010	m10_00_00_00
10000020	m10_00_00_00
10000030	m10_00_00_00
10000040	m10_00_00_00
10000050	m10_00_00_00
10000060	m10_00_00_00
10000070	m10_00_00_00
10000080	m10_00_00_00
10000090	m10_00_00_00
10000100	m10_00_00_00
10000110	m10_00_00_00
10000120	m10_00_00_00
10000130	m10_00_00_00
10000140	m10_00_00_00
10000150	m10_00_00_00
10000160	m10_00_00_00
10000170	m10_00_00_00
10000180	m10_00_00_00
10000190	m10_00_00_00
10000200	m10_00_00_00
10000210	m10_00_00_00
10000220	m10_00_00_00
10000230	m10_00_00_00
10000240	m10_00_00_00
10000250	m10_00_00_00
10000260	m10_00_00_00
10000270	m10_00_00_00
10000280	m10_00_00_00
10000290	m10_00_00_00
10000300	m10_00_00_00
10000310	m10_00_00_00
10000320	m10_00_00_00
10000330	m10_00_00_00
10000340	m10_00_00_00
10000350	m10_00_00_00
10000360	m10_00_00_00
10000370	m10_00_00_00
10000380	m10_00_00_00
10000390	m10_00_00_00
10000400	m10_00_00_00
10000410	m10_00_00_00
10000420	m10_00_00_00
10000430	m10_00_00_00
10000440	m10_00_00_00
10000450	m10_00_00_00
10000460	m10_00_00_00
10000470	m10_00_00_00
10000480	m10_00_00_00
10000490	m10_00_00_00
10000500	m10_00_00_00
10000510	m10_00_00_00
10000520	m10_00_00_00
10000530	m10_00_00_00
10000540	m10_00_00_00
10000550	m10_00_00_00
10000560	m10_00_00_00
10000570	m10_00_00_00
10000580	m10_00_00_00
10000590	m10_00_00_00
10000600	m10_00_00_00
10000610	m10_00_00_00
10000620	m10_00_00_00
10000630	m10_00_00_00
10000640	m10_00_00_00
10000650	m10_00_00_00
10000660	m10_00_00_00
10000670	m10_00_00_00
10000680	m10_00_00_00
10000690	m10_00_00_00
10000700	m10_00_00_00
10000710	m10_00_00_00
10000720	m10_00_00_00
10000730	m10_00_00_00
10000740	m10_00_00_00
10000750	m10_00_00_00
10000760	m10_00_00_00
10000770	m10_00_00_00
10000780	m10_00_00_00
10000790	m10_00_00_00
10000800	m10_00_00_00
10000810	m10_00_00_00
10000820	m10_00_00_00
10000830	m10_00_00_00
10000840	m10_00_00_00
10000850	m10_00_00_00
10000860	m10_00_00_00
10000870	m10_00_00_00
10000880	m10_00_00_00
10000890	m10_00_00_00
10000900	m10_00_00_00
10000910	m10_00_00_00
10000920	m10_00_00_00
10000930	m10_00_00_00
10000940	m10_00_00_00
10000950	m10_00_00_00
10000775	m10_00_00_00
1000	m10_00_00_00
10000005	m10_00_00_00
10000015	m10_00_00_00
10000025	m10_00_00_00
10000035	m10_00_00_00
10000960	m10_00_00_00
10000970	m10_00_00_00
10000980	m10_00_00_00
10000990	m10_00_00_00
10000965	m10_00_00_00
10000975	m10_00_00_00
12010000	m12_01_00_00
12010010	m12_01_00_00
12010020	m12_01_00_00
12010030	m12_01_00_00
12010040	m12_01_00_00
12010050	m12_01_00_00
12010060	m12_01_00_00
12010070	m12_01_00_00
12010080	m12_01_00_00
12010090	m12_01_00_00
12010100	m12_01_00_00
12010110	m12_01_00_00
12010120	m12_01_00_00
12010130	m12_01_00_00
12010140	m12_01_00_00
12010150	m12_01_00_00
12010160	m12_01_00_00
12010170	m12_01_00_00
12010180	m12_01_00_00
12010190	m12_01_00_00
12010200	m12_01_00_00
12010210	m12_01_00_00
12010220	m12_01_00_00
12010230	m12_01_00_00
12010240	m12_01_00_00
12010250	m12_01_00_00
12010260	m12_01_00_00
12010270	m12_01_00_00
12010280	m12_01_00_00
12010290	m12_01_00_00
12010300	m12_01_00_00
12010310	m12_01_00_00
12010320	m12_01_00_00
12010330	m12_01_00_00
12010340	m12_01_00_00
12010350	m12_01_00_00
12010360	m12_01_00_00
12010370	m12_01_00_00
12010380	m12_01_00_00
12010390	m12_01_00_00
12010400	m12_01_00_00
12010410	m12_01_00_00
12010420	m12_01_00_00
12010430	m12_01_00_00
12010440	m12_01_00_00
12010450	m12_01_00_00
12010460	m12_01_00_00
12010470	m12_01_00_00
12010480	m12_01_00_00
12010490	m12_01_00_00
12010500	m12_01_00_00
12010510	m12_01_00_00
12010520	m12_01_00_00
12010530	m12_01_00_00
12010540	m12_01_00_00
12010550	m12_01_00_00
12010560	m12_01_00_00
12010570	m12_01_00_00
12010580	m12_01_00_00
12010590	m12_01_00_00
12010600	m12_01_00_00
12010610	m12_01_00_00
12010620	m12_01_00_00
12010630	m12_01_00_00
12010640	m12_01_00_00
12010650	m12_01_00_00
12010660	m12_01_00_00
12010670	m12_01_00_00
12010680	m12_01_00_00
12010710	m12_01_00_00
12010720	m12_01_00_00
12010730	m12_01_00_00
12010740	m12_01_00_00
12010750	m12_01_00_00
12010760	m12_01_00_00
12010770	m12_01_00_00
12010780	m12_01_00_00
12010790	m12_01_00_00
12010800	m12_01_00_00
12010810	m12_01_00_00
12010820	m12_01_00_00
12010830	m12_01_00_00
12010840	m12_01_00_00
12010850	m12_01_00_00
12010860	m12_01_00_00
12010870	m12_01_00_00
12010880	m12_01_00_00
12010890	m12_01_00_00
12010020	m12_01_00_00
12010690	m12_01_00_00
12010700	m12_01_00_00
12010900	m12_01_00_00
12010910	m12_01_00_00
12010920	m12_01_00_00
12010930	m12_01_00_00
12010940	m12_01_00_00
12010950	m12_01_00_00
12010960	m12_01_00_00
12010970	m12_01_00_00
12010980	m12_01_00_00
12010990	m12_01_00_00
12020000	m12_02_00_00
12020010	m12_02_00_00
12020020	m12_02_00_00
12020030	m12_02_00_00
12020040	m12_02_00_00
12020050	m12_02_00_00
12020060	m12_02_00_00
12020100	m12_02_00_00
12020110	m12_02_00_00
12020120	m12_02_00_00
12020130	m12_02_00_00
12020140	m12_02_00_00
12020140	m12_02_00_00
12020150	m12_02_00_00
12020160	m12_02_00_00
12020170	m12_02_00_00
12020180	m12_02_00_00
12020190	m12_02_00_00
12020200	m12_02_00_00
12020210	m12_02_00_00
12020220	m12_02_00_00
12020230	m12_02_00_00
12020240	m12_02_00_00
12020250	m12_02_00_00
12020260	m12_02_00_00
12020270	m12_02_00_00
12020280	m12_02_00_00
12020290	m12_02_00_00
12020300	m12_02_00_00
12020310	m12_02_00_00
12020320	m12_02_00_00
12020320	m12_02_00_00
12020330	m12_02_00_00
12020340	m12_02_00_00
12020350	m12_02_00_00
12020360	m12_02_00_00
12020370	m12_02_00_00
12020380	m12_02_00_00
12020390	m12_02_00_00
12020400	m12_02_00_00
12020410	m12_02_00_00
12020420	m12_02_00_00
12020430	m12_02_00_00
12020440	m12_02_00_00
12020450	m12_02_00_00
12020450	m12_02_00_00
12020460	m12_02_00_00
12020470	m12_02_00_00
12020490	m12_02_00_00
12020480	m12_02_00_00
12020500	m12_02_00_00
12020510	m12_02_00_00
12020520	m12_02_00_00
12020530	m12_02_00_00
12020540	m12_02_00_00
12020550	m12_02_00_00
12020560	m12_02_00_00
12020570	m12_02_00_00
12020580	m12_02_00_00
12020590	m12_02_00_00
12020600	m12_02_00_00
12020610	m12_02_00_00
12020620	m12_02_00_00
12020630	m12_02_00_00
12020640	m12_02_00_00
12020650	m12_02_00_00
12020660	m12_02_00_00
12020670	m12_02_00_00
12020680	m12_02_00_00
12020690	m12_02_00_00
12020710	m12_02_00_00
12020720	m12_02_00_00
12020730	m12_02_00_00
12020740	m12_02_00_00
12020750	m12_02_00_00
12020760	m12_02_00_00
12020770	m12_02_00_00
12020780	m12_02_00_00
12020790	m12_02_00_00
12020800	m12_02_00_00
12020810	m12_02_00_00
12020820	m12_02_00_00
12020830	m12_02_00_00
12020850	m12_02_00_00
12020860	m12_02_00_00
12020870	m12_02_00_00
12020880	m12_02_00_00
12020890	m12_02_00_00
12020900	m12_02_00_00
12020910	m12_02_00_00
12020920	m12_02_00_00
12020930	m12_02_00_00
12020940	m12_02_00_00
12020950	m12_02_00_00
12020950	m12_02_00_00
12020960	m12_02_00_00
12020960	m12_02_00_00
12020970	m12_02_00_00
12020970	m12_02_00_00
12020980	m12_02_00_00
12020980	m12_02_00_00
12020990	m12_02_00_00
12020990	m12_02_00_00
12020880	m12_02_00_00
12020080	m12_02_00_00
12020090	m12_02_00_00
12020070	m12_02_00_00
12030000	m12_03_00_00
12030010	m12_03_00_00
12030020	m12_03_00_00
12030030	m12_03_00_00
12030040	m12_03_00_00
12030050	m12_03_00_00
12030060	m12_03_00_00
12030070	m12_03_00_00
12030080	m12_03_00_00
12030090	m12_03_00_00
12030100	m12_03_00_00
12030110	m12_03_00_00
12030120	m12_03_00_00
12030130	m12_03_00_00
12030140	m12_03_00_00
12030150	m12_03_00_00
12030160	m12_03_00_00
12030170	m12_03_00_00
12030180	m12_03_00_00
12030190	m12_03_00_00
12030200	m12_03_00_00
12030210	m12_03_00_00
12030220	m12_03_00_00
12030230	m12_03_00_00
12030240	m12_03_00_00
12030250	m12_03_00_00
12030260	m12_03_00_00
12030270	m12_03_00_00
12030280	m12_03_00_00
12030290	m12_03_00_00
12030300	m12_03_00_00
12030310	m12_03_00_00
12030320	m12_03_00_00
12030330	m12_03_00_00
12030340	m12_03_00_00
12030350	m12_03_00_00
12030360	m12_03_00_00
12030370	m12_03_00_00
12030380	m12_03_00_00
12030390	m12_03_00_00
12030400	m12_03_00_00
12030410	m12_03_00_00
12030420	m12_03_00_00
12030430	m12_03_00_00
12030440	m12_03_00_00
12030450	m12_03_00_00
12030460	m12_03_00_00
12030470	m12_03_00_00
12030480	m12_03_00_00
12030490	m12_03_00_00
12030500	m12_03_00_00
12030510	m12_03_00_00
12030520	m12_03_00_00
12030530	m12_03_00_00
12030540	m12_03_00_00
12030550	m12_03_00_00
4910	m12_03_00_00
12050000	m12_05_00_00
12050010	m12_05_00_00
12050020	m12_05_00_00
12050030	m12_05_00_00
12050040	m12_05_00_00
12050050	m12_05_00_00
12050060	m12_05_00_00
12050070	m12_05_00_00
12050080	m12_05_00_00
12050090	m12_05_00_00
12050100	m12_05_00_00
12050110	m12_05_00_00
12050120	m12_05_00_00
12050130	m12_05_00_00
12050140	m12_05_00_00
12050150	m12_05_00_00
12050160	m12_05_00_00
12050170	m12_05_00_00
12050180	m12_05_00_00
12050190	m12_05_00_00
12050210	m12_05_00_00
12050290	m12_05_00_00
12050300	m12_05_00_00
12050310	m12_05_00_00
12050320	m12_05_00_00
12050330	m12_05_00_00
12050340	m12_05_00_00
12050350	m12_05_00_00
12050360	m12_05_00_00
12050370	m12_05_00_00
12050590	m12_05_00_00
12050600	m12_05_00_00
12050610	m12_05_00_00
12050620	m12_05_00_00
12050630	m12_05_00_00
12050640	m12_05_00_00
12050650	m12_05_00_00
12050670	m12_05_00_00
12050680	m12_05_00_00
12050690	m12_05_00_00
12050700	m12_05_00_00
12050900	m12_05_00_00
12050010	m12_05_00_00
12070000	m12_07_00_00
12070010	m12_07_00_00
12070020	m12_07_00_00
12070030	m12_07_00_00
12070040	m12_07_00_00
12070050	m12_07_00_00
12070060	m12_07_00_00
12070070	m12_07_00_00
12070080	m12_07_00_00
12070090	m12_07_00_00
12070100	m12_07_00_00
12070110	m12_07_00_00
12070120	m12_07_00_00
12070130	m12_07_00_00
12070140	m12_07_00_00
12070150	m12_07_00_00
12070160	m12_07_00_00
12070170	m12_07_00_00
12070180	m12_07_00_00
12070300	m12_07_00_00
12070310	m12_07_00_00
12070320	m12_07_00_00
12070330	m12_07_00_00
12070340	m12_07_00_00
12070350	m12_07_00_00
12070360	m12_07_00_00
12070370	m12_07_00_00
12070380	m12_07_00_00
12070390	m12_07_00_00
12070400	m12_07_00_00
12070410	m12_07_00_00
12070420	m12_07_00_00
12070430	m12_07_00_00
12070440	m12_07_00_00
12070450	m12_07_00_00
12070460	m12_07_00_00
12070470	m12_07_00_00
12070480	m12_07_00_00
12070490	m12_07_00_00
12070500	m12_07_00_00
13000005	m13_00_00_00
13000015	m13_00_00_00
13000025	m13_00_00_00
13000035	m13_00_00_00
13000850	m13_00_00_00
13000860	m13_00_00_00
13000870	m13_00_00_00
13000880	m13_00_00_00
13000890	m13_00_00_00
13000900	m13_00_00_00
13000910	m13_00_00_00
13000980	m13_00_00_00
13000990	m13_00_00_00
13000000	m13_00_00_00
13000010	m13_00_00_00
13000020	m13_00_00_00
13000030	m13_00_00_00
13000040	m13_00_00_00
13000050	m13_00_00_00
13000060	m13_00_00_00
13000070	m13_00_00_00
13000080	m13_00_00_00
13000090	m13_00_00_00
13000100	m13_00_00_00
13000110	m13_00_00_00
13000120	m13_00_00_00
13000130	m13_00_00_00
13000140	m13_00_00_00
13000150	m13_00_00_00
13000160	m13_00_00_00
13000170	m13_00_00_00
13000180	m13_00_00_00
13000190	m13_00_00_00
13000200	m13_00_00_00
13000210	m13_00_00_00
13000220	m13_00_00_00
13000230	m13_00_00_00
13000240	m13_00_00_00
13000250	m13_00_00_00
13000260	m13_00_00_00
13000270	m13_00_00_00
13000280	m13_00_00_00
13000290	m13_00_00_00
13000300	m13_00_00_00
13000310	m13_00_00_00
13000320	m13_00_00_00
13000330	m13_00_00_00
13000340	m13_00_00_00
13000350	m13_00_00_00
13000360	m13_00_00_00
13000370	m13_00_00_00
13000380	m13_00_00_00
13000390	m13_00_00_00
13000400	m13_00_00_00
13000410	m13_00_00_00
13000420	m13_00_00_00
13000430	m13_00_00_00
13000440	m13_00_00_00
13000450	m13_00_00_00
13000460	m13_00_00_00
13000470	m13_00_00_00
13000480	m13_00_00_00
13000490	m13_00_00_00
13000500	m13_00_00_00
13000510	m13_00_00_00
13000520	m13_00_00_00
13000530	m13_00_00_00
13000540	m13_00_00_00
13000550	m13_00_00_00
13000560	m13_00_00_00
13000570	m13_00_00_00
13000580	m13_00_00_00
13000590	m13_00_00_00
13000600	m13_00_00_00
13000610	m13_00_00_00
13000620	m13_00_00_00
13000630	m13_00_00_00
13000640	m13_00_00_00
13000650	m13_00_00_00
13000660	m13_00_00_00
13000670	m13_00_00_00
13000680	m13_00_00_00
13000690	m13_00_00_00
13000700	m13_00_00_00
13000710	m13_00_00_00
13000720	m13_00_00_00
13000730	m13_00_00_00
13000740	m13_00_00_00
13000750	m13_00_00_00
13000760	m13_00_00_00
13000770	m13_00_00_00
13000780	m13_00_00_00
13000790	m13_00_00_00
13000800	m13_00_00_00
13000810	m13_00_00_00
13000820	m13_00_00_00
13000830	m13_00_00_00
13000900	m13_00_00_00
13000910	m13_00_00_00
13000920	m13_00_00_00
13000930	m13_00_00_00
13000940	m13_00_00_00
13000950	m13_00_00_00
14000700	m14_00_00_00
14000780	m14_00_00_00
14000880	m14_00_00_00
14000890	m14_00_00_00
14000840	m14_00_00_00
14000990	m14_00_00_00
14000850	m14_00_00_00
14000860	m14_00_00_00
14000870	m14_00_00_00
14000015	m14_00_00_00
14000000	m14_00_00_00
14000010	m14_00_00_00
14000020	m14_00_00_00
14000030	m14_00_00_00
14000040	m14_00_00_00
14000050	m14_00_00_00
14000060	m14_00_00_00
14000070	m14_00_00_00
14000080	m14_00_00_00
14000090	m14_00_00_00
14000100	m14_00_00_00
14000110	m14_00_00_00
14000120	m14_00_00_00
14000130	m14_00_00_00
14000140	m14_00_00_00
14000150	m14_00_00_00
14000160	m14_00_00_00
14000170	m14_00_00_00
14000180	m14_00_00_00
14000190	m14_00_00_00
14000200	m14_00_00_00
14000210	m14_00_00_00
14000220	m14_00_00_00
14000230	m14_00_00_00
14000240	m14_00_00_00
14000250	m14_00_00_00
14000260	m14_00_00_00
14000270	m14_00_00_00
14000280	m14_00_00_00
14000290	m14_00_00_00
14000300	m14_00_00_00
14000310	m14_00_00_00
14000320	m14_00_00_00
14000330	m14_00_00_00
14000340	m14_00_00_00
14000350	m14_00_00_00
14000360	m14_00_00_00
14000370	m14_00_00_00
14000380	m14_00_00_00
14000390	m14_00_00_00
14000400	m14_00_00_00
14000410	m14_00_00_00
14000420	m14_00_00_00
14000430	m14_00_00_00
14000440	m14_00_00_00
14000450	m14_00_00_00
14000460	m14_00_00_00
14000470	m14_00_00_00
14000480	m14_00_00_00
14000490	m14_00_00_00
14000500	m14_00_00_00
14000510	m14_00_00_00
14000520	m14_00_00_00
14000530	m14_00_00_00
14000540	m14_00_00_00
14000550	m14_00_00_00
14000560	m14_00_00_00
14000570	m14_00_00_00
14000580	m14_00_00_00
14000590	m14_00_00_00
14000600	m14_00_00_00
14000610	m14_00_00_00
14000620	m14_00_00_00
14000630	m14_00_00_00
14000640	m14_00_00_00
14000650	m14_00_00_00
14000660	m14_00_00_00
14000670	m14_00_00_00
14000680	m14_00_00_00
14000690	m14_00_00_00
14000710	m14_00_00_00
14000720	m14_00_00_00
14000730	m14_00_00_00
14000740	m14_00_00_00
14000750	m14_00_00_00
14000760	m14_00_00_00
14000770	m14_00_00_00
14000780	m14_00_00_00
14000790	m14_00_00_00
14000900	m14_00_00_00
14000910	m14_00_00_00
14000920	m14_00_00_00
14000930	m14_00_00_00
14000940	m14_00_00_00
14000950	m14_00_00_00
14000960	m14_00_00_00
14000970	m14_00_00_00
15000000	m15_00_00_00
15000010	m15_00_00_00
15000020	m15_00_00_00
15000030	m15_00_00_00
15000040	m15_00_00_00
15000050	m15_00_00_00
15000060	m15_00_00_00
15000070	m15_00_00_00
15000080	m15_00_00_00
15000090	m15_00_00_00
15000100	m15_00_00_00
15000110	m15_00_00_00
15000120	m15_00_00_00
15000130	m15_00_00_00
15000140	m15_00_00_00
15000150	m15_00_00_00
15000160	m15_00_00_00
15000170	m15_00_00_00
15000180	m15_00_00_00
15000190	m15_00_00_00
15000200	m15_00_00_00
15000210	m15_00_00_00
15000220	m15_00_00_00
15000230	m15_00_00_00
15000240	m15_00_00_00
15000250	m15_00_00_00
15000260	m15_00_00_00
15000270	m15_00_00_00
15000280	m15_00_00_00
15000290	m15_00_00_00
15000300	m15_00_00_00
15000310	m15_00_00_00
15000320	m15_00_00_00
15000330	m15_00_00_00
15000340	m15_00_00_00
15000350	m15_00_00_00
15000360	m15_00_00_00
15000370	m15_00_00_00
15000380	m15_00_00_00
15000390	m15_00_00_00
15000400	m15_00_00_00
15000410	m15_00_00_00
15000420	m15_00_00_00
15000430	m15_00_00_00
15000440	m15_00_00_00
15000450	m15_00_00_00
15000460	m15_00_00_00
15000470	m15_00_00_00
15000480	m15_00_00_00
15000490	m15_00_00_00
15000500	m15_00_00_00
15000510	m15_00_00_00
15000520	m15_00_00_00
15000530	m15_00_00_00
15000540	m15_00_00_00
15000550	m15_00_00_00
15000560	m15_00_00_00
15000570	m15_00_00_00
15000580	m15_00_00_00
15000590	m15_00_00_00
15000600	m15_00_00_00
15000610	m15_00_00_00
15000620	m15_00_00_00
15000630	m15_00_00_00
15000640	m15_00_00_00
15000650	m15_00_00_00
15000660	m15_00_00_00
15000670	m15_00_00_00
15000680	m15_00_00_00
15000690	m15_00_00_00
15000700	m15_00_00_00
15000710	m15_00_00_00
15000720	m15_00_00_00
15000730	m15_00_00_00
15000740	m15_00_00_00
15000750	m15_00_00_00
15000760	m15_00_00_00
15000770	m15_00_00_00
15000780	m15_00_00_00
15000790	m15_00_00_00
15000800	m15_00_00_00
15000810	m15_00_00_00
15000820	m15_00_00_00
15000830	m15_00_00_00
15000840	m15_00_00_00
15000850	m15_00_00_00
15000860	m15_00_00_00
15000870	m15_00_00_00
15000880	m15_00_00_00
15000890	m15_00_00_00
15000900	m15_00_00_00
15000910	m15_00_00_00
15000920	m15_00_00_00
15000930	m15_00_00_00
15000940	m15_00_00_00
15000950	m15_00_00_00
15000960	m15_00_00_00
15000970	m15_00_00_00
15000980	m15_00_00_00
15000990	m15_00_00_00
16000720	m16_00_00_00
16000710	m16_00_00_00
16000730	m16_00_00_00
16000000	m16_00_00_00
16000010	m16_00_00_00
16000020	m16_00_00_00
16000020	m16_00_00_00
16000030	m16_00_00_00
16000040	m16_00_00_00
16000050	m16_00_00_00
16000060	m16_00_00_00
16000070	m16_00_00_00
16000080	m16_00_00_00
16000090	m16_00_00_00
16000100	m16_00_00_00
16000110	m16_00_00_00
16000120	m16_00_00_00
16000130	m16_00_00_00
16000140	m16_00_00_00
16000150	m16_00_00_00
16000160	m16_00_00_00
16000170	m16_00_00_00
16000180	m16_00_00_00
16000190	m16_00_00_00
16000200	m16_00_00_00
16000210	m16_00_00_00
16000220	m16_00_00_00
16000230	m16_00_00_00
16000240	m16_00_00_00
16000250	m16_00_00_00
16000260	m16_00_00_00
16000270	m16_00_00_00
16000280	m16_00_00_00
16000290	m16_00_00_00
16000300	m16_00_00_00
16000310	m16_00_00_00
16000320	m16_00_00_00
16000330	m16_00_00_00
16000340	m16_00_00_00
16000350	m16_00_00_00
16000360	m16_00_00_00
16000370	m16_00_00_00
16000380	m16_00_00_00
16000390	m16_00_00_00
16000400	m16_00_00_00
16000410	m16_00_00_00
16000420	m16_00_00_00
16000430	m16_00_00_00
16000440	m16_00_00_00
16000450	m16_00_00_00
16000460	m16_00_00_00
16000470	m16_00_00_00
16000480	m16_00_00_00
16000490	m16_00_00_00
16000500	m16_00_00_00
16000510	m16_00_00_00
16000520	m16_00_00_00
16000530	m16_00_00_00
16000540	m16_00_00_00
16000550	m16_00_00_00
16000560	m16_00_00_00
16000610	m16_00_00_00
16000620	m16_00_00_00
16000700	m16_00_00_00
20000000	m20_00_00_00
20000010	m20_00_00_00
20000020	m20_00_00_00
20000030	m20_00_00_00
20000040	m20_00_00_00
20000050	m20_00_00_00
20000060	m20_00_00_00
20000070	m20_00_00_00
20000080	m20_00_00_00
20000090	m20_00_00_00
20000100	m20_00_00_00
20000110	m20_00_00_00
20000120	m20_00_00_00
20000130	m20_00_00_00
20000140	m20_00_00_00
20000150	m20_00_00_00
20000160	m20_00_00_00
20000170	m20_00_00_00
20000180	m20_00_00_00
20000190	m20_00_00_00
20000200	m20_00_00_00
20000210	m20_00_00_00
20000220	m20_00_00_00
20000230	m20_00_00_00
20000240	m20_00_00_00
20000250	m20_00_00_00
20000260	m20_00_00_00
20000270	m20_00_00_00
20000280	m20_00_00_00
20000290	m20_00_00_00
20000300	m20_00_00_00
20000310	m20_00_00_00
20000320	m20_00_00_00
20000330	m20_00_00_00
20000340	m20_00_00_00
20000350	m20_00_00_00
20000360	m20_00_00_00
20000370	m20_00_00_00
20000380	m20_00_00_00
20000390	m20_00_00_00
20000400	m20_00_00_00
20000410	m20_00_00_00
20000420	m20_00_00_00
20000430	m20_00_00_00
20000440	m20_00_00_00
20000450	m20_00_00_00
20000460	m20_00_00_00
20000470	m20_00_00_00
20000480	m20_00_00_00
20000490	m20_00_00_00
20000500	m20_00_00_00
20000510	m20_00_00_00
20000520	m20_00_00_00
20000530	m20_00_00_00
20000540	m20_00_00_00
20000550	m20_00_00_00
20000560	m20_00_00_00
20000570	m20_00_00_00
20000580	m20_00_00_00
20000590	m20_00_00_00
20000600	m20_00_00_00
20000610	m20_00_00_00
20000620	m20_00_00_00
20000630	m20_00_00_00
20000640	m20_00_00_00
20000650	m20_00_00_00
20000660	m20_00_00_00
20000670	m20_00_00_00
20000680	m20_00_00_00
20000690	m20_00_00_00
20000700	m20_00_00_00
20000710	m20_00_00_00
80600	m20_00_00_00
20000730	m20_00_00_00
20000740	m20_00_00_00
20000750	m20_00_00_00
20000760	m20_00_00_00
20000770	m20_00_00_00
20000780	m20_00_00_00
20000790	m20_00_00_00
20000800	m20_00_00_00
20000810	m20_00_00_00
20000820	m20_00_00_00
20000830	m20_00_00_00
20010000	m20_01_00_00
20010010	m20_01_00_00
20010020	m20_01_00_00
20010030	m20_01_00_00
20010040	m20_01_00_00
20010050	m20_01_00_00
20010060	m20_01_00_00
20010070	m20_01_00_00
20010080	m20_01_00_00
20010090	m20_01_00_00
20010100	m20_01_00_00
20010110	m20_01_00_00
20010120	m20_01_00_00
20010130	m20_01_00_00
20010140	m20_01_00_00
20010150	m20_01_00_00
20010160	m20_01_00_00
20010170	m20_01_00_00
20010180	m20_01_00_00
20010190	m20_01_00_00
20010200	m20_01_00_00
20010210	m20_01_00_00
20010220	m20_01_00_00
20010230	m20_01_00_00
20010240	m20_01_00_00
20010250	m20_01_00_00
20010260	m20_01_00_00
20010270	m20_01_00_00
20010280	m20_01_00_00
20010290	m20_01_00_00
20010300	m20_01_00_00
20010310	m20_01_00_00
20010320	m20_01_00_00
20010330	m20_01_00_00
20010340	m20_01_00_00
20010350	m20_01_00_00
20010360	m20_01_00_00
20010370	m20_01_00_00
20010380	m20_01_00_00
20010390	m20_01_00_00
20010400	m20_01_00_00
20010410	m20_01_00_00
20010420	m20_01_00_00
20010430	m20_01_00_00
20010440	m20_01_00_00
20010450	m20_01_00_00
20010460	m20_01_00_00
20010470	m20_01_00_00
20010480	m20_01_00_00
20010490	m20_01_00_00
20010500	m20_01_00_00
20010510	m20_01_00_00
20010520	m20_01_00_00
20010530	m20_01_00_00
20010540	m20_01_00_00
20010550	m20_01_00_00
20010560	m20_01_00_00
20010570	m20_01_00_00
20010580	m20_01_00_00
20010590	m20_01_00_00
20010600	m20_01_00_00
20010610	m20_01_00_00
20010620	m20_01_00_00
20010630	m20_01_00_00
20010640	m20_01_00_00
20010650	m20_01_00_00
20010660	m20_01_00_00
28000000	m28_00_00_00
28000010	m28_00_00_00
28000020	m28_00_00_00
28000030	m28_00_00_00
28000040	m28_00_00_00
28000050	m28_00_00_00
30000030	m30_00_00_00
30000020	m30_00_00_00
30000040	m30_00_00_00
30000010	m30_00_00_00
30030000	m30_03_00_00
30030020	m30_03_00_00
30030040	m30_03_00_00
30030030	m30_03_00_00
30030010	m30_03_00_00
30050000	m30_05_00_00
30050010	m30_05_00_00
30050040	m30_05_00_00
30050030	m30_05_00_00
30130150	m30_13_00_00
30130140	m30_13_00_00
30130100	m30_13_00_00
30130110	m30_13_00_00
30130120	m30_13_00_00
30130130	m30_13_00_00
30130010	m30_13_00_00
30130040	m30_13_00_00
30130020	m30_13_00_00
30130030	m30_13_00_00
31000000	m31_00_00_00
31000010	m31_00_00_00
31000030	m31_00_00_00
31010000	m31_01_00_00
31010010	m31_01_00_00
31010020	m31_01_00_00
31010030	m31_01_00_00
31010040	m31_01_00_00
31010100	m31_01_00_00
31040000	m31_04_00_00
31040010	m31_04_00_00
31040020	m31_04_00_00
31040030	m31_04_00_00
31040040	m31_04_00_00
31040050	m31_04_00_00
31040060	m31_04_00_00
31050000	m31_05_00_00
31050010	m31_05_00_00
31050020	m31_05_00_00
31050030	m31_05_00_00
31050040	m31_05_00_00
31050050	m31_05_00_00
31050060	m31_05_00_00
31050100	m31_05_00_00
31050070	m31_05_00_00
31150010	m31_15_00_00
31150020	m31_15_00_00
31170010	m31_17_00_00
31170020	m31_17_00_00
31170040	m31_17_00_00
31170030	m31_17_00_00
31170050	m31_17_00_00
31170060	m31_17_00_00
31170070	m31_17_00_00
31170080	m31_17_00_00
31180030	m31_18_00_00
31180040	m31_18_00_00
31180050	m31_18_00_00
31180060	m31_18_00_00
31180070	m31_18_00_00
31180080	m31_18_00_00
31180000	m31_18_00_00
31180010	m31_18_00_00
31180020	m31_18_00_00
31190200	m31_19_00_00
31190210	m31_19_00_00
31190000	m31_19_00_00
31190010	m31_19_00_00
31190030	m31_19_00_00
31190040	m31_19_00_00
31190050	m31_19_00_00
31190060	m31_19_00_00
31190080	m31_19_00_00
31190090	m31_19_00_00
31190100	m31_19_00_00
31190110	m31_19_00_00
31190120	m31_19_00_00
31190130	m31_19_00_00
31200000	m31_20_00_00
31200010	m31_20_00_00
31200020	m31_20_00_00
31200030	m31_20_00_00
31210350	m31_21_00_00
31210000	m31_21_00_00
31210030	m31_21_00_00
31210040	m31_21_00_00
31210070	m31_21_00_00
31210080	m31_21_00_00
31210090	m31_21_00_00
31210100	m31_21_00_00
31210110	m31_21_00_00
31210120	m31_21_00_00
31210140	m31_21_00_00
31210150	m31_21_00_00
31210160	m31_21_00_00
31210190	m31_21_00_00
31210210	m31_21_00_00
31210200	m31_21_00_00
31210400	m31_21_00_00
31220000	m31_22_00_00
31220010	m31_22_00_00
31220020	m31_22_00_00
31220030	m31_22_00_00
31220040	m31_22_00_00
31220050	m31_22_00_00
31220060	m31_22_00_00
31220070	m31_22_00_00
31220080	m31_22_00_00
32000000	m32_00_00_00
32000010	m32_00_00_00
32000020	m32_00_00_00
32000030	m32_00_00_00
32000040	m32_00_00_00
32000050	m32_00_00_00
32000060	m32_00_00_00
32000070	m32_00_00_00
32000900	m32_00_00_00
32010000	m32_01_00_00
32010010	m32_01_00_00
32010020	m32_01_00_00
32010030	m32_01_00_00
32010040	m32_01_00_00
32020000	m32_02_00_00
32020010	m32_02_00_00
32020020	m32_02_00_00
32020030	m32_02_00_00
32020040	m32_02_00_00
32020050	m32_02_00_00
32020060	m32_02_00_00
32020070	m32_02_00_00
32020900	m32_02_00_00
32040000	m32_04_00_00
32040010	m32_04_00_00
32040020	m32_04_00_00
32040030	m32_04_00_00
32040040	m32_04_00_00
32040050	m32_04_00_00
32050900	m32_05_00_00
32050000	m32_05_00_00
32050010	m32_05_00_00
32050020	m32_05_00_00
32050030	m32_05_00_00
32050040	m32_05_00_00
32050910	m32_05_00_00
32070000	m32_07_00_00
32070000	m32_07_00_00
32070010	m32_07_00_00
32070010	m32_07_00_00
32070020	m32_07_00_00
32070030	m32_07_00_00
32070040	m32_07_00_00
32070050	m32_07_00_00
32070060	m32_07_00_00
32070070	m32_07_00_00
32070080	m32_07_00_00
32080000	m32_08_00_00
32080010	m32_08_00_00
32080020	m32_08_00_00
32080030	m32_08_00_00
32080040	m32_08_00_00
32080050	m32_08_00_00
32080060	m32_08_00_00
32080070	m32_08_00_00
32080080	m32_08_00_00
32080090	m32_08_00_00
32080100	m32_08_00_00
32080110	m32_08_00_00
32080120	m32_08_00_00
32080900	m32_08_00_00
32080910	m32_08_00_00
32110000	m32_11_00_00
32110010	m32_11_00_00
32110020	m32_11_00_00
32110030	m32_11_00_00
32110040	m32_11_00_00
32110050	m32_11_00_00
32110060	m32_11_00_00
32110070	m32_11_00_00
32110080	m32_11_00_00
34100000	m34_10_00_00
34100010	m34_10_00_00
34100020	m34_10_00_00
34100030	m34_10_00_00
34100040	m34_10_00_00
34100050	m34_10_00_00
34100060	m34_10_00_00
34100070	m34_10_00_00
34100080	m34_10_00_00
34100090	m34_10_00_00
34100100	m34_10_00_00
34100110	m34_10_00_00
34110200	m34_11_00_00
34110500	m34_11_00_00
34110000	m34_11_00_00
34110010	m34_11_00_00
34110020	m34_11_00_00
34110030	m34_11_00_00
34110040	m34_11_00_00
34110050	m34_11_00_00
34110060	m34_11_00_00
34110070	m34_11_00_00
34110080	m34_11_00_00
34110100	m34_11_00_00
34110110	m34_11_00_00
34110120	m34_11_00_00
34110130	m34_11_00_00
34110140	m34_11_00_00
34120000	m34_12_00_00
34120010	m34_12_00_00
34120020	m34_12_00_00
34120030	m34_12_00_00
34120040	m34_12_00_00
34120050	m34_12_00_00
34120060	m34_12_00_00
34120070	m34_12_00_00
34120080	m34_12_00_00
34120090	m34_12_00_00
34120100	m34_12_00_00
34120110	m34_12_00_00
34120120	m34_12_00_00
34120130	m34_12_00_00
34120140	m34_12_00_00
34120150	m34_12_00_00
34120160	m34_12_00_00
34120900	m34_12_00_00
34130000	m34_13_00_00
34130010	m34_13_00_00
34130020	m34_13_00_00
34130900	m34_13_00_00
34140800	m34_14_00_00
34140810	m34_14_00_00
34140000	m34_14_00_00
34140010	m34_14_00_00
34140020	m34_14_00_00
35000040	m35_00_00_00
35000050	m35_00_00_00
35000220	m35_00_00_00
35000340	m35_00_00_00
35000720	m35_00_00_00
35000940	m35_00_00_00
4920	m35_00_00_00
35000310	m35_00_00_00
35000800	m35_00_00_00
35000900	m35_00_00_00
35000110	m35_00_00_00
35000910	m35_00_00_00
35000950	m35_00_00_00
35000930	m35_00_00_00
35000000	m35_00_00_00
35000000	m35_00_00_00
35000030	m35_00_00_00
35000040	m35_00_00_00
35000080	m35_00_00_00
35000090	m35_00_00_00
35000120	m35_00_00_00
35000130	m35_00_00_00
35000150	m35_00_00_00
35000160	m35_00_00_00
35000170	m35_00_00_00
35000180	m35_00_00_00
35000190	m35_00_00_00
35000200	m35_00_00_00
35000210	m35_00_00_00
35000240	m35_00_00_00
35000250	m35_00_00_00
35000260	m35_00_00_00
35000270	m35_00_00_00
35000280	m35_00_00_00
35000300	m35_00_00_00
35000310	m35_00_00_00
35000320	m35_00_00_00
35000330	m35_00_00_00
35000350	m35_00_00_00
35000370	m35_00_00_00
35000380	m35_00_00_00
35000390	m35_00_00_00
35000400	m35_00_00_00
35000410	m35_00_00_00
35000420	m35_00_00_00
35000430	m35_00_00_00
35000450	m35_00_00_00
35000460	m35_00_00_00
35000470	m35_00_00_00
35000480	m35_00_00_00
35000500	m35_00_00_00
35000510	m35_00_00_00
35000530	m35_00_00_00
35000540	m35_00_00_00
35000550	m35_00_00_00
35000560	m35_00_00_00
35000570	m35_00_00_00
35000590	m35_00_00_00
35000600	m35_00_00_00
35000610	m35_00_00_00
35000630	m35_00_00_00
35000650	m35_00_00_00
35000660	m35_00_00_00
35000670	m35_00_00_00
35000680	m35_00_00_00
35000710	m35_00_00_00
35000730	m35_00_00_00
35000740	m35_00_00_00
35000060	m35_00_00_00
35000070	m35_00_00_00
35000770	m35_00_00_00
35000780	m35_00_00_00
35000700	m35_00_00_00
42010010	m42_01_00_00
42010020	m42_01_00_00
42010040	m42_01_00_00
42010030	m42_01_00_00
42030100	m42_03_00_00
42030110	m42_03_00_00
42030120	m42_03_00_00
42030130	m42_03_00_00
42030140	m42_03_00_00
42030150	m42_03_00_00
42030160	m42_03_00_00
42030170	m42_03_00_00
42030180	m42_03_00_00
1042371120	m60_10_09_02
942370070	m60_10_09_02
942370060	m60_10_09_02
1042390010	m60_10_09_02
1045520000	m60_11_13_02
1048550900	m60_12_13_02
1049540900	m60_12_13_02
1033400100	m60_33_40_00
1033410000	m60_33_41_00
1033410010	m60_33_41_00
1033410020	m60_33_41_00
1034420000	m60_34_42_00
1034420010	m60_34_42_00
1034420020	m60_34_42_00
1034420030	m60_34_42_00
1034420040	m60_34_42_00
1034420050	m60_34_42_00
1034420060	m60_34_42_00
1034420100	m60_34_42_00
1034430300	m60_34_43_00
1034430000	m60_34_43_00
1034430100	m60_34_43_00
1034440000	m60_34_44_00
1034440010	m60_34_44_00
1034440900	m60_34_44_00
1034450100	m60_34_45_00
1034450010	m60_34_45_00
1034450020	m60_34_45_00
1034460100	m60_34_46_00
1034470000	m60_34_47_00
1034471500	m60_34_47_00
1034471010	m60_34_47_00
1034471020	m60_34_47_00
1034471030	m60_34_47_00
1034471040	m60_34_47_00
1034471050	m60_34_47_00
1034471060	m60_34_47_00
1034471070	m60_34_47_00
1034471080	m60_34_47_00
1034471090	m60_34_47_00
1034471100	m60_34_47_00
1034471110	m60_34_47_00
1034471120	m60_34_47_00
1034480200	m60_34_48_00
1034480000	m60_34_48_00
1034480010	m60_34_48_00
1034480100	m60_34_48_00
934490010	m60_34_49_00
1034500090	m60_34_50_00
1034500100	m60_34_50_00
1034500010	m60_34_50_00
1034500020	m60_34_50_00
1034500030	m60_34_50_00
1034500040	m60_34_50_00
1034500050	m60_34_50_00
1034500060	m60_34_50_00
1034500070	m60_34_50_00
1034500080	m60_34_50_00
1034510900	m60_34_51_00
1035410000	m60_35_41_00
1035410010	m60_35_41_00
1035410100	m60_35_41_00
1035410110	m60_35_41_00
1035430010	m60_35_43_00
1035440110	m60_35_44_00
1035440000	m60_35_44_00
1035440200	m60_35_44_00
1035440120	m60_35_44_00
1035440010	m60_35_44_00
1035440020	m60_35_44_00
1035440030	m60_35_44_00
1035440040	m60_35_44_00
1035440050	m60_35_44_00
1035440060	m60_35_44_00
1035440070	m60_35_44_00
1035440080	m60_35_44_00
1035440090	m60_35_44_00
1035440100	m60_35_44_00
1035470010	m60_35_47_00
1035470100	m60_35_47_00
1035480010	m60_35_48_00
1035480020	m60_35_48_00
1035480030	m60_35_48_00
1035520020	m60_35_52_00
1035520030	m60_35_52_00
1035520040	m60_35_52_00
1035520010	m60_35_52_00
1035530000	m60_35_53_00
1035530010	m60_35_53_00
1035530030	m60_35_53_00
1035530040	m60_35_53_00
1035530050	m60_35_53_00
1035540050	m60_35_54_00
1035540060	m60_35_54_00
1035540070	m60_35_54_00
1035540010	m60_35_54_00
1035540000	m60_35_54_00
1035540020	m60_35_54_00
1035540030	m60_35_54_00
1036410030	m60_36_41_00
1036410000	m60_36_41_00
1036410010	m60_36_41_00
1036410020	m60_36_41_00
1036480000	m60_36_48_00
1036520060	m60_36_52_00
1036520000	m60_36_52_00
1036520040	m60_36_52_00
1036520050	m60_36_52_00
1036520010	m60_36_52_00
1036520020	m60_36_52_00
1036520030	m60_36_52_00
1036520070	m60_36_52_00
1036530000	m60_36_53_00
1036540500	m60_36_54_00
1036540400	m60_36_54_00
1036540040	m60_36_54_00
1036540010	m60_36_54_00
1036540000	m60_36_54_00
1036540030	m60_36_54_00
1036540050	m60_36_54_00
1036540020	m60_36_54_00
1037410010	m60_37_41_00
1037440210	m60_37_44_00
1037440000	m60_37_44_00
1037440010	m60_37_44_00
1037460010	m60_37_46_00
1037460000	m60_37_46_00
1037470000	m60_37_47_00
1037470020	m60_37_47_00
1037470030	m60_37_47_00
1037470010	m60_37_47_00
1037480000	m60_37_48_00
1037480010	m60_37_48_00
1037480020	m60_37_48_00
1037480030	m60_37_48_00
1037480040	m60_37_48_00
1037480050	m60_37_48_00
1037480060	m60_37_48_00
1037480070	m60_37_48_00
1037480080	m60_37_48_00
1037490100	m60_37_49_00
1037490030	m60_37_49_00
1037490000	m60_37_49_00
1037490010	m60_37_49_00
1037490020	m60_37_49_00
1037490200	m60_37_49_00
1037500100	m60_37_50_00
1037500000	m60_37_50_00
1037510000	m60_37_51_00
1037510010	m60_37_51_00
1037510020	m60_37_51_00
1037520080	m60_37_52_00
1037520100	m60_37_52_00
1037520070	m60_37_52_00
1037520020	m60_37_52_00
1037520030	m60_37_52_00
1037520040	m60_37_52_00
1037520050	m60_37_52_00
1037520060	m60_37_52_00
1037520090	m60_37_52_00
1037530400	m60_37_53_00
1037530010	m60_37_53_00
1037530020	m60_37_53_00
1037530000	m60_37_53_00
1037540050	m60_37_54_00
1037540120	m60_37_54_00
1037540130	m60_37_54_00
1037540140	m60_37_54_00
1037540070	m60_37_54_00
1037540060	m60_37_54_00
1037540080	m60_37_54_00
1037540090	m60_37_54_00
1037540100	m60_37_54_00
1037540000	m60_37_54_00
1037540010	m60_37_54_00
1037540030	m60_37_54_00
1037540020	m60_37_54_00
1037540150	m60_37_54_00
1037540110	m60_37_54_00
1037540040	m60_37_54_00
1037550000	m60_37_55_00
900002000	m60_38_39_00
1038390000	m60_38_39_00
1038400000	m60_38_40_00
1038400010	m60_38_40_00
1038410200	m60_38_41_00
1038410000	m60_38_41_00
1038410010	m60_38_41_00
1038420000	m60_38_42_00
1038420010	m60_38_42_00
1038420020	m60_38_42_00
1038420100	m60_38_42_00
1038430000	m60_38_43_00
1038430010	m60_38_43_00
1038430020	m60_38_43_00
1038440040	m60_38_44_00
1038440030	m60_38_44_00
1038450030	m60_38_45_00
1038450000	m60_38_45_00
1038450010	m60_38_45_00
1038450020	m60_38_45_00
1038460000	m60_38_46_00
1038480040	m60_38_48_00
1038480000	m60_38_48_00
1038480020	m60_38_48_00
1038480030	m60_38_48_00
1038480100	m60_38_48_00
1038480120	m60_38_48_00
1038480130	m60_38_48_00
1038500000	m60_38_50_00
1038500010	m60_38_50_00
1038520010	m60_38_52_00
1038520020	m60_38_52_00
1038520030	m60_38_52_00
1038520040	m60_38_52_00
1038520050	m60_38_52_00
1038520060	m60_38_52_00
1038520070	m60_38_52_00
1038520000	m60_38_52_00
1038540080	m60_38_54_00
1038540060	m60_38_54_00
1038540070	m60_38_54_00
1038540000	m60_38_54_00
1038540010	m60_38_54_00
1038540020	m60_38_54_00
1038540050	m60_38_54_00
1038540090	m60_38_54_00
1038540110	m60_38_54_00
1038540030	m60_38_54_00
1039390000	m60_39_39_00
1039400000	m60_39_40_00
1039420100	m60_39_42_00
1039420000	m60_39_42_00
1039420010	m60_39_42_00
1039420020	m60_39_42_00
1039420030	m60_39_42_00
1039420040	m60_39_42_00
1039420050	m60_39_42_00
1039430100	m60_39_43_00
1039430010	m60_39_43_00
1039430020	m60_39_43_00
1039430030	m60_39_43_00
1039430040	m60_39_43_00
1039430050	m60_39_43_00
1039430060	m60_39_43_00
1039440100	m60_39_44_00
1039440110	m60_39_44_00
1039440120	m60_39_44_00
1039440130	m60_39_44_00
1039440140	m60_39_44_00
1039440000	m60_39_44_00
1039440010	m60_39_44_00
1039440020	m60_39_44_00
1039440030	m60_39_44_00
1039440040	m60_39_44_00
1039480000	m60_39_48_00
1039480100	m60_39_48_00
1039510400	m60_39_51_00
1039510000	m60_39_51_00
1039510010	m60_39_51_00
1039510020	m60_39_51_00
1039510030	m60_39_51_00
1039510040	m60_39_51_00
1039530000	m60_39_53_00
1039530010	m60_39_53_00
1039530020	m60_39_53_00
1039530030	m60_39_53_00
1039530040	m60_39_53_00
1039530050	m60_39_53_00
1039530060	m60_39_53_00
1039530070	m60_39_53_00
1040380000	m60_40_38_00
1040390000	m60_40_39_00
1040500000	m60_40_50_00
1040510400	m60_40_51_00
1040510000	m60_40_51_00
1040510010	m60_40_51_00
1040510020	m60_40_51_00
1040510030	m60_40_51_00
1040510040	m60_40_51_00
1040530000	m60_40_53_00
1040530010	m60_40_53_00
1040530020	m60_40_53_00
1040530030	m60_40_53_00
1040530040	m60_40_53_00
1040530050	m60_40_53_00
1040530060	m60_40_53_00
1040540010	m60_40_54_00
1040540030	m60_40_54_00
1040540070	m60_40_54_00
1040540080	m60_40_54_00
1040540090	m60_40_54_00
1040550000	m60_40_55_00
1041320000	m60_41_32_00
1041320010	m60_41_32_00
1041320020	m60_41_32_00
1041320030	m60_41_32_00
1041320040	m60_41_32_00
1041320050	m60_41_32_00
1041510000	m60_41_51_00
1041510010	m60_41_51_00
1041510020	m60_41_51_00
1041510030	m60_41_51_00
1041520000	m60_41_52_00
1041520010	m60_41_52_00
1041520020	m60_41_52_00
1041520030	m60_41_52_00
1041520040	m60_41_52_00
1041520070	m60_41_52_00
1041520080	m60_41_52_00
1041520090	m60_41_52_00
80320	m60_41_52_00
1042320020	m60_42_32_00
1042320100	m60_42_32_00
1042320000	m60_42_32_00
1042330000	m60_42_33_00
1042340000	m60_42_34_00
1042340010	m60_42_34_00
1042340020	m60_42_34_00
1042340030	m60_42_34_00
1042340100	m60_42_34_00
80340	m60_42_35_00
1042350000	m60_42_35_00
1042350010	m60_42_35_00
1042350020	m60_42_35_00
1042350030	m60_42_35_00
1042360060	m60_42_36_00
1042360030	m60_42_36_00
1042360040	m60_42_36_00
1042360010	m60_42_36_00
1042360000	m60_42_36_00
1042360050	m60_42_36_00
1042370200	m60_42_37_00
1042370000	m60_42_37_00
1042370010	m60_42_37_00
1042371300	m60_42_37_00
1042371010	m60_42_37_00
1042380600	m60_42_38_00
1042380000	m60_42_38_00
1042380010	m60_42_38_00
1042380020	m60_42_38_00
1042380030	m60_42_38_00
1042380040	m60_42_38_00
1042380050	m60_42_38_00
1042380070	m60_42_38_00
1042380080	m60_42_38_00
1042380090	m60_42_38_00
1042380100	m60_42_38_00
1042380110	m60_42_38_00
1042380120	m60_42_38_00
1042380140	m60_42_38_00
1042382000	m60_42_38_00
1042400000	m60_42_40_00
1042510500	m60_42_51_00
1042510410	m60_42_51_00
1042510400	m60_42_51_00
1042510000	m60_42_51_00
1043300000	m60_43_30_00
1043300010	m60_43_30_00
1043300020	m60_43_30_00
1043310000	m60_43_31_00
1043310010	m60_43_31_00
1043310020	m60_43_31_00
1043310030	m60_43_31_00
1043310040	m60_43_31_00
1043310050	m60_43_31_00
1043310060	m60_43_31_00
1043310070	m60_43_31_00
1043310080	m60_43_31_00
1043310090	m60_43_31_00
1043310100	m60_43_31_00
1043310110	m60_43_31_00
1043310120	m60_43_31_00
1043310130	m60_43_31_00
1043310140	m60_43_31_00
1043310150	m60_43_31_00
1043310160	m60_43_31_00
1043310170	m60_43_31_00
1043310180	m60_43_31_00
1043310190	m60_43_31_00
1043310200	m60_43_31_00
1043310210	m60_43_31_00
1043310220	m60_43_31_00
1043310230	m60_43_31_00
1043310240	m60_43_31_00
1043310250	m60_43_31_00
1043310260	m60_43_31_00
1043310270	m60_43_31_00
1043310280	m60_43_31_00
1043310290	m60_43_31_00
1043310300	m60_43_31_00
1043310310	m60_43_31_00
1043310320	m60_43_31_00
1043310330	m60_43_31_00
1043310340	m60_43_31_00
1043310350	m60_43_31_00
1043310360	m60_43_31_00
1043310370	m60_43_31_00
1043310900	m60_43_31_00
1043310910	m60_43_31_00
1043310400	m60_43_31_00
1043340020	m60_43_34_00
1043340000	m60_43_34_00
1043340040	m60_43_34_00
1043340050	m60_43_34_00
1043340100	m60_43_34_00
1043350100	m60_43_35_00
1043350000	m60_43_35_00
1043350010	m60_43_35_00
1043350020	m60_43_35_00
1043350030	m60_43_35_00
80300	m60_43_36_00
1043360010	m60_43_36_00
1043360020	m60_43_36_00
1043360030	m60_43_36_00
1043360040	m60_43_36_00
1043360070	m60_43_36_00
1043361010	m60_43_36_00
1043361000	m60_43_36_00
1043360050	m60_43_36_00
1043380000	m60_43_38_00
1043380010	m60_43_38_00
1043380020	m60_43_38_00
1043400000	m60_43_40_00
1043400010	m60_43_40_00
1043500000	m60_43_50_00
1043500010	m60_43_50_00
1043500030	m60_43_50_00
1043520400	m60_43_52_00
1043520410	m60_43_52_00
1043520000	m60_43_52_00
1043520030	m60_43_52_00
1044310040	m60_44_31_00
1044310020	m60_44_31_00
1044310030	m60_44_31_00
1044310010	m60_44_31_00
1044320000	m60_44_32_00
1044320020	m60_44_32_00
1044320010	m60_44_32_00
1044320040	m60_44_32_00
1044320030	m60_44_32_00
1044330100	m60_44_33_00
1044330000	m60_44_33_00
1044330030	m60_44_33_00
1044330040	m60_44_33_00
1044330050	m60_44_33_00
1044330060	m60_44_33_00
1044330070	m60_44_33_00
1044330080	m60_44_33_00
1044330200	m60_44_33_00
1044330020	m60_44_33_00
1044360000	m60_44_36_00
1044360010	m60_44_36_00
1044360020	m60_44_36_00
1044360030	m60_44_36_00
1044360040	m60_44_36_00
1044360100	m60_44_36_00
1044360300	m60_44_36_00
1044360310	m60_44_36_00
1044360320	m60_44_36_00
1044360330	m60_44_36_00
1044360340	m60_44_36_00
1044360000	m60_44_36_10
1044360010	m60_44_36_10
1044360020	m60_44_36_10
1044360030	m60_44_36_10
1044360040	m60_44_36_10
1044360100	m60_44_36_10
1044360300	m60_44_36_10
1044360310	m60_44_36_10
1044360320	m60_44_36_10
1044360330	m60_44_36_10
1044360340	m60_44_36_10
1044370000	m60_44_37_00
1044370010	m60_44_37_00
1044370020	m60_44_37_00
1044372000	m60_44_37_00
1044370000	m60_44_37_10
1044370010	m60_44_37_10
1044370020	m60_44_37_10
1044372000	m60_44_37_10
1044380010	m60_44_38_00
1044380040	m60_44_38_00
1044380100	m60_44_38_00
1044380010	m60_44_38_10
1044380040	m60_44_38_10
1044380100	m60_44_38_10
944390010	m60_44_39_00
944390010	m60_44_39_10
1044520000	m60_44_52_00
1044520010	m60_44_52_00
1044520020	m60_44_52_00
1044520000	m60_44_52_10
1044520010	m60_44_52_10
1044520020	m60_44_52_10
1044530210	m60_44_53_00
1044530200	m60_44_53_00
1044530010	m60_44_53_00
1045330000	m60_45_33_00
1045330100	m60_45_33_00
1045520010	m60_45_52_00
1045520020	m60_45_52_00
1045520030	m60_45_52_00
1046360100	m60_46_36_00
90210	m60_46_36_00
1046360000	m60_46_36_00
1046360010	m60_46_36_00
1046360020	m60_46_36_00
1046360030	m60_46_36_00
1046360500	m60_46_36_00
1046360100	m60_46_36_10
90210	m60_46_36_10
1046360000	m60_46_36_10
1046360010	m60_46_36_10
1046360020	m60_46_36_10
1046360030	m60_46_36_10
1046360500	m60_46_36_10
1046370000	m60_46_37_00
1046370000	m60_46_37_10
1046380100	m60_46_38_00
1046380300	m60_46_38_00
1046380010	m60_46_38_00
1046380100	m60_46_38_10
1046380300	m60_46_38_10
1046380010	m60_46_38_10
1046390000	m60_46_39_00
1046390010	m60_46_39_00
1046390020	m60_46_39_00
1046390000	m60_46_39_10
1046390010	m60_46_39_10
1046390020	m60_46_39_10
1046400000	m60_46_40_00
1046400010	m60_46_40_00
1046400020	m60_46_40_00
1046400030	m60_46_40_00
1046400040	m60_46_40_00
1046400050	m60_46_40_00
1046400060	m60_46_40_00
1046570800	m60_46_57_00
1046570300	m60_46_57_00
1047370050	m60_47_37_00
1047370000	m60_47_37_00
1047370010	m60_47_37_00
1047370020	m60_47_37_00
1047370030	m60_47_37_00
1047370040	m60_47_37_00
1047370050	m60_47_37_10
1047370000	m60_47_37_10
1047370010	m60_47_37_10
1047370020	m60_47_37_10
1047370030	m60_47_37_10
1047370040	m60_47_37_10
1047380020	m60_47_38_00
1047380030	m60_47_38_00
1047380040	m60_47_38_00
1047380070	m60_47_38_00
1047380080	m60_47_38_00
1047380100	m60_47_38_00
1047380110	m60_47_38_00
1047380120	m60_47_38_00
1047380130	m60_47_38_00
1047380900	m60_47_38_00
1047380910	m60_47_38_00
1047380920	m60_47_38_00
1047510000	m60_47_51_00
1047510010	m60_47_51_00
1047510300	m60_47_51_00
1047550900	m60_47_55_00
1047550000	m60_47_55_00
1047550010	m60_47_55_00
1047550020	m60_47_55_00
1047550030	m60_47_55_00
1047550900	m60_47_55_10
1047550000	m60_47_55_10
1047550010	m60_47_55_10
1047550020	m60_47_55_10
1047550030	m60_47_55_10
1047560000	m60_47_56_00
1047560300	m60_47_56_00
1047560310	m60_47_56_00
1047560330	m60_47_56_00
1047570300	m60_47_57_00
1047570310	m60_47_57_00
1047580800	m60_47_58_00
1047580000	m60_47_58_00
1048360000	m60_48_36_00
1048370000	m60_48_37_00
1048370020	m60_48_37_00
1048370030	m60_48_37_00
1048380000	m60_48_38_00
1048380010	m60_48_38_00
1048380020	m60_48_38_00
948380020	m60_48_38_00
948380030	m60_48_38_00
948380010	m60_48_38_00
1048390000	m60_48_39_00
1048390010	m60_48_39_00
1048390040	m60_48_39_00
1048390050	m60_48_39_00
1048390900	m60_48_39_00
1048510000	m60_48_51_00
1048540800	m60_48_54_00
1048540810	m60_48_54_00
1048540820	m60_48_54_00
1048540830	m60_48_54_00
1048540840	m60_48_54_00
1048550600	m60_48_55_00
1048550300	m60_48_55_00
1048560700	m60_48_56_00
1048560300	m60_48_56_00
1048570800	m60_48_57_00
1048570810	m60_48_57_00
1048570000	m60_48_57_00
1048570010	m60_48_57_00
1048570020	m60_48_57_00
1048570030	m60_48_57_00
1048570040	m60_48_57_00
1048570050	m60_48_57_00
1048570060	m60_48_57_00
1048570070	m60_48_57_00
1048570080	m60_48_57_00
1048570090	m60_48_57_00
1048570300	m60_48_57_00
1048570310	m60_48_57_00
1048580300	m60_48_58_00
1049360000	m60_49_36_00
1049360010	m60_49_36_00
1049370000	m60_49_37_00
1049370500	m60_49_37_00
1049370020	m60_49_37_00
1049370010	m60_49_37_00
1049370050	m60_49_37_00
1049370070	m60_49_37_00
1049400500	m60_49_40_00
1049400040	m60_49_40_00
1049400000	m60_49_40_00
1049400010	m60_49_40_00
1049400020	m60_49_40_00
1049410040	m60_49_41_00
1049410070	m60_49_41_00
1049410080	m60_49_41_00
1049410090	m60_49_41_00
1049410100	m60_49_41_00
1049520800	m60_49_52_00
1049520000	m60_49_52_00
1049530700	m60_49_53_00
1049530900	m60_49_53_00
1049530000	m60_49_53_00
1049530010	m60_49_53_00
1049530020	m60_49_53_00
1049530030	m60_49_53_00
1049530300	m60_49_53_00
1049540800	m60_49_54_00
1049540300	m60_49_54_00
1049540310	m60_49_54_00
1049570000	m60_49_57_00
1050360000	m60_50_36_00
1050360900	m60_50_36_00
1050380020	m60_50_38_00
1050380000	m60_50_38_00
1050380010	m60_50_38_00
1050390100	m60_50_39_00
1050390060	m60_50_39_00
1050390000	m60_50_39_00
1050390010	m60_50_39_00
1050390020	m60_50_39_00
1050390030	m60_50_39_00
1050390040	m60_50_39_00
1050390050	m60_50_39_00
1050390070	m60_50_39_00
1050390090	m60_50_39_00
1050390900	m60_50_39_00
1050390910	m60_50_39_00
1050530000	m60_50_53_00
1050530300	m60_50_53_00
1050540800	m60_50_54_00
1050540810	m60_50_54_00
1050540000	m60_50_54_00
1050550800	m60_50_55_00
1050550300	m60_50_55_00
1050550310	m60_50_55_00
1050550320	m60_50_55_00
1050550900	m60_50_55_00
1050560800	m60_50_56_00
80330	m60_50_56_00
1050560820	m60_50_56_00
1050560500	m60_50_56_00
1050560510	m60_50_56_00
1050560520	m60_50_56_00
1050560600	m60_50_56_00
1050560620	m60_50_56_00
1050560300	m60_50_56_00
1050570800	m60_50_57_00
1050570300	m60_50_57_00
1051350000	m60_51_35_00
1051360000	m60_51_36_00
1051360010	m60_51_36_00
1051360020	m60_51_36_00
1051360030	m60_51_36_00
1051360040	m60_51_36_00
1051360050	m60_51_36_00
1051360060	m60_51_36_00
1051360070	m60_51_36_00
1051360080	m60_51_36_00
1051360090	m60_51_36_00
1051360100	m60_51_36_00
1051360110	m60_51_36_00
1051360120	m60_51_36_00
1051360130	m60_51_36_00
1051360910	m60_51_36_00
1051380000	m60_51_38_00
1051380010	m60_51_38_00
1051380020	m60_51_38_00
1051390040	m60_51_39_00
1051390050	m60_51_39_00
1051390060	m60_51_39_00
1051390900	m60_51_39_00
80360	m60_51_40_00
1051400040	m60_51_40_00
1051530800	m60_51_53_00
1051530810	m60_51_53_00
1051530010	m60_51_53_00
1051530000	m60_51_53_00
1051530600	m60_51_53_00
1051530300	m60_51_53_00
1051540800	m60_51_54_00
1051540000	m60_51_54_00
1051550300	m60_51_55_00
1051550310	m60_51_55_00
1051550320	m60_51_55_00
1051550330	m60_51_55_00
1051560800	m60_51_56_00
1051560810	m60_51_56_00
1051560900	m60_51_56_00
1051560020	m60_51_56_00
1051560030	m60_51_56_00
1051560300	m60_51_56_00
1051560310	m60_51_56_00
1051560320	m60_51_56_00
1051570230	m60_51_57_00
1051570000	m60_51_57_00
1051570010	m60_51_57_00
1051570020	m60_51_57_00
1051570030	m60_51_57_00
1051570040	m60_51_57_00
1051570050	m60_51_57_00
1051570060	m60_51_57_00
1051570070	m60_51_57_00
1051570080	m60_51_57_00
1051570090	m60_51_57_00
1051570100	m60_51_57_00
1051570110	m60_51_57_00
1051570120	m60_51_57_00
1051570130	m60_51_57_00
1051570140	m60_51_57_00
1051570150	m60_51_57_00
1051570160	m60_51_57_00
1051570170	m60_51_57_00
1051570180	m60_51_57_00
1051570190	m60_51_57_00
1051570200	m60_51_57_00
1051570220	m60_51_57_00
1051570210	m60_51_57_00
1051570600	m60_51_57_00
1051570300	m60_51_57_00
1052410000	m60_52_41_00
1052410010	m60_52_41_00
1052410020	m60_52_41_00
1052410030	m60_52_41_00
1052410900	m60_52_41_00
1052430000	m60_52_43_00
1052530800	m60_52_53_00
1052530000	m60_52_53_00
1052540700	m60_52_54_00
1052540790	m60_52_54_00
1052540800	m60_52_54_00
1052540000	m60_52_54_00
1052540010	m60_52_54_00
1052540020	m60_52_54_00
1052550800	m60_52_55_00
1052550900	m60_52_55_00
1052550000	m60_52_55_00
1052550010	m60_52_55_00
1052550020	m60_52_55_00
1052550030	m60_52_55_00
1052550300	m60_52_55_00
1052550310	m60_52_55_00
1052560300	m60_52_56_00
1052560310	m60_52_56_00
1053560800	m60_53_56_00
1053560810	m60_53_56_00
1053560300	m60_53_56_00
1053560310	m60_53_56_00
1053570300	m60_53_57_00
1054550800	m60_54_55_00
1054550000	m60_54_55_00
1054550310	m60_54_55_00
1054560000	m60_54_56_00
2044410000	m61_44_41_00
2044450000	m61_44_45_00
2044450010	m61_44_45_00
2044450020	m61_44_45_00
2044450900	m61_44_45_00
2044460000	m61_44_46_00
2044460000	m61_44_46_00
2044460010	m61_44_46_00
2044460020	m61_44_46_00
2044460030	m61_44_46_00
2044460040	m61_44_46_00
2044460050	m61_44_46_00
2044460060	m61_44_46_00
2044460070	m61_44_46_00
2044460080	m61_44_46_00
2044460090	m61_44_46_00
2044460100	m61_44_46_00
2044460110	m61_44_46_00
2045410700	m61_45_41_00
2045410710	m61_45_41_00
2045410900	m61_45_41_00
2045410000	m61_45_41_00
2045410010	m61_45_41_00
2045410020	m61_45_41_00
2045410030	m61_45_41_00
2045410040	m61_45_41_00
2045410050	m61_45_41_00
2045410800	m61_45_41_00
2045460000	m61_45_46_10
2045460010	m61_45_46_10
2045460020	m61_45_46_10
2045460030	m61_45_46_10
2045460040	m61_45_46_10
2045460050	m61_45_46_10
2045460060	m61_45_46_10
2045460070	m61_45_46_10
2045460080	m61_45_46_10
2045460090	m61_45_46_10
2045460900	m61_45_46_10
2045460910	m61_45_46_10
2045470000	m61_45_47_00
2045470010	m61_45_47_00
2045470020	m61_45_47_00
2045470030	m61_45_47_00
2045470040	m61_45_47_00
2045470050	m61_45_47_00
2045470060	m61_45_47_00
2045470070	m61_45_47_00
2045470000	m61_45_47_10
2045470010	m61_45_47_10
2045470020	m61_45_47_10
2045470030	m61_45_47_10
2045470040	m61_45_47_10
2045470050	m61_45_47_10
2045470060	m61_45_47_10
2045470070	m61_45_47_10
2045480700	m61_45_48_00
2045480000	m61_45_48_00
2046380000	m61_46_38_00
2046380010	m61_46_38_00
2046380020	m61_46_38_00
2046380030	m61_46_38_00
2046380040	m61_46_38_00
2046380050	m61_46_38_00
2046380060	m61_46_38_00
2046380070	m61_46_38_00
2046450710	m61_46_45_00
80410	m61_46_45_00
2046450720	m61_46_45_00
2046450000	m61_46_45_00
2046450020	m61_46_45_00
2046450030	m61_46_45_00
2046450040	m61_46_45_00
2046450050	m61_46_45_00
2046450060	m61_46_45_00
2046450070	m61_46_45_00
2046450900	m61_46_45_00
2046450910	m61_46_45_00
2046450920	m61_46_45_00
2046470700	m61_46_47_00
2046470720	m61_46_47_00
2046470150	m61_46_47_00
80600	m61_46_47_00
2046470750	m61_46_47_00
2046470000	m61_46_47_00
2046470010	m61_46_47_00
2046470020	m61_46_47_00
2046470030	m61_46_47_00
2046470040	m61_46_47_00
2046470060	m61_46_47_00
2046470070	m61_46_47_00
2046470080	m61_46_47_00
2046470090	m61_46_47_00
2046470100	m61_46_47_00
2046470120	m61_46_47_00
2046470130	m61_46_47_00
2046470140	m61_46_47_00
2046470160	m61_46_47_00
2046470700	m61_46_47_10
2046470720	m61_46_47_10
2046470150	m61_46_47_10
80600	m61_46_47_10
2046470750	m61_46_47_10
2046470000	m61_46_47_10
2046470010	m61_46_47_10
2046470020	m61_46_47_10
2046470030	m61_46_47_10
2046470040	m61_46_47_10
2046470060	m61_46_47_10
2046470070	m61_46_47_10
2046470080	m61_46_47_10
2046470090	m61_46_47_10
2046470100	m61_46_47_10
2046470120	m61_46_47_10
2046470130	m61_46_47_10
2046470140	m61_46_47_10
2046470160	m61_46_47_10
2046480700	m61_46_48_00
2046480000	m61_46_48_00
2046480010	m61_46_48_00
2047350000	m61_47_35_00
2047350010	m61_47_35_00
2047360000	m61_47_36_00
2047360010	m61_47_36_00
2047390080	m61_47_39_00
2047390000	m61_47_39_00
2047390010	m61_47_39_00
2047390020	m61_47_39_00
2047390030	m61_47_39_00
2047390040	m61_47_39_00
2047390050	m61_47_39_00
2047390090	m61_47_39_00
2047430700	m61_47_43_00
2047430000	m61_47_43_00
2047430010	m61_47_43_00
2047430020	m61_47_43_00
2047430030	m61_47_43_00
2047430040	m61_47_43_00
2047430050	m61_47_43_00
2048370010	m61_48_37_00
2048370020	m61_48_37_00
2048370030	m61_48_37_00
80600	m61_48_37_00
2048370050	m61_48_37_00
2048370040	m61_48_37_00
2048370000	m61_48_37_00
2048370060	m61_48_37_00
2048380010	m61_48_38_00
2048380030	m61_48_38_00
2048380000	m61_48_38_00
2048390000	m61_48_39_00
2048390010	m61_48_39_00
2048390020	m61_48_39_00
2048390030	m61_48_39_00
2048390040	m61_48_39_00
2048390050	m61_48_39_00
2048400020	m61_48_40_00
2048400000	m61_48_40_00
2048400010	m61_48_40_00
2048410700	m61_48_41_00
2048410000	m61_48_41_00
2048410010	m61_48_41_00
2048410030	m61_48_41_00
2048410800	m61_48_41_00
80600	m61_48_43_00
2048430700	m61_48_43_00
2048430000	m61_48_43_00
2048430010	m61_48_43_00
2048430020	m61_48_43_00
2048430030	m61_48_43_00
2048440500	m61_48_44_00
2048440000	m61_48_44_00
2048440010	m61_48_44_00
2048440020	m61_48_44_00
2048440030	m61_48_44_00
2048440040	m61_48_44_00
2048440050	m61_48_44_00
2048440060	m61_48_44_00
2048440070	m61_48_44_00
2048440080	m61_48_44_00
2048440800	m61_48_44_00
2048440810	m61_48_44_00
2048450510	m61_48_45_00
2048450520	m61_48_45_00
80600	m61_48_45_00
2048450500	m61_48_45_00
2048450000	m61_48_45_00
2048460500	m61_48_46_00
2048460510	m61_48_46_00
2048460010	m61_48_46_00
2048460020	m61_48_46_00
2048460030	m61_48_46_00
2048460040	m61_48_46_00
2048460050	m61_48_46_00
2048460060	m61_48_46_00
2048460090	m61_48_46_00
2049370000	m61_49_37_00
2049380000	m61_49_38_00
2049380010	m61_49_38_00
2049380020	m61_49_38_00
2049380030	m61_49_38_00
2049380040	m61_49_38_00
2049380050	m61_49_38_00
2049380060	m61_49_38_00
2049430200	m61_49_43_00
2049430000	m61_49_43_00
2049430210	m61_49_43_00
2049430220	m61_49_43_00
2049430230	m61_49_43_00
2049430240	m61_49_43_00
2049430250	m61_49_43_00
2049430260	m61_49_43_00
2049430270	m61_49_43_00
2049430280	m61_49_43_00
2049430290	m61_49_43_00
2049430300	m61_49_43_00
2049430310	m61_49_43_00
2049430320	m61_49_43_00
2049430330	m61_49_43_00
2049430340	m61_49_43_00
2049430350	m61_49_43_00
2049430360	m61_49_43_00
2049430370	m61_49_43_00
2049430380	m61_49_43_00
2049430600	m61_49_43_00
2049430620	m61_49_43_00
2049430400	m61_49_43_00
2049430500	m61_49_43_00
2049430510	m61_49_43_00
2049430520	m61_49_43_00
2050380010	m61_50_38_00
2050380000	m61_50_38_00
2050410000	m61_50_41_00
2050410010	m61_50_41_00
2050430500	m61_50_43_00
80600	m61_50_43_00
2050430720	m61_50_43_00
2050430000	m61_50_43_00
2050430010	m61_50_43_00
2050430220	m61_50_43_00
2050430030	m61_50_43_00
2050430040	m61_50_43_00
2050440500	m61_50_44_00
2050440710	m61_50_44_00
2050440730	m61_50_44_00
2050440000	m61_50_44_00
2050440720	m61_50_44_00
2050440010	m61_50_44_00
2050440020	m61_50_44_00
2050440030	m61_50_44_00
2050440040	m61_50_44_00
2050440050	m61_50_44_00
2050440060	m61_50_44_00
2050440070	m61_50_44_00
2050440080	m61_50_44_00
2050440090	m61_50_44_00
2050440100	m61_50_44_00
2050440110	m61_50_44_00
2050440120	m61_50_44_00
2050440130	m61_50_44_00
2050440140	m61_50_44_00
2050460800	m61_50_46_00
2050460700	m61_50_46_00
2050460710	m61_50_46_00
2050460720	m61_50_46_00
2050460730	m61_50_46_00
2050460000	m61_50_46_00
2050460020	m61_50_46_00
2050460030	m61_50_46_00
2050460040	m61_50_46_00
2050460900	m61_50_46_00
2050460910	m61_50_46_00
2050480110	m61_50_48_00
2050480120	m61_50_48_00
2050480900	m61_50_48_00
2051390000	m61_51_39_00
2052400000	m61_52_40_00
2052400010	m61_52_40_00
2052410600	m61_52_41_00
2052410000	m61_52_41_00
2052410010	m61_52_41_00
2053390010	m61_53_39_00
2053390020	m61_53_39_00
80420	m61_53_39_00
2053400000	m61_53_40_00
2053410500	m61_53_41_00
2053410000	m61_53_41_00
2053410020	m61_53_41_00
2053480000	m61_53_48_00
2053480010	m61_53_48_00
2054390000	m61_54_39_00
